function	callsite	destination	source	key_len	output_len	reason
0x1B75D8	0xC6FBC	0x2A89C0	0x2B1BD8	21	2	source-not-file-backed
0x1B7EC0	0xB6D34	0x2A8A04	0x2A94F4	24	2	source-not-file-backed
0x1B7EC0	0xC8DA8	0x2A8A04	0x2B1CFC	24	2	source-not-file-backed
0x1B7EC0	0xCA90C	0x2A8A04	0x2B250C	24	2	source-not-file-backed
0x1B7EC0	0x11BBC4	0x2A8A04	0x2C50D4	24	2	source-not-file-backed
0x1B9324	0x11FB14	0x2A8AA8	0x2C43E0	20	2	source-not-file-backed
0x1BA3E4	0x110100	0x2A8B04	0x2B3B24	20	7	source-not-file-backed
0x1BBE6C	0x1003A0	0x2A8C8C	0x2C306C	22	2	source-not-file-backed
0x1BD7D8	0xABAC4	0x2A8E8C	0x2A92F8	12	69	source-not-file-backed
0x1BDD50	0x9C524	0x2A8F68		16	5	argument-resolution
0x1BDD50	0x9C5D4	0x2A8F68		16	5	argument-resolution
0x1BDD50	0x9C764	0x2A8F68		16	5	argument-resolution
0x1BF1D0	0xB62F8	0x2A9064		25	14	argument-resolution
0x1BF714	0xB5D4C	0x2A908C		24	16	argument-resolution
0x1BF714	0xB5E00	0x2A908C		24	16	argument-resolution
0x1BF714	0xB5E6C	0x2A908C		24	16	argument-resolution
0x1BF714	0xB6094	0x2A908C		24	16	argument-resolution
0x1BF714	0xB6640	0x2A908C		24	16	argument-resolution
0x1BF714	0xCD22C	0x2A908C	0x2A90FE	24	16	source-not-file-backed
0x1BF8AC	0xB64EC	0x2A90A0		26	7	argument-resolution
0x1BF8AC	0xB6690	0x2A90A0		26	7	argument-resolution
0x1BF8AC	0xCD174	0x2A90A0	0x2A91A7	26	7	source-not-file-backed
0x1C00F4	0x10DDF0	0x2A90CC		18	2	argument-resolution
0x1C0A5C	0x14C484	0x2A9114	0x2C5210	9	13	source-not-file-backed
0x1C0C74	0x14C4D8	0x2A9128	0x2A913F	21	14	source-not-file-backed
0x1C0E48	0x14C52C	0x2A913C	0x2A91A1	29	13	source-not-file-backed
0x1C1B58	0xDC9FC	0x2A91B4	0x2B3688	14	2	source-not-file-backed
0x1C2168	0xB1C44	0x2A91C4		17	7	argument-resolution
0x1C2168	0xB1DFC	0x2A91C4		17	7	argument-resolution
0x1C2314	0xB1D60	0x2A91D0		26	9	argument-resolution
0x1C2418	0xB1D8C	0x2A91E0		26	17	argument-resolution
0x1C2C5C	0xB1F30	0x2A9214		18	11	argument-resolution
0x1C3A28	0xB3E60	0x2A9280		17	17	argument-resolution
0x1C698C	0xB6D04	0x2A94F4		14	9	argument-resolution
0x1C6A8C	0xB83CC	0x2A9504		20	14	argument-resolution
0x1C786C	0x100314	0x2A957C		29	14	argument-resolution
0x1C7A34	0x1003F0	0x2A9590		28	14	argument-resolution
0x1C9174	0x1124F8	0x2A9688	0x2C34D4	11	12	source-not-file-backed
0x1CAD38	0xB2CB0	0x2A9808		31	8	argument-resolution
0x1CC8CC	0xBD830	0x2A9918		23	9	argument-resolution
0x1CC9D0	0xBD894	0x2A9928		20	24	argument-resolution
0x1D3614	0xC0FF0	0x2A9E6C		21	18	argument-resolution
0x1D3728	0xC1024	0x2A9E84		25	17	argument-resolution
0x1D38D8	0xC1058	0x2A9E9C		25	14	argument-resolution
0x1D7580	0xFBF0C	0x2AA280	0x2C1298	14	14	source-not-file-backed
0x1D7714	0xFC050	0x2AA294	0x2C12EC	15	11	source-not-file-backed
0x1D7F34	0xC3FC4	0x2AA330		15	2	argument-resolution
0x1D7F34	0xC4908	0x2AA330		15	2	argument-resolution
0x1D8408	0xC4288	0x2AA348	0x2AA384	23	31	source-not-file-backed
0x1DA744	0xB8824	0x2B1A44		17	20	argument-resolution
0x1DA980	0xB887C	0x2B1A5C		10	40	argument-resolution
0x1DB978	0xC659C	0x2B1BD8		22	25	argument-resolution
0x1DB978	0xC6FA0	0x2B1BD8		22	25	argument-resolution
0x1DB978	0xCA04C	0x2B1BD8		22	25	argument-resolution
0x1DB978	0xCB074	0x2B1BD8		22	25	argument-resolution
0x1DB978	0xCC1E4	0x2B1BD8		22	25	argument-resolution
0x1DD588	0xC8D6C	0x2B1CFC		18	11	argument-resolution
0x1DE018	0xC8F94	0x2B1DE4	0x2B1F0C	30	19	source-not-file-backed
0x1E0000	0xCA864	0x2B233C		22	44	argument-resolution
0x1E03EC	0xC9D7C	0x2B2394	0x2B242E	10	29	source-not-file-backed
0x1E03EC	0xCBEB4	0x2B2394	0x2B2686	10	29	source-not-file-backed
0x1E0754	0xC9DB8	0x2B23B8	0x2B24A4	21	37	source-not-file-backed
0x1E09D4	0xC9DF4	0x2B23E4	0x2B2528	11	31	source-not-file-backed
0x1E0BA0	0xC9E30	0x2B2408	0x2B2591	11	44	source-not-file-backed
0x1E0BA0	0xCDCB8	0x2B2408		11	44	argument-resolution
0x1E0BA0	0xCEB70	0x2B2408		11	44	argument-resolution
0x1E0C8C	0xC9EB8	0x2B2438		10	17	argument-resolution
0x1E0C8C	0xCAEE0	0x2B2438		10	17	argument-resolution
0x1E0E24	0xC9F00	0x2B2450		18	26	argument-resolution
0x1E0E24	0xCAF28	0x2B2450		18	26	argument-resolution
0x1E0FDC	0xC9F40	0x2B2470		31	27	argument-resolution
0x1E0FDC	0xCAF68	0x2B2470		31	27	argument-resolution
0x1E1224	0xC9F78	0x2B2490		30	18	argument-resolution
0x1E1224	0xCAFA0	0x2B2490		30	18	argument-resolution
0x1E1224	0xCC114	0x2B2490		30	18	argument-resolution
0x1E1528	0xC9FE0	0x2B24A8		11	2	argument-resolution
0x1E1528	0xCB008	0x2B24A8		11	2	argument-resolution
0x1E1528	0xCC180	0x2B24A8		11	2	argument-resolution
0x1E1A2C	0xCA8A4	0x2B250C		19	18	argument-resolution
0x1E1C88	0xCA94C	0x2B2524		22	31	argument-resolution
0x1E1ECC	0xCA9A4	0x2B2548		18	43	argument-resolution
0x1E1ECC	0xCCB60	0x2B2548		18	43	argument-resolution
0x1E27C4	0xCBFD0	0x2B25E8	0x2B2953	11	12	source-not-file-backed
0x1E28D8	0xCC01C	0x2B25F8		18	12	argument-resolution
0x1E2A84	0xCC05C	0x2B2608		12	54	argument-resolution
0x1E47B4	0xCDC50	0x2B28D8		23	21	argument-resolution
0x1E47B4	0xCEB08	0x2B28D8		23	21	argument-resolution
0x1E4A18	0xCDC8C	0x2B28F4		22	61	argument-resolution
0x1E4A18	0xCEB44	0x2B28F4		22	61	argument-resolution
0x1E4C70	0xCDCE0	0x2B2938		11	94	argument-resolution
0x1E4C70	0xCEB98	0x2B2938		11	94	argument-resolution
0x1E6364	0xCE788	0x2B2A5C		18	33	argument-resolution
0x1E6A08	0xCF718	0x2B2AA4		15	5	argument-resolution
0x1E726C	0x1004BC	0x2B2AC8		22	7	argument-resolution
0x1E9D7C	0xD4408	0x2B2C1C		22	11	argument-resolution
0x1E9D7C	0xD4C70	0x2B2C1C		22	11	argument-resolution
0x1E9FFC	0xD447C	0x2B2C2C		15	4	argument-resolution
0x1E9FFC	0xD4CE4	0x2B2C2C		15	4	argument-resolution
0x1EA5D0	0xD4938	0x2B2C68		31	15	argument-resolution
0x1EB5C0	0xF972C	0x2B2DC8		25	5	argument-resolution
0x1EB91C	0xD5BB4	0x2B2DE8		19	3	argument-resolution
0x1EBE3C	0xF977C	0x2B2E70		17	5	argument-resolution
0x1EC1C4	0xD63DC	0x2B2E7C		10	13	argument-resolution
0x1EC488	0xD6450	0x2B2E90		19	36	argument-resolution
0x1ECA54	0xD64C4	0x2B2ECC		18	15	argument-resolution
0x1ECC0C	0xD6504	0x2B2EE0		22	28	argument-resolution
0x1EDBBC	0xD6B0C	0x2B2FA8		9	23	argument-resolution
0x1EE164	0xD7260	0x2B300C		30	6	argument-resolution
0x1EE164	0xD7AA0	0x2B300C		30	6	argument-resolution
0x1EE260	0xD732C	0x2B3018		9	5	argument-resolution
0x1EE260	0xD7C74	0x2B3018		9	5	argument-resolution
0x1EE4A8	0xD73A8	0x2B3024		28	5	argument-resolution
0x1EE4A8	0xD7844	0x2B3024		28	5	argument-resolution
0x1EE4A8	0xD7D98	0x2B3024		28	5	argument-resolution
0x1EE94C	0xD7590	0x2B303C		23	7	argument-resolution
0x1EE94C	0xD8088	0x2B303C		23	7	argument-resolution
0x1EEADC	0xE7828	0x2B3048	0x2C532C	9	5	source-not-file-backed
0x1EEADC	0xE8D58	0x2B3048		9	5	argument-resolution
0x1EEBC8	0xD8EFC	0x2B3054		23	58	argument-resolution
0x1EECC4	0xD8F20	0x2B3094		12	7	argument-resolution
0x1EEE88	0xD8F40	0x2B30A0		9	61	argument-resolution
0x1EF020	0xD8F60	0x2B30E4		31	52	argument-resolution
0x1EF400	0xD9000	0x2B3154		28	61	argument-resolution
0x1EF400	0xD946C	0x2B3154		28	61	argument-resolution
0x1EF674	0xD9028	0x2B3198		12	68	argument-resolution
0x1EF674	0xD9494	0x2B3198		12	68	argument-resolution
0x1EF760	0xD9050	0x2B31E0		8	90	argument-resolution
0x1EF760	0xD94BC	0x2B31E0		8	90	argument-resolution
0x1EF848	0xD9078	0x2B3240		17	28	argument-resolution
0x1EF848	0xD94E4	0x2B3240		17	28	argument-resolution
0x1EFB0C	0xD90A0	0x2B3260		26	12	argument-resolution
0x1EFB0C	0xD950C	0x2B3260		26	12	argument-resolution
0x1EFDE8	0xD90C8	0x2B3270		17	32	argument-resolution
0x1EFDE8	0xD9534	0x2B3270		17	32	argument-resolution
0x1EFF80	0xD90F0	0x2B3294		14	134	argument-resolution
0x1EFF80	0xD955C	0x2B3294		14	134	argument-resolution
0x1F01B8	0xD9118	0x2B3320		25	132	argument-resolution
0x1F01B8	0xD9584	0x2B3320		25	132	argument-resolution
0x1F0370	0xD9150	0x2B33A8		14	49	argument-resolution
0x1F0370	0xD95BC	0x2B33A8		14	49	argument-resolution
0x1F04F8	0xD9178	0x2B33E0		13	67	argument-resolution
0x1F04F8	0xD95E4	0x2B33E0		13	67	argument-resolution
0x1F0894	0xD91A0	0x2B3428		15	57	argument-resolution
0x1F0894	0xD960C	0x2B3428		15	57	argument-resolution
0x1F1778	0xD92B0	0x2B3574		13	34	argument-resolution
0x1F1778	0xD971C	0x2B3574		13	34	argument-resolution
0x1F1874	0xD92E8	0x2B359C		26	8	argument-resolution
0x1F1874	0xD9754	0x2B359C		26	8	argument-resolution
0x1F1D38	0xD992C	0x2B35B4		28	6	argument-resolution
0x1F1D38	0xD9D3C	0x2B35B4		28	6	argument-resolution
0x1F1FB0	0xD99C0	0x2B35C0		31	6	argument-resolution
0x1F208C	0xD9AC8	0x2B35CC		28	7	argument-resolution
0x1F208C	0xDBA84	0x2B35CC		28	7	argument-resolution
0x1F223C	0xD9EA8	0x2B35D8		31	7	argument-resolution
0x1F29D0	0xDD2A8	0x2B3608	0x2B36E0	27	10	source-not-file-backed
0x1F32D0	0xDCD3C	0x2B3638	0x2B36C8	15	11	source-not-file-backed
0x1F3920	0xDC350	0x2B3670		22	6	argument-resolution
0x1F3D20	0xDC500	0x2B3688		9	12	argument-resolution
0x1F3D20	0xDC9C0	0x2B3688		9	12	argument-resolution
0x1F5128	0xDF6A8	0x2B3730		11	8	argument-resolution
0x1F5D9C	0xDF758	0x2B37A4		17	44	argument-resolution
0x1F9764	0x1100BC	0x2B3B24		14	13	argument-resolution
0x1F9764	0x110320	0x2B3B24		14	13	argument-resolution
0x1F9764	0x110510	0x2B3B24		14	13	argument-resolution
0x1FA044	0xDF6EC	0x2B3BDC		21	11	argument-resolution
0x1FA2A4	0xDF7AC	0x2B3BEC		23	27	argument-resolution
0x1FA45C	0xDF834	0x2B3C0C		13	13	argument-resolution
0x1FA570	0xDF86C	0x2B3C20		30	29	argument-resolution
0x1FA7D8	0xDF8C4	0x2B3C44		8	33	argument-resolution
0x1FA8D8	0xDF8FC	0x2B3C6C		12	27	argument-resolution
0x1FAAA8	0xDF954	0x2B3C8C		19	26	argument-resolution
0x1FAD0C	0xDF98C	0x2B3CAC		12	33	argument-resolution
0x1FAE08	0xDFA28	0x2B3CD4		18	26	argument-resolution
0x1FB138	0xDF9E4	0x2B3CF4		29	16	argument-resolution
0x1FB470	0xDFAA0	0x2B3D6C		15	32	argument-resolution
0x1FB6A4	0xDFB10	0x2B3D90		29	10	argument-resolution
0x1FB8D8	0xDFB70	0x2B3DA0		24	97	argument-resolution
0x1FBA90	0xDFBAC	0x2B3E08		11	26	argument-resolution
0x1FC508	0xE08F4	0x2B3EE8		8	14	argument-resolution
0x1FDBDC	0xE1E40	0x2B40A0	0x2B4130	31	17	source-not-file-backed
0x1FDBDC	0xE21E8	0x2B40A0	0x2B4284	31	17	source-not-file-backed
0x1FDBDC	0xE234C	0x2B40A0	0x2B42EC	31	17	source-not-file-backed
0x1FDBDC	0xE258C	0x2B40A0	0x2B43B0	31	17	source-not-file-backed
0x1FE2B4	0xE1CF4	0x2B40FC		12	31	argument-resolution
0x202004	0xE3DD8	0x2B4650		11	30	argument-resolution
0x203DA8	0xE62A0	0x2B490C		29	55	argument-resolution
0x204540	0xE669C	0x2B49A0		26	33	argument-resolution
0x2048D0	0xE67B8	0x2B49F4		10	39	argument-resolution
0x2068D4	0xE872C	0x2B4C58		18	5	argument-resolution
0x206D74	0xE9E78	0x2B4C98	0x2B4CFC	23	10	source-not-file-backed
0x207130	0xE98F8	0x2B4CBC		9	17	argument-resolution
0x207130	0xE9EB8	0x2B4CBC	0x2B4D6F	9	17	source-not-file-backed
0x2072EC	0xE9F34	0x2B4CD4	0x2B4DD1	9	39	source-not-file-backed
0x2075D8	0xE9F60	0x2B4D00	0x2B4E4D	24	8	source-not-file-backed
0x2076C4	0xE97D4	0x2B4D0C		11	12	argument-resolution
0x2076C4	0xE9F8C	0x2B4D0C	0x2B4ECA	11	12	source-not-file-backed
0x207940	0xE9828	0x2B4D1C		25	11	argument-resolution
0x207940	0x131104	0x2B4D1C	0x2C48F8	25	11	source-not-file-backed
0x20837C	0xE9A10	0x2B4D60	0x2B4DF7	15	20	source-not-file-backed
0x208480	0xE9A7C	0x2B4D78	0x2B4E67	25	8	source-not-file-backed
0x20AF64	0xEC158	0x2B5234		15	56	argument-resolution
0x20B440	0xEC8D0	0x2B7100		14	59	argument-resolution
0x20B53C	0xEC918	0x2B7140		10	54	argument-resolution
0x20CAF8	0xF1C18	0x2BE4EC		25	8	argument-resolution
0x20CBF8	0xF1C64	0x2BE4F8		10	6	argument-resolution
0x20CCDC	0xF2254	0x2BE504		29	926	argument-resolution
0x20CCDC	0xF2374	0x2BE504		29	926	argument-resolution
0x20D2A4	0xF25CC	0x2BFFA0		10	71	argument-resolution
0x20DE50	0x95CA8	0x2C0090		27	21	argument-resolution
0x20EBE4	0x95E70	0x2C0834		31	27	argument-resolution
0x20EBE4	0x95F1C	0x2C0834		31	27	argument-resolution
0x20F2E4	0xF4788	0x2C0F14	0x2C0F76	20	10	source-not-file-backed
0x20FA74	0x96070	0x2C0FA4		16	18	argument-resolution
0x20FB60	0x96204	0x2C0FBC		20	17	argument-resolution
0x214440	0xF94A8	0x2C1208		15	6	argument-resolution
0x21468C	0xF94FC	0x2C1214		21	5	argument-resolution
0x214BF4	0xF95A8	0x2C122C		14	5	argument-resolution
0x214CEC	0xF95F8	0x2C1238		25	5	argument-resolution
0x214F38	0xF9648	0x2C1244		27	6	argument-resolution
0x2156E8	0xFBEA8	0x2C1298		23	11	argument-resolution
0x215A04	0xFBF7C	0x2C12A8		28	11	argument-resolution
0x215C70	0xFBFE8	0x2C12B8		15	17	argument-resolution
0x2164C0	0xFC4C8	0x2C130C		19	19	argument-resolution
0x21AC1C	0x102C60	0x2C17B0		24	7	argument-resolution
0x21AC1C	0x10310C	0x2C17B0		24	7	argument-resolution
0x21ADE8	0x102CF8	0x2C17BC		16	43	argument-resolution
0x21AF88	0x102DF8	0x2C17EC		16	66	argument-resolution
0x21B074	0x102E50	0x2C1834		9	63	argument-resolution
0x21B178	0x102E90	0x2C1878		10	70	argument-resolution
0x21B274	0x102F2C	0x2C18C4		15	54	argument-resolution
0x21B274	0x103148	0x2C18C4		15	54	argument-resolution
0x21B378	0x10309C	0x2C1900		29	59	argument-resolution
0x21BBB0	0x106C78	0x2C1978	0x2C1A65	9	18	source-not-file-backed
0x21C4FC	0x100ADC	0x2C19D4	0x2C31FC	19	7	source-not-file-backed
0x21DAE8	0x101610	0x2C1AD0	0x2C1AEC	18	22	source-not-file-backed
0x21E9A0	0x10ADB8	0x2C1BA0	0x2C1C36	14	5	source-not-file-backed
0x221ED0	0x24B534	0x2C25AC		18	27	argument-resolution
0x2221BC	0x24B560	0x2C25CC		24	27	argument-resolution
0x222370	0x24B588	0x2C25EC		26	34	argument-resolution
0x222528	0x24B5DC	0x2C2614		18	44	argument-resolution
0x2226D8	0x24B6DC	0x2C2644		23	21	argument-resolution
0x2226D8	0x24B8B4	0x2C2644		23	21	argument-resolution
0x22287C	0x24B850	0x2C2660		19	23	argument-resolution
0x222A2C	0x24B9FC	0x2C267C		12	18	argument-resolution
0x222BF4	0x24BA34	0x2C2694		21	24	argument-resolution
0x222D08	0x24BA5C	0x2C26B0		18	23	argument-resolution
0x222F70	0x24BAA8	0x2C26CC		11	25	argument-resolution
0x223054	0x24BAD4	0x2C26EC		8	24	argument-resolution
0x22320C	0x24BB00	0x2C2708		29	25	argument-resolution
0x223300	0x24BB44	0x2C2728		18	16	argument-resolution
0x224424	0x1002BC	0x2C287C		22	2028	argument-resolution
0x2245D4	0x100384	0x2C306C		14	10	argument-resolution
0x2247A8	0x100444	0x2C307C		21	21	argument-resolution
0x224948	0x100498	0x2C3098		28	24	argument-resolution
0x224A5C	0x100510	0x2C30B4		24	28	argument-resolution
0x224CC0	0x100538	0x2C30D4		19	7	argument-resolution
0x224DAC	0x10058C	0x2C30E0		29	24	argument-resolution
0x224E98	0x1005E0	0x2C30FC		17	35	argument-resolution
0x224F8C	0x100608	0x2C3124		23	4	argument-resolution
0x225120	0x10065C	0x2C312C		9	20	argument-resolution
0x22536C	0x1006B0	0x2C3144		9	26	argument-resolution
0x225918	0x10072C	0x2C3170		31	16	argument-resolution
0x225B94	0x100754	0x2C3184		9	10	argument-resolution
0x225C7C	0x1007A8	0x2C3194		22	17	argument-resolution
0x226138	0x100B2C	0x2C31C0		30	56	argument-resolution
0x2265D8	0x100B6C	0x2C3208		12	14	argument-resolution
0x227DC8	0x111BEC	0x2C33E0		28	65	argument-resolution
0x22800C	0x112108	0x2C3428		30	32	argument-resolution
0x2289EC	0x1124C0	0x2C34D4		10	18	argument-resolution
0x2289EC	0x117594	0x2C34D4		10	18	argument-resolution
0x228E94	0x11289C	0x2C3504	0x2C3528	14	18	source-not-file-backed
0x22931C	0x112854	0x2C3528	0x2C359E	13	10	source-not-file-backed
0x229FA4	0x112A70	0x2C35A4	0x2C364D	13	17	source-not-file-backed
0x22C578	0x115CE0	0x2C3974		16	51	argument-resolution
0x22D028	0x11699C	0x2C3A20		20	5	argument-resolution
0x2336DC	0x11E568	0x2C42A8		22	19	argument-resolution
0x23585C	0x11FAD8	0x2C43E0		11	23	argument-resolution
0x2369A8	0x13054C	0x2C4500		18	17	argument-resolution
0x237010	0x1305F0	0x2C4544		15	18	argument-resolution
0x237280	0x130624	0x2C455C		28	18	argument-resolution
0x2374F0	0x130658	0x2C4574		31	18	argument-resolution
0x237730	0x13068C	0x2C458C		14	19	argument-resolution
0x237840	0x1306C0	0x2C45A4		12	18	argument-resolution
0x237A80	0x130700	0x2C45BC		11	20	argument-resolution
0x239DF4	0xA9E9C	0x2C47F4	0x2C4823	21	4	source-not-file-backed
0x239DF4	0xAA1B4	0x2C47F4	0x2C4968	21	4	source-not-file-backed
0x239DF4	0x130F40	0x2C47F4		21	4	argument-resolution
0x239DF4	0x1312BC	0x2C47F4	0x2C490C	21	4	source-not-file-backed
0x239FC8	0xA9F10	0x2C47FC	0x2C4881	15	3	source-not-file-backed
0x23A3F4	0x131190	0x2C4828		8	8	argument-resolution
0x23A3F4	0x131318	0x2C4828	0x2C4902	8	8	source-not-file-backed
0x23B0AC	0x130F04	0x2C48A0		18	15	argument-resolution
0x23B2DC	0x130F98	0x2C48B4		25	13	argument-resolution
0x23B494	0x13101C	0x2C48C8		14	43	argument-resolution
0x23B6FC	0x131088	0x2C48F8		29	15	argument-resolution
0x23BB50	0xA9FCC	0x2C4940	0x2C4C67	18	7	source-not-file-backed
0x23C9E4	0xAEA98	0x2C49D4		28	53	argument-resolution
0x23CBB8	0xB0294	0x2C4A10		14	112	argument-resolution
0x23CCA4	0xB03A0	0x2C4A84		30	144	argument-resolution
0x23CE5C	0xB03E4	0x2C4B18		26	41	argument-resolution
0x240068	0xBFA74	0x2C4C64	0x2C4D05	26	6	source-not-file-backed
0x24055C	0xBFD70	0x2C4C80	0x2C4CE0	8	4	source-not-file-backed
0x240E88	0x134994	0x2C4CB0		10	13	argument-resolution
0x2419CC	0x13865C	0x2C4D08		22	3	argument-resolution
0x2423B4	0xF409C	0x2C4D88		11	51	argument-resolution
0x242810	0x1102D0	0x2C4DE8		19	21	argument-resolution
0x242810	0x1104C0	0x2C4DE8		19	21	argument-resolution
0x244B14	0x11BBF8	0x2C5000		29	42	argument-resolution
0x245528	0x11BA20	0x2C50B8	0x2C5C9E	12	10	source-not-file-backed
0x2457E4	0x11BB84	0x2C50D4		25	32	argument-resolution
0x245C18	0x14BB0C	0x2C516C	0x2C5198	25	40	source-not-file-backed
0x245D34	0x14BDC8	0x2C5198	0x2C5200	28	35	source-not-file-backed
0x245D34	0x14C41C	0x2C5198		28	35	argument-resolution
0x246180	0x14C454	0x2C5210		29	35	argument-resolution
0x2466C4	0x153BE4	0x2C5244		13	3	argument-resolution
0x2469AC	0x153C0C	0x2C524C		8	3	argument-resolution
0x246C08	0x153C84	0x2C5254		28	3	argument-resolution
0x246C08	0x15442C	0x2C5254		28	3	argument-resolution
0x246DBC	0x153CFC	0x2C525C		10	4	argument-resolution
0x246ED8	0x153D24	0x2C5264		10	4	argument-resolution
0x246FD4	0x153D4C	0x2C526C		8	4	argument-resolution
0x2470D4	0x153E14	0x2C5274		24	4	argument-resolution
0x2471B0	0x153E3C	0x2C527C		14	4	argument-resolution
0x2473F0	0x153F04	0x2C5284		16	4	argument-resolution
0x247AD4	0x1541AC	0x2C52A4		22	5	argument-resolution
0x247AD4	0x15447C	0x2C52A4		22	5	argument-resolution
0x2481E4	0xE7758	0x2C5308		23	17	argument-resolution
0x2481E4	0xE8CA4	0x2C5308		23	17	argument-resolution
0x248380	0xE77AC	0x2C5320		29	5	argument-resolution
0x248380	0xE8CE0	0x2C5320		29	5	argument-resolution
0x248464	0xE7800	0x2C532C		14	16	argument-resolution
0x248464	0xE8D28	0x2C532C		14	16	argument-resolution
0x24B058	0x1879E0	0x2C5900		28	54	argument-resolution
