URL	分类	出现位置
http://10.0.2.2:8969/stream	静态 URL 字符串	smali/n3.1.smali
http://localhost:8969/stream	静态 URL 字符串	smali/n3.1.smali
http://ns.adobe.com/xap/1.0/	静态 URL 字符串	smali/Fg.smali
http://schemas.android.com/aapt	Android XML 命名空间	res/drawable/$avd_hide_password__0.xml; res/drawable/$avd_hide_password__1.xml; res/drawable/$avd_hide_password__2.xml; res/drawable/$avd_show_password__0.xml; res/drawable/$avd_show_password__1.xml; res/drawable/$avd_show_password__2.xml; res/drawable/$m3_avd_hide_password__0.xml; res/drawable/$m3_avd_hide_password__1.xml; res/drawable/$m3_avd_hide_password__2.xml; res/drawable/$m3_avd_show_password__0.xml; res/drawable/$m3_avd_show_password__1.xml; res/drawable/$m3_avd_show_password__2.xml; res/drawable/$mtrl_checkbox_button_checked_unchecked__0.xml; res/drawable/$mtrl_checkbox_button_checked_unchecked__1.xml; res/drawable/$mtrl_checkbox_button_checked_unchecked__2.xml; res/drawable/$mtrl_checkbox_button_icon_checked_indeterminate__0.xml; res/drawable/$mtrl_checkbox_button_icon_checked_unchecked__0.xml; res/drawable/$mtrl_checkbox_button_icon_checked_unchecked__1.xml; res/drawable/$mtrl_checkbox_button_icon_checked_unchecked__2.xml; res/drawable/$mtrl_checkbox_button_icon_indeterminate_checked__0.xml; res/drawable/$mtrl_checkbox_button_icon_indeterminate_unchecked__0.xml; res/drawable/$mtrl_checkbox_button_icon_indeterminate_unchecked__1.xml; res/drawable/$mtrl_checkbox_button_icon_indeterminate_unchecked__2.xml; res/drawable/$mtrl_checkbox_button_icon_unchecked_checked__0.xml; res/drawable/$mtrl_checkbox_button_icon_unchecked_checked__1.xml; res/drawable/$mtrl_checkbox_button_icon_unchecked_checked__2.xml; res/drawable/$mtrl_checkbox_button_icon_unchecked_indeterminate__0.xml; res/drawable/$mtrl_checkbox_button_icon_unchecked_indeterminate__1.xml; res/drawable/$mtrl_checkbox_button_icon_unchecked_indeterminate__2.xml; res/drawable/$mtrl_checkbox_button_unchecked_checked__0.xml; res/drawable/$mtrl_checkbox_button_unchecked_checked__1.xml; res/drawable/$mtrl_checkbox_button_unchecked_checked__2.xml; res/drawable/$mtrl_switch_thumb_checked_pressed__0.xml; res/drawable/$mtrl_switch_thumb_checked_unchecked__0.xml; res/drawable/$mtrl_switch_thumb_checked_unchecked__1.xml; res/drawable/$mtrl_switch_thumb_pressed_checked__0.xml; res/drawable/$mtrl_switch_thumb_pressed_unchecked__0.xml; res/drawable/$mtrl_switch_thumb_unchecked_checked__0.xml; res/drawable/$mtrl_switch_thumb_unchecked_checked__1.xml; res/drawable/$mtrl_switch_thumb_unchecked_pressed__0.xml; res/drawable/avd_hide_password.xml; res/drawable/avd_show_password.xml; res/drawable/m3_avd_hide_password.xml; res/drawable/m3_avd_show_password.xml; res/drawable/mtrl_checkbox_button_checked_unchecked.xml; res/drawable/mtrl_checkbox_button_icon_checked_indeterminate.xml; res/drawable/mtrl_checkbox_button_icon_checked_unchecked.xml; res/drawable/mtrl_checkbox_button_icon_indeterminate_checked.xml; res/drawable/mtrl_checkbox_button_icon_indeterminate_unchecked.xml; res/drawable/mtrl_checkbox_button_icon_unchecked_checked.xml; res/drawable/mtrl_checkbox_button_icon_unchecked_indeterminate.xml; res/drawable/mtrl_checkbox_button_unchecked_checked.xml; res/drawable/mtrl_switch_thumb_checked_pressed.xml; res/drawable/mtrl_switch_thumb_checked_unchecked.xml; res/drawable/mtrl_switch_thumb_pressed_checked.xml; res/drawable/mtrl_switch_thumb_pressed_unchecked.xml; res/drawable/mtrl_switch_thumb_unchecked_checked.xml; res/drawable/mtrl_switch_thumb_unchecked_pressed.xml
http://schemas.android.com/apk/res-auto	Android XML 命名空间	res/animator/design_appbar_state_list_animator.xml; res/animator/m3_appbar_state_list_animator.xml; res/animator/m3_card_elevated_state_list_anim.xml; res/animator/m3_card_state_list_anim.xml; res/animator/mtrl_card_state_list_anim.xml; res/color/m3_card_foreground_color.xml; res/color/m3_card_stroke_color.xml; res/color/m3_checkbox_button_icon_tint.xml; res/color/m3_checkbox_button_tint.xml; res/color/mtrl_card_view_foreground.xml; res/color/mtrl_card_view_ripple.xml; res/drawable/mtrl_checkbox_button.xml; res/drawable/mtrl_checkbox_button_icon.xml; res/drawable/mtrl_switch_thumb.xml; res/layout-land/material_clock_period_toggle_land.xml; res/layout-land/material_timepicker.xml; res/layout/abc_action_menu_layout.xml; res/layout/abc_action_mode_close_item_material.xml; res/layout/abc_alert_dialog_material.xml; res/layout/abc_screen_toolbar.xml; res/layout/abc_select_dialog_material.xml; res/layout/m3_alert_dialog.xml; res/layout/material_clock_period_toggle.xml; res/layout/material_clockface_view.xml; res/layout/material_radial_view_group.xml; res/layout/material_time_input.xml; res/layout/material_timepicker.xml; res/layout/mtrl_alert_select_dialog_multichoice.xml; res/layout/mtrl_alert_select_dialog_singlechoice.xml; res/layout/mtrl_calendar_month_navigation.xml; res/layout/mtrl_picker_header_fullscreen.xml; res/layout/mtrl_picker_header_selection_text.xml; res/layout/mtrl_picker_header_title_text.xml; res/layout/notification_media_cancel_action.xml; res/xml/m3_button_group_child_size_change.xml; res/xml/m3_split_button_inner_corner_size_state_list.xml; smali/com/google/android/material/chip/Chip.smali
http://schemas.android.com/apk/res/android	Android XML 命名空间	AndroidManifest.xml; res/anim/abc_grow_fade_in_from_bottom.xml; res/anim/abc_popup_enter.xml; res/anim/abc_popup_exit.xml; res/anim/abc_shrink_fade_out_from_bottom.xml; res/anim/abc_tooltip_enter.xml; res/anim/abc_tooltip_exit.xml; res/anim/btn_checkbox_to_checked_box_inner_merged_animation.xml; res/anim/btn_checkbox_to_checked_box_outer_merged_animation.xml; res/anim/btn_checkbox_to_checked_icon_null_animation.xml; res/anim/btn_checkbox_to_unchecked_box_inner_merged_animation.xml; res/anim/btn_checkbox_to_unchecked_check_path_merged_animation.xml; res/anim/btn_checkbox_to_unchecked_icon_null_animation.xml; res/anim/btn_radio_to_off_mtrl_dot_group_animation.xml; res/anim/btn_radio_to_off_mtrl_ring_outer_animation.xml; res/anim/btn_radio_to_off_mtrl_ring_outer_path_animation.xml; res/anim/btn_radio_to_on_mtrl_dot_group_animation.xml; res/anim/btn_radio_to_on_mtrl_ring_outer_animation.xml; res/anim/btn_radio_to_on_mtrl_ring_outer_path_animation.xml; res/anim/design_bottom_sheet_slide_in.xml; res/anim/design_bottom_sheet_slide_out.xml; res/anim/fragment_fast_out_extra_slow_in.xml; res/anim/linear_indeterminate_line1_head_interpolator.xml; res/anim/linear_indeterminate_line1_tail_interpolator.xml; res/anim/linear_indeterminate_line2_head_interpolator.xml; res/anim/linear_indeterminate_line2_tail_interpolator.xml; res/anim/m3_bottom_sheet_slide_in.xml; res/anim/m3_bottom_sheet_slide_out.xml; res/anim/m3_motion_fade_enter.xml; res/anim/m3_motion_fade_exit.xml; res/anim/m3_side_sheet_enter_from_left.xml; res/anim/m3_side_sheet_enter_from_right.xml; res/anim/m3_side_sheet_exit_to_left.xml; res/anim/m3_side_sheet_exit_to_right.xml; res/anim/mtrl_bottom_sheet_slide_in.xml; res/anim/mtrl_bottom_sheet_slide_out.xml; res/anim/mtrl_card_lowers_interpolator.xml; res/animator/design_appbar_state_list_animator.xml; res/animator/design_fab_hide_motion_spec.xml; res/animator/design_fab_show_motion_spec.xml; res/animator/fragment_close_enter.xml; res/animator/fragment_close_exit.xml; res/animator/fragment_fade_enter.xml; res/animator/fragment_fade_exit.xml; res/animator/fragment_open_enter.xml; res/animator/fragment_open_exit.xml; res/animator/m3_appbar_state_list_animator.xml; res/animator/m3_btn_elevated_btn_state_list_anim.xml; res/animator/m3_btn_state_list_anim.xml; res/animator/m3_card_elevated_state_list_anim.xml; res/animator/m3_card_state_list_anim.xml; res/animator/m3_chip_state_list_anim.xml; res/animator/m3_extended_fab_change_size_collapse_motion_spec.xml; res/animator/m3_extended_fab_change_size_expand_motion_spec.xml; res/animator/m3_extended_fab_hide_motion_spec.xml; res/animator/m3_extended_fab_show_motion_spec.xml; res/animator/m3_extended_fab_state_list_animator.xml; res/animator/m3_fab_state_list_animator.xml; res/animator/mtrl_btn_state_list_anim.xml; res/animator/mtrl_card_state_list_anim.xml; res/animator/mtrl_chip_state_list_anim.xml; res/animator/mtrl_extended_fab_state_list_animator.xml; res/animator/mtrl_fab_hide_motion_spec.xml; res/animator/mtrl_fab_show_motion_spec.xml; res/color-night/material_timepicker_button_stroke.xml; res/color-night/material_timepicker_clockface.xml; res/color-night/material_timepicker_modebutton_tint.xml; res/color-v31/m3_dynamic_dark_default_color_primary_text.xml; res/color-v31/m3_dynamic_dark_default_color_secondary_text.xml; res/color-v31/m3_dynamic_dark_highlighted_text.xml; res/color-v31/m3_dynamic_dark_hint_foreground.xml; res/color-v31/m3_dynamic_dark_primary_text_disable_only.xml; res/color-v31/m3_dynamic_default_color_primary_text.xml; res/color-v31/m3_dynamic_default_color_secondary_text.xml; res/color-v31/m3_dynamic_highlighted_text.xml; res/color-v31/m3_dynamic_hint_foreground.xml; res/color-v31/m3_dynamic_primary_text_disable_only.xml; res/color-v31/m3_ref_palette_dynamic_neutral_variant12.xml; res/color-v31/m3_ref_palette_dynamic_neutral_variant17.xml; res/color-v31/m3_ref_palette_dynamic_neutral_variant22.xml; res/color-v31/m3_ref_palette_dynamic_neutral_variant24.xml; res/color-v31/m3_ref_palette_dynamic_neutral_variant4.xml; res/color-v31/m3_ref_palette_dynamic_neutral_variant6.xml; res/color-v31/m3_ref_palette_dynamic_neutral_variant87.xml; res/color-v31/m3_ref_palette_dynamic_neutral_variant92.xml; res/color-v31/m3_ref_palette_dynamic_neutral_variant94.xml; res/color-v31/m3_ref_palette_dynamic_neutral_variant96.xml; res/color-v31/m3_ref_palette_dynamic_neutral_variant98.xml; res/color/abc_background_cache_hint_selector_material_dark.xml; res/color/abc_background_cache_hint_selector_material_light.xml; res/color/abc_color_highlight_material.xml; res/color/abc_hint_foreground_material_dark.xml; res/color/abc_hint_foreground_material_light.xml; res/color/abc_primary_text_disable_only_material_dark.xml; res/color/abc_primary_text_disable_only_material_light.xml; res/color/abc_primary_text_material_dark.xml; res/color/abc_primary_text_material_light.xml; res/color/abc_search_url_text.xml; res/color/abc_secondary_text_material_dark.xml; res/color/abc_secondary_text_material_light.xml; res/color/abc_tint_btn_checkable.xml; res/color/abc_tint_default.xml; res/color/abc_tint_edittext.xml; res/color/abc_tint_seek_thumb.xml; res/color/abc_tint_spinner.xml; res/color/abc_tint_switch_track.xml; res/color/color_foreground.xml; res/color/design_box_stroke_color.xml; res/color/design_error.xml; res/color/design_icon_tint.xml; res/color/m3_assist_chip_icon_tint_color.xml; res/color/m3_bottom_sheet_drag_handle_color.xml; res/color/m3_button_background_color_selector.xml; res/color/m3_button_foreground_color_selector.xml; res/color/m3_button_outline_color_selector.xml; res/color/m3_button_ripple_color_selector.xml; res/color/m3_calendar_item_disabled_text.xml; res/color/m3_calendar_item_stroke_color.xml; res/color/m3_card_foreground_color.xml; res/color/m3_card_ripple_color.xml; res/color/m3_card_stroke_color.xml; res/color/m3_checkbox_button_icon_tint.xml; res/color/m3_checkbox_button_tint.xml; res/color/m3_chip_assist_text_color.xml; res/color/m3_chip_background_color.xml; res/color/m3_chip_ripple_color.xml; res/color/m3_chip_stroke_color.xml; res/color/m3_chip_text_color.xml; res/color/m3_dark_default_color_primary_text.xml; res/color/m3_dark_default_color_secondary_text.xml; res/color/m3_dark_highlighted_text.xml; res/color/m3_dark_hint_foreground.xml; res/color/m3_dark_primary_text_disable_only.xml; res/color/m3_default_color_primary_text.xml; res/color/m3_default_color_secondary_text.xml; res/color/m3_efab_ripple_color_selector.xml; res/color/m3_fab_efab_background_color_selector.xml; res/color/m3_fab_efab_foreground_color_selector.xml; res/color/m3_fab_ripple_color_selector.xml; res/color/m3_filled_icon_button_container_color_selector.xml; res/color/m3_highlighted_text.xml; res/color/m3_hint_foreground.xml; res/color/m3_icon_button_icon_color_selector.xml; res/color/m3_navigation_bar_item_with_indicator_icon_tint.xml; res/color/m3_navigation_bar_item_with_indicator_label_tint.xml; res/color/m3_navigation_bar_ripple_color_selector.xml; res/color/m3_navigation_item_background_color.xml; res/color/m3_navigation_item_icon_tint.xml; res/color/m3_navigation_item_ripple_color.xml; res/color/m3_navigation_item_text_color.xml; res/color/m3_navigation_rail_item_with_indicator_icon_tint.xml; res/color/m3_navigation_rail_item_with_indicator_label_tint.xml; res/color/m3_navigation_rail_ripple_color_selector.xml; res/color/m3_primary_text_disable_only.xml; res/color/m3_radiobutton_button_tint.xml; res/color/m3_radiobutton_ripple_tint.xml; res/color/m3_selection_control_ripple_color_selector.xml; res/color/m3_simple_item_ripple_color.xml; res/color/m3_slider_active_tick_marks_color.xml; res/color/m3_slider_active_track_color.xml; res/color/m3_slider_inactive_tick_marks_color.xml; res/color/m3_slider_inactive_track_color.xml; res/color/m3_slider_thumb_color.xml; res/color/m3_standard_toolbar_button_text_color_selector.xml; res/color/m3_standard_toolbar_icon_button_container_color_selector.xml; res/color/m3_standard_toolbar_icon_button_icon_color_selector.xml; res/color/m3_standard_toolbar_icon_button_ripple_color_selector.xml; res/color/m3_switch_thumb_tint.xml; res/color/m3_switch_track_tint.xml; res/color/m3_tabs_icon_color.xml; res/color/m3_tabs_icon_color_secondary.xml; res/color/m3_tabs_ripple_color.xml; res/color/m3_tabs_ripple_color_secondary.xml; res/color/m3_tabs_text_color.xml; res/color/m3_tabs_text_color_secondary.xml; res/color/m3_text_button_background_color_selector.xml; res/color/m3_text_button_foreground_color_selector.xml; res/color/m3_text_button_ripple_color_selector.xml; res/color/m3_textfield_filled_background_color.xml; res/color/m3_textfield_indicator_text_color.xml; res/color/m3_textfield_input_text_color.xml; res/color/m3_textfield_label_color.xml; res/color/m3_textfield_stroke_color.xml; res/color/m3_timepicker_button_background_color.xml; res/color/m3_timepicker_button_ripple_color.xml; res/color/m3_timepicker_button_text_color.xml; res/color/m3_timepicker_clock_text_color.xml; res/color/m3_timepicker_display_background_color.xml; res/color/m3_timepicker_display_ripple_color.xml; res/color/m3_timepicker_display_text_color.xml; res/color/m3_timepicker_secondary_text_button_ripple_color.xml; res/color/m3_timepicker_secondary_text_button_text_color.xml; res/color/m3_timepicker_time_input_stroke_color.xml; res/color/m3_tonal_button_ripple_color_selector.xml; res/color/m3_vibrant_toolbar_button_text_color_selector.xml; res/color/m3_vibrant_toolbar_icon_button_container_color_selector.xml; res/color/m3_vibrant_toolbar_icon_button_icon_color_selector.xml; res/color/m3_vibrant_toolbar_icon_button_ripple_color_selector.xml; res/color/material_divider_color.xml; res/color/material_on_surface_disabled.xml; res/color/material_on_surface_emphasis_high_type.xml; res/color/material_on_surface_emphasis_medium.xml; res/color/material_slider_active_tick_marks_color.xml; res/color/material_slider_active_track_color.xml; res/color/material_slider_halo_color.xml; res/color/material_slider_inactive_tick_marks_color.xml; res/color/material_slider_inactive_track_color.xml; res/color/material_slider_thumb_color.xml; res/color/material_timepicker_button_background.xml; res/color/material_timepicker_button_stroke.xml; res/color/material_timepicker_clock_text_color.xml; res/color/material_timepicker_clockface.xml; res/color/material_timepicker_modebutton_tint.xml; res/color/mtrl_btn_bg_color_selector.xml; res/color/mtrl_btn_ripple_color.xml; res/color/mtrl_btn_stroke_color_selector.xml; res/color/mtrl_btn_text_btn_bg_color_selector.xml; res/color/mtrl_btn_text_btn_ripple_color.xml; res/color/mtrl_btn_text_color_selector.xml; res/color/mtrl_calendar_item_stroke_color.xml; res/color/mtrl_calendar_selected_range.xml; res/color/mtrl_card_view_foreground.xml; res/color/mtrl_card_view_ripple.xml; res/color/mtrl_chip_background_color.xml; res/color/mtrl_chip_close_icon_tint.xml; res/color/mtrl_chip_surface_color.xml; res/color/mtrl_chip_text_color.xml; res/color/mtrl_choice_chip_background_color.xml; res/color/mtrl_choice_chip_ripple_color.xml; res/color/mtrl_choice_chip_text_color.xml; res/color/mtrl_error.xml; res/color/mtrl_fab_bg_color_selector.xml; res/color/mtrl_fab_icon_text_color_selector.xml; res/color/mtrl_fab_ripple_color.xml; res/color/mtrl_filled_background_color.xml; res/color/mtrl_filled_icon_tint.xml; res/color/mtrl_filled_stroke_color.xml; res/color/mtrl_indicator_text_color.xml; res/color/mtrl_navigation_bar_item_tint.xml; res/color/mtrl_navigation_bar_ripple_color.xml; res/color/mtrl_navigation_item_background_color.xml; res/color/mtrl_navigation_item_icon_tint.xml; res/color/mtrl_navigation_item_text_color.xml; res/color/mtrl_on_primary_text_btn_text_color_selector.xml; res/color/mtrl_on_surface_ripple_color.xml; res/color/mtrl_outlined_icon_tint.xml; res/color/mtrl_outlined_stroke_color.xml; res/color/mtrl_popupmenu_overlay_color.xml; res/color/mtrl_switch_thumb_icon_tint.xml; res/color/mtrl_switch_thumb_tint.xml; res/color/mtrl_switch_track_decoration_tint.xml; res/color/mtrl_switch_track_tint.xml; res/color/mtrl_tabs_icon_color_selector.xml; res/color/mtrl_tabs_legacy_text_color_selector.xml; res/color/mtrl_tabs_ripple_color.xml; res/color/mtrl_text_btn_text_color_selector.xml; res/color/switch_thumb_material_dark.xml; res/color/switch_thumb_material_light.xml; res/drawable-watch/abc_dialog_material_background.xml; res/drawable/$avd_hide_password__0.xml; res/drawable/$avd_hide_password__1.xml; res/drawable/$avd_hide_password__2.xml; res/drawable/$avd_show_password__0.xml; res/drawable/$avd_show_password__1.xml; res/drawable/$avd_show_password__2.xml; res/drawable/$m3_avd_hide_password__0.xml; res/drawable/$m3_avd_hide_password__1.xml; res/drawable/$m3_avd_hide_password__2.xml; res/drawable/$m3_avd_show_password__0.xml; res/drawable/$m3_avd_show_password__1.xml; res/drawable/$m3_avd_show_password__2.xml; res/drawable/$mtrl_checkbox_button_checked_unchecked__0.xml; res/drawable/$mtrl_checkbox_button_checked_unchecked__1.xml; res/drawable/$mtrl_checkbox_button_checked_unchecked__2.xml; res/drawable/$mtrl_checkbox_button_icon_checked_indeterminate__0.xml; res/drawable/$mtrl_checkbox_button_icon_checked_unchecked__0.xml; res/drawable/$mtrl_checkbox_button_icon_checked_unchecked__1.xml; res/drawable/$mtrl_checkbox_button_icon_checked_unchecked__2.xml; res/drawable/$mtrl_checkbox_button_icon_indeterminate_checked__0.xml; res/drawable/$mtrl_checkbox_button_icon_indeterminate_unchecked__0.xml; res/drawable/$mtrl_checkbox_button_icon_indeterminate_unchecked__1.xml; res/drawable/$mtrl_checkbox_button_icon_indeterminate_unchecked__2.xml; res/drawable/$mtrl_checkbox_button_icon_unchecked_checked__0.xml; res/drawable/$mtrl_checkbox_button_icon_unchecked_checked__1.xml; res/drawable/$mtrl_checkbox_button_icon_unchecked_checked__2.xml; res/drawable/$mtrl_checkbox_button_icon_unchecked_indeterminate__0.xml; res/drawable/$mtrl_checkbox_button_icon_unchecked_indeterminate__1.xml; res/drawable/$mtrl_checkbox_button_icon_unchecked_indeterminate__2.xml; res/drawable/$mtrl_checkbox_button_unchecked_checked__0.xml; res/drawable/$mtrl_checkbox_button_unchecked_checked__1.xml; res/drawable/$mtrl_checkbox_button_unchecked_checked__2.xml; res/drawable/$mtrl_switch_thumb_checked_pressed__0.xml; res/drawable/$mtrl_switch_thumb_checked_unchecked__0.xml; res/drawable/$mtrl_switch_thumb_checked_unchecked__1.xml; res/drawable/$mtrl_switch_thumb_pressed_checked__0.xml; res/drawable/$mtrl_switch_thumb_pressed_unchecked__0.xml; res/drawable/$mtrl_switch_thumb_unchecked_checked__0.xml; res/drawable/$mtrl_switch_thumb_unchecked_checked__1.xml; res/drawable/$mtrl_switch_thumb_unchecked_pressed__0.xml; res/drawable/abc_action_bar_item_background_material.xml; res/drawable/abc_btn_borderless_material.xml; res/drawable/abc_btn_check_material.xml; res/drawable/abc_btn_check_material_anim.xml; res/drawable/abc_btn_colored_material.xml; res/drawable/abc_btn_default_mtrl_shape.xml; res/drawable/abc_btn_radio_material.xml; res/drawable/abc_btn_radio_material_anim.xml; res/drawable/abc_cab_background_internal_bg.xml; res/drawable/abc_cab_background_top_material.xml; res/drawable/abc_control_background_material.xml; res/drawable/abc_dialog_material_background.xml; res/drawable/abc_edit_text_material.xml; res/drawable/abc_ic_ab_back_material.xml; res/drawable/abc_ic_arrow_drop_right_black_24dp.xml; res/drawable/abc_ic_clear_material.xml; res/drawable/abc_ic_go_search_api_material.xml; res/drawable/abc_ic_menu_copy_mtrl_am_alpha.xml; res/drawable/abc_ic_menu_cut_mtrl_alpha.xml; res/drawable/abc_ic_menu_paste_mtrl_am_alpha.xml; res/drawable/abc_ic_menu_selectall_mtrl_alpha.xml; res/drawable/abc_ic_menu_share_mtrl_alpha.xml; res/drawable/abc_ic_search_api_material.xml; res/drawable/abc_ic_voice_search_api_material.xml; res/drawable/abc_item_background_holo_dark.xml; res/drawable/abc_item_background_holo_light.xml; res/drawable/abc_list_divider_material.xml; res/drawable/abc_list_selector_background_transition_holo_dark.xml; res/drawable/abc_list_selector_background_transition_holo_light.xml; res/drawable/abc_list_selector_holo_dark.xml; res/drawable/abc_list_selector_holo_light.xml; res/drawable/abc_seekbar_thumb_material.xml; res/drawable/abc_seekbar_tick_mark_material.xml; res/drawable/abc_seekbar_track_material.xml; res/drawable/abc_spinner_textfield_background_material.xml; res/drawable/abc_star_black_48dp.xml; res/drawable/abc_star_half_black_48dp.xml; res/drawable/abc_switch_thumb_material.xml; res/drawable/abc_tab_indicator_material.xml; res/drawable/abc_text_cursor_material.xml; res/drawable/abc_textfield_search_material.xml; res/drawable/abc_vector_test.xml; res/drawable/avd_hide_password.xml; res/drawable/avd_show_password.xml; res/drawable/bg_button_modern.xml; res/drawable/bg_card_modern.xml; res/drawable/bg_status_card.xml; res/drawable/bg_status_card_error.xml; res/drawable/bg_status_card_success.xml; res/drawable/btn_checkbox_checked_mtrl.xml; res/drawable/btn_checkbox_checked_to_unchecked_mtrl_animation.xml; res/drawable/btn_checkbox_unchecked_mtrl.xml; res/drawable/btn_checkbox_unchecked_to_checked_mtrl_animation.xml; res/drawable/btn_radio_off_mtrl.xml; res/drawable/btn_radio_off_to_on_mtrl_animation.xml; res/drawable/btn_radio_on_mtrl.xml; res/drawable/btn_radio_on_to_off_mtrl_animation.xml; res/drawable/design_fab_background.xml; res/drawable/design_ic_visibility.xml; res/drawable/design_ic_visibility_off.xml; res/drawable/design_password_eye.xml; res/drawable/design_snackbar_background.xml; res/drawable/ic_arrow_back_black_24.xml; res/drawable/ic_arrow_right.xml; res/drawable/ic_clear.xml; res/drawable/ic_clock_black_24dp.xml; res/drawable/ic_cloud.xml; res/drawable/ic_code.xml; res/drawable/ic_drag_handle.xml; res/drawable/ic_expand.xml; res/drawable/ic_favorite.xml; res/drawable/ic_info.xml; res/drawable/ic_keyboard_black_24dp.xml; res/drawable/ic_m3_chip_checked_circle.xml; res/drawable/ic_m3_chip_close.xml; res/drawable/ic_mtrl_checked_circle.xml; res/drawable/ic_mtrl_chip_checked_black.xml; res/drawable/ic_mtrl_chip_checked_circle.xml; res/drawable/ic_mtrl_chip_close_circle.xml; res/drawable/ic_my_themes.xml; res/drawable/ic_panel_add.xml; res/drawable/ic_panel_delete.xml; res/drawable/ic_search.xml; res/drawable/ic_settings.xml; res/drawable/ic_star.xml; res/drawable/ic_store.xml; res/drawable/ic_theme.xml; res/drawable/m3_avd_hide_password.xml; res/drawable/m3_avd_show_password.xml; res/drawable/m3_bottom_sheet_drag_handle.xml; res/drawable/m3_password_eye.xml; res/drawable/m3_popupmenu_background_overlay.xml; res/drawable/m3_radiobutton_ripple.xml; res/drawable/m3_selection_control_ripple.xml; res/drawable/m3_tabs_background.xml; res/drawable/m3_tabs_line_indicator.xml; res/drawable/m3_tabs_rounded_line_indicator.xml; res/drawable/material_cursor_drawable.xml; res/drawable/material_ic_calendar_black_24dp.xml; res/drawable/material_ic_clear_black_24dp.xml; res/drawable/material_ic_edit_black_24dp.xml; res/drawable/material_ic_keyboard_arrow_left_black_24dp.xml; res/drawable/material_ic_keyboard_arrow_right_black_24dp.xml; res/drawable/material_ic_menu_arrow_down_black_24dp.xml; res/drawable/mtrl_checkbox_button.xml; res/drawable/mtrl_checkbox_button_checked_unchecked.xml; res/drawable/mtrl_checkbox_button_icon.xml; res/drawable/mtrl_checkbox_button_icon_checked_indeterminate.xml; res/drawable/mtrl_checkbox_button_icon_checked_unchecked.xml; res/drawable/mtrl_checkbox_button_icon_indeterminate_checked.xml; res/drawable/mtrl_checkbox_button_icon_indeterminate_unchecked.xml; res/drawable/mtrl_checkbox_button_icon_unchecked_checked.xml; res/drawable/mtrl_checkbox_button_icon_unchecked_indeterminate.xml; res/drawable/mtrl_checkbox_button_unchecked_checked.xml; res/drawable/mtrl_dialog_background.xml; res/drawable/mtrl_dropdown_arrow.xml; res/drawable/mtrl_ic_arrow_drop_down.xml; res/drawable/mtrl_ic_arrow_drop_up.xml; res/drawable/mtrl_ic_cancel.xml; res/drawable/mtrl_ic_check_mark.xml; res/drawable/mtrl_ic_checkbox_checked.xml; res/drawable/mtrl_ic_checkbox_unchecked.xml; res/drawable/mtrl_ic_error.xml; res/drawable/mtrl_ic_indeterminate.xml; res/drawable/mtrl_popupmenu_background.xml; res/drawable/mtrl_popupmenu_background_overlay.xml; res/drawable/mtrl_switch_thumb.xml; res/drawable/mtrl_switch_thumb_checked.xml; res/drawable/mtrl_switch_thumb_checked_pressed.xml; res/drawable/mtrl_switch_thumb_checked_unchecked.xml; res/drawable/mtrl_switch_thumb_pressed.xml; res/drawable/mtrl_switch_thumb_pressed_checked.xml; res/drawable/mtrl_switch_thumb_pressed_unchecked.xml; res/drawable/mtrl_switch_thumb_unchecked.xml; res/drawable/mtrl_switch_thumb_unchecked_checked.xml; res/drawable/mtrl_switch_thumb_unchecked_pressed.xml; res/drawable/mtrl_switch_track.xml; res/drawable/mtrl_switch_track_decoration.xml; res/drawable/mtrl_tabs_default_indicator.xml; res/drawable/navigation_empty_icon.xml; res/drawable/notification_action_background.xml; res/drawable/notification_bg.xml; res/drawable/notification_bg_low.xml; res/drawable/notification_icon_background.xml; res/drawable/notification_tile_bg.xml; res/drawable/sentry_edit_text_border.xml; res/drawable/sentry_logo_dark.xml; res/drawable/sentry_oval_button_ripple_background.xml; res/drawable/sentry_user_feedback_button_logo_24.xml; res/drawable/tooltip_frame_dark.xml; res/drawable/tooltip_frame_light.xml; res/interpolator/btn_checkbox_checked_mtrl_animation_interpolator_0.xml; res/interpolator/btn_checkbox_checked_mtrl_animation_interpolator_1.xml; res/interpolator/btn_checkbox_unchecked_mtrl_animation_interpolator_0.xml; res/interpolator/btn_checkbox_unchecked_mtrl_animation_interpolator_1.xml; res/interpolator/btn_radio_to_off_mtrl_animation_interpolator_0.xml; res/interpolator/btn_radio_to_on_mtrl_animation_interpolator_0.xml; res/interpolator/fast_out_slow_in.xml; res/interpolator/m3_sys_motion_easing_emphasized.xml; res/interpolator/m3_sys_motion_easing_emphasized_accelerate.xml; res/interpolator/m3_sys_motion_easing_emphasized_decelerate.xml; res/interpolator/m3_sys_motion_easing_linear.xml; res/interpolator/m3_sys_motion_easing_standard.xml; res/interpolator/m3_sys_motion_easing_standard_accelerate.xml; res/interpolator/m3_sys_motion_easing_standard_decelerate.xml; res/interpolator/mtrl_fast_out_linear_in.xml; res/interpolator/mtrl_fast_out_slow_in.xml; res/interpolator/mtrl_linear_out_slow_in.xml; res/layout-land/material_clock_period_toggle_land.xml; res/layout-land/material_timepicker.xml; res/layout-land/mtrl_picker_header_dialog.xml; res/layout-watch/abc_alert_dialog_button_bar_material.xml; res/layout-watch/abc_alert_dialog_title_material.xml; res/layout/abc_action_bar_title_item.xml; res/layout/abc_action_menu_item_layout.xml; res/layout/abc_action_menu_layout.xml; res/layout/abc_action_mode_bar.xml; res/layout/abc_action_mode_close_item_material.xml; res/layout/abc_alert_dialog_button_bar_material.xml; res/layout/abc_alert_dialog_material.xml; res/layout/abc_alert_dialog_title_material.xml; res/layout/abc_cascading_menu_item_layout.xml; res/layout/abc_dialog_title_material.xml; res/layout/abc_expanded_menu_layout.xml; res/layout/abc_list_menu_item_checkbox.xml; res/layout/abc_list_menu_item_icon.xml; res/layout/abc_list_menu_item_layout.xml; res/layout/abc_list_menu_item_radio.xml; res/layout/abc_popup_menu_header_item_layout.xml; res/layout/abc_popup_menu_item_layout.xml; res/layout/abc_screen_content_include.xml; res/layout/abc_screen_simple.xml; res/layout/abc_screen_simple_overlay_action_mode.xml; res/layout/abc_screen_toolbar.xml; res/layout/abc_search_dropdown_item_icons_2line.xml; res/layout/abc_search_view.xml; res/layout/abc_select_dialog_material.xml; res/layout/activity_main.xml; res/layout/activity_text.xml; res/layout/design_menu_item_action_area.xml; res/layout/design_navigation_menu_item.xml; res/layout/design_text_input_end_icon.xml; res/layout/design_text_input_start_icon.xml; res/layout/exo_list_divider.xml; res/layout/m3_alert_dialog.xml; res/layout/m3_alert_dialog_actions.xml; res/layout/m3_alert_dialog_title.xml; res/layout/m3_auto_complete_simple_item.xml; res/layout/material_clock_display.xml; res/layout/material_clock_display_divider.xml; res/layout/material_clock_period_toggle.xml; res/layout/material_clockface_textview.xml; res/layout/material_clockface_view.xml; res/layout/material_radial_view_group.xml; res/layout/material_time_chip.xml; res/layout/material_time_input.xml; res/layout/material_timepicker.xml; res/layout/mtrl_alert_dialog.xml; res/layout/mtrl_alert_dialog_actions.xml; res/layout/mtrl_alert_dialog_title.xml; res/layout/mtrl_alert_select_dialog_item.xml; res/layout/mtrl_alert_select_dialog_multichoice.xml; res/layout/mtrl_alert_select_dialog_singlechoice.xml; res/layout/mtrl_auto_complete_simple_item.xml; res/layout/mtrl_calendar_day.xml; res/layout/mtrl_calendar_day_of_week.xml; res/layout/mtrl_calendar_days_of_week.xml; res/layout/mtrl_calendar_horizontal.xml; res/layout/mtrl_calendar_month.xml; res/layout/mtrl_calendar_month_labeled.xml; res/layout/mtrl_calendar_month_navigation.xml; res/layout/mtrl_calendar_months.xml; res/layout/mtrl_calendar_vertical.xml; res/layout/mtrl_calendar_year.xml; res/layout/mtrl_picker_actions.xml; res/layout/mtrl_picker_dialog.xml; res/layout/mtrl_picker_fullscreen.xml; res/layout/mtrl_picker_header_dialog.xml; res/layout/mtrl_picker_header_fullscreen.xml; res/layout/mtrl_picker_header_selection_text.xml; res/layout/mtrl_picker_header_title_text.xml; res/layout/mtrl_picker_header_toggle.xml; res/layout/notification_action.xml; res/layout/notification_action_tombstone.xml; res/layout/notification_media_action.xml; res/layout/notification_media_cancel_action.xml; res/layout/notification_template_big_media.xml; res/layout/notification_template_big_media_custom.xml; res/layout/notification_template_big_media_narrow.xml; res/layout/notification_template_big_media_narrow_custom.xml; res/layout/notification_template_custom_big.xml; res/layout/notification_template_icon_group.xml; res/layout/notification_template_lines_media.xml; res/layout/notification_template_media.xml; res/layout/notification_template_media_custom.xml; res/layout/notification_template_part_chronometer.xml; res/layout/notification_template_part_time.xml; res/layout/select_dialog_item_material.xml; res/layout/select_dialog_multichoice_material.xml; res/layout/select_dialog_singlechoice_material.xml; res/layout/sentry_dialog_user_feedback.xml; res/layout/support_simple_spinner_dropdown_item.xml; res/xml/m3_button_group_child_size_change.xml; res/xml/m3_split_button_inner_corner_size_state_list.xml; smali/L3.smali; smali/MD.smali; smali/Qj.smali; smali/com/google/android/material/chip/Chip.smali
http://www.apache.org/licenses/	许可证或规范链接	unknown/META-INF/androidx/constraintlayout/constraintlayout-core/LICENSE.txt
http://www.apache.org/licenses/LICENSE-2.0	许可证或规范链接	unknown/META-INF/LICENSE-luajava
https://android.googlesource.com/toolchain/llvm-project	构建/工具链标识	lib/arm64-v8a/libc++_shared.so; lib/arm64-v8a/libcherry.so; lib/arm64-v8a/libcrypto.so; lib/arm64-v8a/libdecrepit.so; lib/arm64-v8a/libdexkit.so; lib/arm64-v8a/libluajit.so; lib/arm64-v8a/libpki.so; lib/arm64-v8a/libsentry-android.so; lib/arm64-v8a/libsentry.so; lib/arm64-v8a/libssl.so
https://creativecommons.org/licenses/publicdomain	许可证或规范链接	unknown/META-INF/LICENSE-luajava
https://docs.sentry.io/platforms/android/troubleshooting/mixed-versions	静态 URL 字符串	smali/io/sentry/config/a.smali
https://docs.sentry.io/platforms/java/troubleshooting/mixed-versions	静态 URL 字符串	smali/io/sentry/config/a.smali
https://luajit.org/	静态 URL 字符串	unknown/META-INF/LICENSE-luajava
https://mozilla.org/MPL/2.0/	许可证或规范链接	unknown/okhttp3/internal/publicsuffix/NOTICE
https://publicsuffix.org/list/public_suffix_list.dat	静态 URL 字符串	unknown/okhttp3/internal/publicsuffix/NOTICE
https://www.apache.org/licenses/LICENSE-2.0	许可证或规范链接	unknown/META-INF/LICENSE-luajava
https://www.opensource.org/licenses/mit-license.php	许可证或规范链接	unknown/META-INF/LICENSE-luajava
https://youtrack.jetbrains.com/issue/KT-46465	静态 URL 字符串	unknown/kotlin/kotlin.kotlin_builtins
https://youtrack.jetbrains.com/issue/KT-55980	静态 URL 字符串	smali/ys.1.smali
