URL	分类	出现位置
http://java.sun.com/j2se/1.6.0/docs/guide/standards/	静态 URL 字符串（需结合调用点判断用途）	jadx-readable/resources/com/sun/xml/bind/v2/model/impl/Messages.properties; jadx-readable/resources/com/sun/xml/bind/v2/model/impl/Messages_de.properties; jadx-readable/resources/com/sun/xml/bind/v2/model/impl/Messages_es.properties; jadx-readable/resources/com/sun/xml/bind/v2/model/impl/Messages_fr.properties; jadx-readable/resources/com/sun/xml/bind/v2/model/impl/Messages_it.properties; jadx-readable/resources/com/sun/xml/bind/v2/model/impl/Messages_ja.properties; jadx-readable/resources/com/sun/xml/bind/v2/model/impl/Messages_ko.properties; jadx-readable/resources/com/sun/xml/bind/v2/model/impl/Messages_pt_BR.properties; jadx-readable/resources/com/sun/xml/bind/v2/model/impl/Messages_zh_CN.properties; jadx-readable/resources/com/sun/xml/bind/v2/model/impl/Messages_zh_TW.properties; unknown/com/sun/xml/bind/v2/model/impl/Messages.properties; unknown/com/sun/xml/bind/v2/model/impl/Messages_de.properties; unknown/com/sun/xml/bind/v2/model/impl/Messages_es.properties; unknown/com/sun/xml/bind/v2/model/impl/Messages_fr.properties; unknown/com/sun/xml/bind/v2/model/impl/Messages_it.properties; unknown/com/sun/xml/bind/v2/model/impl/Messages_ja.properties; unknown/com/sun/xml/bind/v2/model/impl/Messages_ko.properties; unknown/com/sun/xml/bind/v2/model/impl/Messages_pt_BR.properties; unknown/com/sun/xml/bind/v2/model/impl/Messages_zh_CN.properties; unknown/com/sun/xml/bind/v2/model/impl/Messages_zh_TW.properties
http://java.sun.com/txw	静态 URL 字符串（需结合调用点判断用途）	jadx-readable/resources/com/sun/xml/bind/v2/schemagen/xmlschema/xmlschema-for-jaxb.rng; unknown/com/sun/xml/bind/v2/schemagen/xmlschema/xmlschema-for-jaxb.rng
http://relaxng.org/ns/structure/1.0	静态 URL 字符串（需结合调用点判断用途）	jadx-readable/resources/com/sun/xml/bind/v2/schemagen/xmlschema/xmlschema-for-jaxb.rng; unknown/com/sun/xml/bind/v2/schemagen/xmlschema/xmlschema-for-jaxb.rng
http://schemas.android.com/apk/res-auto	Android XML 命名空间	jadx-readable/resources/res/layout/aadialog_base.xml; jadx-readable/resources/res/layout/abc_action_menu_layout.xml; jadx-readable/resources/res/layout/abc_action_mode_close_item_material.xml; jadx-readable/resources/res/layout/abc_alert_dialog_material.xml; jadx-readable/resources/res/layout/abc_screen_toolbar.xml; jadx-readable/resources/res/layout/abc_select_dialog_material.xml; res/layout/aadialog_base.xml; res/layout/abc_action_menu_layout.xml; res/layout/abc_action_mode_close_item_material.xml; res/layout/abc_alert_dialog_material.xml; res/layout/abc_screen_toolbar.xml; res/layout/abc_select_dialog_material.xml
http://schemas.android.com/apk/res/android	Android XML 命名空间	AndroidManifest.xml; jadx-readable/resources/AndroidManifest.xml; jadx-readable/resources/res/anim/abc_grow_fade_in_from_bottom.xml; jadx-readable/resources/res/anim/abc_popup_enter.xml; jadx-readable/resources/res/anim/abc_popup_exit.xml; jadx-readable/resources/res/anim/abc_shrink_fade_out_from_bottom.xml; jadx-readable/resources/res/anim/abc_tooltip_enter.xml; jadx-readable/resources/res/anim/abc_tooltip_exit.xml; jadx-readable/resources/res/anim/btn_checkbox_to_checked_box_inner_merged_animation.xml; jadx-readable/resources/res/anim/btn_checkbox_to_checked_box_outer_merged_animation.xml; jadx-readable/resources/res/anim/btn_checkbox_to_checked_icon_null_animation.xml; jadx-readable/resources/res/anim/btn_checkbox_to_unchecked_box_inner_merged_animation.xml; jadx-readable/resources/res/anim/btn_checkbox_to_unchecked_check_path_merged_animation.xml; jadx-readable/resources/res/anim/btn_checkbox_to_unchecked_icon_null_animation.xml; jadx-readable/resources/res/anim/btn_radio_to_off_mtrl_dot_group_animation.xml; jadx-readable/resources/res/anim/btn_radio_to_off_mtrl_ring_outer_animation.xml; jadx-readable/resources/res/anim/btn_radio_to_off_mtrl_ring_outer_path_animation.xml; jadx-readable/resources/res/anim/btn_radio_to_on_mtrl_dot_group_animation.xml; jadx-readable/resources/res/anim/btn_radio_to_on_mtrl_ring_outer_animation.xml; jadx-readable/resources/res/anim/btn_radio_to_on_mtrl_ring_outer_path_animation.xml; jadx-readable/resources/res/anim/fragment_fast_out_extra_slow_in.xml; jadx-readable/resources/res/anim/global_panel_dialog_anim_in.xml; jadx-readable/resources/res/anim/global_panel_dialog_anim_out.xml; jadx-readable/resources/res/anim/popup_content_in.xml; jadx-readable/resources/res/anim/popup_content_out.xml; jadx-readable/resources/res/animator/fragment_close_enter.xml; jadx-readable/resources/res/animator/fragment_close_exit.xml; jadx-readable/resources/res/animator/fragment_fade_enter.xml; jadx-readable/resources/res/animator/fragment_fade_exit.xml; jadx-readable/resources/res/animator/fragment_open_enter.xml; jadx-readable/resources/res/animator/fragment_open_exit.xml; jadx-readable/resources/res/color/abc_color_highlight_material.xml; jadx-readable/resources/res/color/abc_primary_text_material_dark.xml; jadx-readable/resources/res/color/abc_primary_text_material_light.xml; jadx-readable/resources/res/color/abc_search_url_text.xml; jadx-readable/resources/res/color/abc_tint_btn_checkable.xml; jadx-readable/resources/res/color/abc_tint_default.xml; jadx-readable/resources/res/color/abc_tint_edittext.xml; jadx-readable/resources/res/color/abc_tint_seek_thumb.xml; jadx-readable/resources/res/color/abc_tint_spinner.xml; jadx-readable/resources/res/color/abc_tint_switch_track.xml; jadx-readable/resources/res/color/fun_checkbox_button_tint.xml; jadx-readable/resources/res/color/switch_thumb_material_dark.xml; jadx-readable/resources/res/color/switch_thumb_material_light.xml; jadx-readable/resources/res/drawable-night/design_ui_radius_bg_4.xml; jadx-readable/resources/res/drawable-night/design_ui_radius_bg_4_little_no_transparent.xml; jadx-readable/resources/res/drawable-night/global_icon_color_panel.xml; jadx-readable/resources/res/drawable-night/global_icon_convert.xml; jadx-readable/resources/res/drawable-night/global_icon_delete.xml; jadx-readable/resources/res/drawable-night/global_icon_download.xml; jadx-readable/resources/res/drawable-night/global_icon_earth.xml; jadx-readable/resources/res/drawable-night/global_icon_history.xml; jadx-readable/resources/res/drawable-night/global_icon_home.xml; jadx-readable/resources/res/drawable-night/global_icon_input.xml; jadx-readable/resources/res/drawable-night/global_icon_more_set.xml; jadx-readable/resources/res/drawable-night/global_icon_search.xml; jadx-readable/resources/res/drawable-night/global_icon_settings.xml; jadx-readable/resources/res/drawable-night/global_icon_share.xml; jadx-readable/resources/res/drawable-night/global_icon_similar_search.xml; jadx-readable/resources/res/drawable-night/global_icon_tts.xml; jadx-readable/resources/res/drawable-night/main_ui_background_container.xml; jadx-readable/resources/res/drawable-watch/abc_dialog_material_background.xml; jadx-readable/resources/res/drawable/abc_action_bar_item_background_material.xml; jadx-readable/resources/res/drawable/abc_btn_borderless_material.xml; jadx-readable/resources/res/drawable/abc_btn_check_material.xml; jadx-readable/resources/res/drawable/abc_btn_check_material_anim.xml; jadx-readable/resources/res/drawable/abc_btn_colored_material.xml; jadx-readable/resources/res/drawable/abc_btn_default_mtrl_shape.xml; jadx-readable/resources/res/drawable/abc_btn_radio_material.xml; jadx-readable/resources/res/drawable/abc_btn_radio_material_anim.xml; jadx-readable/resources/res/drawable/abc_cab_background_internal_bg.xml; jadx-readable/resources/res/drawable/abc_cab_background_top_material.xml; jadx-readable/resources/res/drawable/abc_control_background_material.xml; jadx-readable/resources/res/drawable/abc_dialog_material_background.xml; jadx-readable/resources/res/drawable/abc_edit_text_material.xml; jadx-readable/resources/res/drawable/abc_ic_ab_back_material.xml; jadx-readable/resources/res/drawable/abc_ic_arrow_drop_right_black_24dp.xml; jadx-readable/resources/res/drawable/abc_ic_clear_material.xml; jadx-readable/resources/res/drawable/abc_ic_go_search_api_material.xml; jadx-readable/resources/res/drawable/abc_ic_menu_copy_mtrl_am_alpha.xml; jadx-readable/resources/res/drawable/abc_ic_menu_cut_mtrl_alpha.xml; jadx-readable/resources/res/drawable/abc_ic_menu_paste_mtrl_am_alpha.xml; jadx-readable/resources/res/drawable/abc_ic_menu_selectall_mtrl_alpha.xml; jadx-readable/resources/res/drawable/abc_ic_menu_share_mtrl_alpha.xml; jadx-readable/resources/res/drawable/abc_ic_search_api_material.xml; jadx-readable/resources/res/drawable/abc_ic_voice_search_api_material.xml; jadx-readable/resources/res/drawable/abc_item_background_holo_dark.xml; jadx-readable/resources/res/drawable/abc_item_background_holo_light.xml; jadx-readable/resources/res/drawable/abc_list_divider_material.xml; jadx-readable/resources/res/drawable/abc_list_selector_background_transition_holo_dark.xml; jadx-readable/resources/res/drawable/abc_list_selector_background_transition_holo_light.xml; jadx-readable/resources/res/drawable/abc_list_selector_holo_dark.xml; jadx-readable/resources/res/drawable/abc_list_selector_holo_light.xml; jadx-readable/resources/res/drawable/abc_seekbar_thumb_material.xml; jadx-readable/resources/res/drawable/abc_seekbar_tick_mark_material.xml; jadx-readable/resources/res/drawable/abc_seekbar_track_material.xml; jadx-readable/resources/res/drawable/abc_spinner_textfield_background_material.xml; jadx-readable/resources/res/drawable/abc_star_black_48dp.xml; jadx-readable/resources/res/drawable/abc_star_half_black_48dp.xml; jadx-readable/resources/res/drawable/abc_switch_thumb_material.xml; jadx-readable/resources/res/drawable/abc_tab_indicator_material.xml; jadx-readable/resources/res/drawable/abc_text_cursor_material.xml; jadx-readable/resources/res/drawable/abc_textfield_search_material.xml; jadx-readable/resources/res/drawable/abc_vector_test.xml; jadx-readable/resources/res/drawable/ai_add_button_bg.xml; jadx-readable/resources/res/drawable/ai_input_bg.xml; jadx-readable/resources/res/drawable/ai_project_card_bg.xml; jadx-readable/resources/res/drawable/ai_type_chip_bg.xml; jadx-readable/resources/res/drawable/btn_checkbox_checked_mtrl.xml; jadx-readable/resources/res/drawable/btn_checkbox_checked_to_unchecked_mtrl_animation.xml; jadx-readable/resources/res/drawable/btn_checkbox_unchecked_mtrl.xml; jadx-readable/resources/res/drawable/btn_checkbox_unchecked_to_checked_mtrl_animation.xml; jadx-readable/resources/res/drawable/btn_radio_off_mtrl.xml; jadx-readable/resources/res/drawable/btn_radio_off_to_on_mtrl_animation.xml; jadx-readable/resources/res/drawable/btn_radio_on_mtrl.xml; jadx-readable/resources/res/drawable/btn_radio_on_to_off_mtrl_animation.xml; jadx-readable/resources/res/drawable/design_shape_radius.xml; jadx-readable/resources/res/drawable/design_shape_radius2.xml; jadx-readable/resources/res/drawable/design_ui_radius_bg_4.xml; jadx-readable/resources/res/drawable/design_ui_radius_bg_4_little_no_transparent.xml; jadx-readable/resources/res/drawable/design_ui_radius_bg_4_little_no_transparent_blue.xml; jadx-readable/resources/res/drawable/design_ui_ripple.xml; jadx-readable/resources/res/drawable/global_icon_color_panel.xml; jadx-readable/resources/res/drawable/global_icon_convert.xml; jadx-readable/resources/res/drawable/global_icon_copy.xml; jadx-readable/resources/res/drawable/global_icon_delete.xml; jadx-readable/resources/res/drawable/global_icon_download.xml; jadx-readable/resources/res/drawable/global_icon_earth.xml; jadx-readable/resources/res/drawable/global_icon_folder.xml; jadx-readable/resources/res/drawable/global_icon_history.xml; jadx-readable/resources/res/drawable/global_icon_home.xml; jadx-readable/resources/res/drawable/global_icon_input.xml; jadx-readable/resources/res/drawable/global_icon_more_set.xml; jadx-readable/resources/res/drawable/global_icon_search.xml; jadx-readable/resources/res/drawable/global_icon_send.xml; jadx-readable/resources/res/drawable/global_icon_settings.xml; jadx-readable/resources/res/drawable/global_icon_share.xml; jadx-readable/resources/res/drawable/global_icon_similar_search.xml; jadx-readable/resources/res/drawable/global_icon_tts.xml; jadx-readable/resources/res/drawable/global_icon_tts_night_fixed.xml; jadx-readable/resources/res/drawable/main_icon.xml; jadx-readable/resources/res/drawable/main_ui_background_container.xml; jadx-readable/resources/res/drawable/notification_action_background.xml; jadx-readable/resources/res/drawable/notification_bg.xml; jadx-readable/resources/res/drawable/notification_bg_low.xml; jadx-readable/resources/res/drawable/notification_icon_background.xml; jadx-readable/resources/res/drawable/notification_tile_bg.xml; jadx-readable/resources/res/drawable/pb_result_bg.xml; jadx-readable/resources/res/drawable/plugin_item_bg.xml; jadx-readable/resources/res/drawable/sticker_sort_fab_bg.xml; jadx-readable/resources/res/drawable/sticker_sort_ic_redo.xml; jadx-readable/resources/res/drawable/sticker_sort_ic_save.xml; jadx-readable/resources/res/drawable/sticker_sort_ic_select_all.xml; jadx-readable/resources/res/drawable/sticker_sort_ic_tune.xml; jadx-readable/resources/res/drawable/sticker_sort_ic_undo.xml; jadx-readable/resources/res/drawable/sticker_sort_save_bg.xml; jadx-readable/resources/res/drawable/sticker_sort_toolbar_bg.xml; jadx-readable/resources/res/drawable/test_level_drawable.xml; jadx-readable/resources/res/drawable/text_underline.xml; jadx-readable/resources/res/drawable/tooltip_frame_dark.xml; jadx-readable/resources/res/drawable/tooltip_frame_light.xml; jadx-readable/resources/res/interpolator/btn_checkbox_checked_mtrl_animation_interpolator_0.xml; jadx-readable/resources/res/interpolator/btn_checkbox_checked_mtrl_animation_interpolator_1.xml; jadx-readable/resources/res/interpolator/btn_checkbox_unchecked_mtrl_animation_interpolator_0.xml; jadx-readable/resources/res/interpolator/btn_checkbox_unchecked_mtrl_animation_interpolator_1.xml; jadx-readable/resources/res/interpolator/btn_radio_to_off_mtrl_animation_interpolator_0.xml; jadx-readable/resources/res/interpolator/btn_radio_to_on_mtrl_animation_interpolator_0.xml; jadx-readable/resources/res/interpolator/fast_out_slow_in.xml; jadx-readable/resources/res/layout-watch/abc_alert_dialog_button_bar_material.xml; jadx-readable/resources/res/layout-watch/abc_alert_dialog_title_material.xml; jadx-readable/resources/res/layout/aadialog_base.xml; jadx-readable/resources/res/layout/aadialog_choice.xml; jadx-readable/resources/res/layout/aadialog_choice_item.xml; jadx-readable/resources/res/layout/aadialog_confirm.xml; jadx-readable/resources/res/layout/abc_action_bar_title_item.xml; jadx-readable/resources/res/layout/abc_action_menu_item_layout.xml; jadx-readable/resources/res/layout/abc_action_menu_layout.xml; jadx-readable/resources/res/layout/abc_action_mode_bar.xml; jadx-readable/resources/res/layout/abc_action_mode_close_item_material.xml; jadx-readable/resources/res/layout/abc_alert_dialog_button_bar_material.xml; jadx-readable/resources/res/layout/abc_alert_dialog_material.xml; jadx-readable/resources/res/layout/abc_alert_dialog_title_material.xml; jadx-readable/resources/res/layout/abc_cascading_menu_item_layout.xml; jadx-readable/resources/res/layout/abc_dialog_title_material.xml; jadx-readable/resources/res/layout/abc_expanded_menu_layout.xml; jadx-readable/resources/res/layout/abc_list_menu_item_checkbox.xml; jadx-readable/resources/res/layout/abc_list_menu_item_icon.xml; jadx-readable/resources/res/layout/abc_list_menu_item_layout.xml; jadx-readable/resources/res/layout/abc_list_menu_item_radio.xml; jadx-readable/resources/res/layout/abc_popup_menu_header_item_layout.xml; jadx-readable/resources/res/layout/abc_popup_menu_item_layout.xml; jadx-readable/resources/res/layout/abc_screen_content_include.xml; jadx-readable/resources/res/layout/abc_screen_simple.xml; jadx-readable/resources/res/layout/abc_screen_simple_overlay_action_mode.xml; jadx-readable/resources/res/layout/abc_screen_toolbar.xml; jadx-readable/resources/res/layout/abc_search_dropdown_item_icons_2line.xml; jadx-readable/resources/res/layout/abc_search_view.xml; jadx-readable/resources/res/layout/abc_select_dialog_material.xml; jadx-readable/resources/res/layout/chatfilter_group_item.xml; jadx-readable/resources/res/layout/chatfilter_group_set.xml; jadx-readable/resources/res/layout/chatfilter_wx_conf.xml; jadx-readable/resources/res/layout/chatfilter_wx_conf_item.xml; jadx-readable/resources/res/layout/debug_info.xml; jadx-readable/resources/res/layout/donate_root.xml; jadx-readable/resources/res/layout/downloader_float_info.xml; jadx-readable/resources/res/layout/downloader_float_window.xml; jadx-readable/resources/res/layout/global_panel_root.xml; jadx-readable/resources/res/layout/group_refuse_preset_root.xml; jadx-readable/resources/res/layout/groupmanager_fastmenu_opitem.xml; jadx-readable/resources/res/layout/groupmanager_fastmenu_oplog.xml; jadx-readable/resources/res/layout/groupmanager_fastmenu_oplog_inject.xml; jadx-readable/resources/res/layout/groupmanager_fastmenu_root.xml; jadx-readable/resources/res/layout/groupmanager_log_item.xml; jadx-readable/resources/res/layout/groupmanager_log_root.xml; jadx-readable/resources/res/layout/loading_layout.xml; jadx-readable/resources/res/layout/main_info_ui_change_server_item.xml; jadx-readable/resources/res/layout/main_info_ui_group_donate.xml; jadx-readable/resources/res/layout/main_info_ui_output.xml; jadx-readable/resources/res/layout/main_info_ui_path_preview.xml; jadx-readable/resources/res/layout/main_info_ui_path_set.xml; jadx-readable/resources/res/layout/main_info_ui_userinfo.xml; jadx-readable/resources/res/layout/main_info_ui_ver.xml; jadx-readable/resources/res/layout/main_panel_ui_chatbox_msg_action.xml; jadx-readable/resources/res/layout/main_panel_ui_group_float.xml; jadx-readable/resources/res/layout/main_panel_ui_sticker.xml; jadx-readable/resources/res/layout/main_panel_ui_voice.xml; jadx-readable/resources/res/layout/main_root.xml; jadx-readable/resources/res/layout/main_set_media.xml; jadx-readable/resources/res/layout/main_set_simple.xml; jadx-readable/resources/res/layout/main_set_translate.xml; jadx-readable/resources/res/layout/main_set_vip.xml; jadx-readable/resources/res/layout/notice_dialog.xml; jadx-readable/resources/res/layout/notice_dialog_nohtml.xml; jadx-readable/resources/res/layout/notification_action.xml; jadx-readable/resources/res/layout/notification_action_tombstone.xml; jadx-readable/resources/res/layout/notification_template_custom_big.xml; jadx-readable/resources/res/layout/notification_template_icon_group.xml; jadx-readable/resources/res/layout/notification_template_part_chronometer.xml; jadx-readable/resources/res/layout/notification_template_part_time.xml; jadx-readable/resources/res/layout/online_music_content_root.xml; jadx-readable/resources/res/layout/online_music_title_root.xml; jadx-readable/resources/res/layout/pb_tool_get.xml; jadx-readable/resources/res/layout/pb_tool_send.xml; jadx-readable/resources/res/layout/pbtool_online_root.xml; jadx-readable/resources/res/layout/plugin_edit_root.xml; jadx-readable/resources/res/layout/plugin_info_dialog.xml; jadx-readable/resources/res/layout/plugin_item_select.xml; jadx-readable/resources/res/layout/plugin_menu_item.xml; jadx-readable/resources/res/layout/plugin_menu_root.xml; jadx-readable/resources/res/layout/plugin_online_item.xml; jadx-readable/resources/res/layout/plugin_root.xml; jadx-readable/resources/res/layout/plugin_root_item.xml; jadx-readable/resources/res/layout/redpacket_root.xml; jadx-readable/resources/res/layout/redpacket_wx_root.xml; jadx-readable/resources/res/layout/select_dialog_item_material.xml; jadx-readable/resources/res/layout/select_dialog_multichoice_material.xml; jadx-readable/resources/res/layout/select_dialog_singlechoice_material.xml; jadx-readable/resources/res/layout/sticker_online_search_root.xml; jadx-readable/resources/res/layout/sticker_online_search_title_bar.xml; jadx-readable/resources/res/layout/sticker_out_show_set.xml; jadx-readable/resources/res/layout/sticker_panel_input_from_local.xml; jadx-readable/resources/res/layout/sticker_panel_local_pack_set.xml; jadx-readable/resources/res/layout/sticker_panel_multi_select.xml; jadx-readable/resources/res/layout/sticker_panel_online_content_info.xml; jadx-readable/resources/res/layout/sticker_panel_online_pack_info.xml; jadx-readable/resources/res/layout/sticker_panel_pack_bar_item.xml; jadx-readable/resources/res/layout/sticker_panel_pre_save_pack_item.xml; jadx-readable/resources/res/layout/sticker_panel_pre_save_pic_layout.xml; jadx-readable/resources/res/layout/sticker_panel_preview_imgae.xml; jadx-readable/resources/res/layout/sticker_panel_set_root.xml; jadx-readable/resources/res/layout/sticker_sort_activity.xml; jadx-readable/resources/res/layout/sticker_sort_item.xml; jadx-readable/resources/res/layout/support_simple_spinner_dropdown_item.xml; jadx-readable/resources/res/layout/transfer_wx_root.xml; jadx-readable/resources/res/layout/voice_panel_custom_pack_set_root.xml; jadx-readable/resources/res/layout/voice_panel_item.xml; jadx-readable/resources/res/layout/voice_panel_local_title_bar.xml; jadx-readable/resources/res/layout/voice_panel_music_player.xml; jadx-readable/resources/res/layout/voice_panel_pack_item.xml; jadx-readable/resources/res/layout/voice_panel_presave_dialog.xml; jadx-readable/resources/res/layout/voice_panel_set.xml; jadx-readable/resources/res/layout/voice_panel_share_info.xml; jadx-readable/resources/res/layout/voice_panel_share_self.xml; jadx-readable/resources/res/layout/voice_panel_tts.xml; jadx-readable/resources/res/layout/voice_panel_tts_history_item.xml; jadx-readable/resources/res/layout/voice_player_extra_btn.xml; jadx-readable/resources/res/layout/voice_player_root.xml; jadx-readable/resources/res/layout/wait_list_ui_item.xml; jadx-readable/resources/res/layout/waitlist_float_btn.xml; jadx-readable/resources/res/layout/xlist_dialog_content_check.xml; jadx-readable/resources/res/layout/xlist_dialog_content_item.xml; jadx-readable/resources/res/layout/xlist_dialog_root.xml; res/anim/abc_grow_fade_in_from_bottom.xml; res/anim/abc_popup_enter.xml; res/anim/abc_popup_exit.xml; res/anim/abc_shrink_fade_out_from_bottom.xml; res/anim/abc_tooltip_enter.xml; res/anim/abc_tooltip_exit.xml; res/anim/btn_checkbox_to_checked_box_inner_merged_animation.xml; res/anim/btn_checkbox_to_checked_box_outer_merged_animation.xml; res/anim/btn_checkbox_to_checked_icon_null_animation.xml; res/anim/btn_checkbox_to_unchecked_box_inner_merged_animation.xml; res/anim/btn_checkbox_to_unchecked_check_path_merged_animation.xml; res/anim/btn_checkbox_to_unchecked_icon_null_animation.xml; res/anim/btn_radio_to_off_mtrl_dot_group_animation.xml; res/anim/btn_radio_to_off_mtrl_ring_outer_animation.xml; res/anim/btn_radio_to_off_mtrl_ring_outer_path_animation.xml; res/anim/btn_radio_to_on_mtrl_dot_group_animation.xml; res/anim/btn_radio_to_on_mtrl_ring_outer_animation.xml; res/anim/btn_radio_to_on_mtrl_ring_outer_path_animation.xml; res/anim/fragment_fast_out_extra_slow_in.xml; res/anim/global_panel_dialog_anim_in.xml; res/anim/global_panel_dialog_anim_out.xml; res/anim/popup_content_in.xml; res/anim/popup_content_out.xml; res/animator/fragment_close_enter.xml; res/animator/fragment_close_exit.xml; res/animator/fragment_fade_enter.xml; res/animator/fragment_fade_exit.xml; res/animator/fragment_open_enter.xml; res/animator/fragment_open_exit.xml; res/color/abc_color_highlight_material.xml; res/color/abc_primary_text_material_dark.xml; res/color/abc_primary_text_material_light.xml; res/color/abc_search_url_text.xml; res/color/abc_tint_btn_checkable.xml; res/color/abc_tint_default.xml; res/color/abc_tint_edittext.xml; res/color/abc_tint_seek_thumb.xml; res/color/abc_tint_spinner.xml; res/color/abc_tint_switch_track.xml; res/color/fun_checkbox_button_tint.xml; res/color/switch_thumb_material_dark.xml; res/color/switch_thumb_material_light.xml; res/drawable-night/design_ui_radius_bg_4.xml; res/drawable-night/design_ui_radius_bg_4_little_no_transparent.xml; res/drawable-night/global_icon_color_panel.xml; res/drawable-night/global_icon_convert.xml; res/drawable-night/global_icon_delete.xml; res/drawable-night/global_icon_download.xml; res/drawable-night/global_icon_earth.xml; res/drawable-night/global_icon_history.xml; res/drawable-night/global_icon_home.xml; res/drawable-night/global_icon_input.xml; res/drawable-night/global_icon_more_set.xml; res/drawable-night/global_icon_search.xml; res/drawable-night/global_icon_settings.xml; res/drawable-night/global_icon_share.xml; res/drawable-night/global_icon_similar_search.xml; res/drawable-night/global_icon_tts.xml; res/drawable-night/main_ui_background_container.xml; res/drawable-watch/abc_dialog_material_background.xml; res/drawable/abc_action_bar_item_background_material.xml; res/drawable/abc_btn_borderless_material.xml; res/drawable/abc_btn_check_material.xml; res/drawable/abc_btn_check_material_anim.xml; res/drawable/abc_btn_colored_material.xml; res/drawable/abc_btn_default_mtrl_shape.xml; res/drawable/abc_btn_radio_material.xml; res/drawable/abc_btn_radio_material_anim.xml; res/drawable/abc_cab_background_internal_bg.xml; res/drawable/abc_cab_background_top_material.xml; res/drawable/abc_control_background_material.xml; res/drawable/abc_dialog_material_background.xml; res/drawable/abc_edit_text_material.xml; res/drawable/abc_ic_ab_back_material.xml; res/drawable/abc_ic_arrow_drop_right_black_24dp.xml; res/drawable/abc_ic_clear_material.xml; res/drawable/abc_ic_go_search_api_material.xml; res/drawable/abc_ic_menu_copy_mtrl_am_alpha.xml; res/drawable/abc_ic_menu_cut_mtrl_alpha.xml; res/drawable/abc_ic_menu_paste_mtrl_am_alpha.xml; res/drawable/abc_ic_menu_selectall_mtrl_alpha.xml; res/drawable/abc_ic_menu_share_mtrl_alpha.xml; res/drawable/abc_ic_search_api_material.xml; res/drawable/abc_ic_voice_search_api_material.xml; res/drawable/abc_item_background_holo_dark.xml; res/drawable/abc_item_background_holo_light.xml; res/drawable/abc_list_divider_material.xml; res/drawable/abc_list_selector_background_transition_holo_dark.xml; res/drawable/abc_list_selector_background_transition_holo_light.xml; res/drawable/abc_list_selector_holo_dark.xml; res/drawable/abc_list_selector_holo_light.xml; res/drawable/abc_seekbar_thumb_material.xml; res/drawable/abc_seekbar_tick_mark_material.xml; res/drawable/abc_seekbar_track_material.xml; res/drawable/abc_spinner_textfield_background_material.xml; res/drawable/abc_star_black_48dp.xml; res/drawable/abc_star_half_black_48dp.xml; res/drawable/abc_switch_thumb_material.xml; res/drawable/abc_tab_indicator_material.xml; res/drawable/abc_text_cursor_material.xml; res/drawable/abc_textfield_search_material.xml; res/drawable/abc_vector_test.xml; res/drawable/ai_add_button_bg.xml; res/drawable/ai_input_bg.xml; res/drawable/ai_project_card_bg.xml; res/drawable/ai_type_chip_bg.xml; res/drawable/btn_checkbox_checked_mtrl.xml; res/drawable/btn_checkbox_checked_to_unchecked_mtrl_animation.xml; res/drawable/btn_checkbox_unchecked_mtrl.xml; res/drawable/btn_checkbox_unchecked_to_checked_mtrl_animation.xml; res/drawable/btn_radio_off_mtrl.xml; res/drawable/btn_radio_off_to_on_mtrl_animation.xml; res/drawable/btn_radio_on_mtrl.xml; res/drawable/btn_radio_on_to_off_mtrl_animation.xml; res/drawable/design_shape_radius.xml; res/drawable/design_shape_radius2.xml; res/drawable/design_ui_radius_bg_4.xml; res/drawable/design_ui_radius_bg_4_little_no_transparent.xml; res/drawable/design_ui_radius_bg_4_little_no_transparent_blue.xml; res/drawable/design_ui_ripple.xml; res/drawable/global_icon_color_panel.xml; res/drawable/global_icon_convert.xml; res/drawable/global_icon_copy.xml; res/drawable/global_icon_delete.xml; res/drawable/global_icon_download.xml; res/drawable/global_icon_earth.xml; res/drawable/global_icon_folder.xml; res/drawable/global_icon_history.xml; res/drawable/global_icon_home.xml; res/drawable/global_icon_input.xml; res/drawable/global_icon_more_set.xml; res/drawable/global_icon_search.xml; res/drawable/global_icon_send.xml; res/drawable/global_icon_settings.xml; res/drawable/global_icon_share.xml; res/drawable/global_icon_similar_search.xml; res/drawable/global_icon_tts.xml; res/drawable/global_icon_tts_night_fixed.xml; res/drawable/main_icon.xml; res/drawable/main_ui_background_container.xml; res/drawable/notification_action_background.xml; res/drawable/notification_bg.xml; res/drawable/notification_bg_low.xml; res/drawable/notification_icon_background.xml; res/drawable/notification_tile_bg.xml; res/drawable/pb_result_bg.xml; res/drawable/plugin_item_bg.xml; res/drawable/sticker_sort_fab_bg.xml; res/drawable/sticker_sort_ic_redo.xml; res/drawable/sticker_sort_ic_save.xml; res/drawable/sticker_sort_ic_select_all.xml; res/drawable/sticker_sort_ic_tune.xml; res/drawable/sticker_sort_ic_undo.xml; res/drawable/sticker_sort_save_bg.xml; res/drawable/sticker_sort_toolbar_bg.xml; res/drawable/test_level_drawable.xml; res/drawable/text_underline.xml; res/drawable/tooltip_frame_dark.xml; res/drawable/tooltip_frame_light.xml; res/interpolator/btn_checkbox_checked_mtrl_animation_interpolator_0.xml; res/interpolator/btn_checkbox_checked_mtrl_animation_interpolator_1.xml; res/interpolator/btn_checkbox_unchecked_mtrl_animation_interpolator_0.xml; res/interpolator/btn_checkbox_unchecked_mtrl_animation_interpolator_1.xml; res/interpolator/btn_radio_to_off_mtrl_animation_interpolator_0.xml; res/interpolator/btn_radio_to_on_mtrl_animation_interpolator_0.xml; res/interpolator/fast_out_slow_in.xml; res/layout-watch/abc_alert_dialog_button_bar_material.xml; res/layout-watch/abc_alert_dialog_title_material.xml; res/layout/aadialog_base.xml; res/layout/aadialog_choice.xml; res/layout/aadialog_choice_item.xml; res/layout/aadialog_confirm.xml; res/layout/abc_action_bar_title_item.xml; res/layout/abc_action_menu_item_layout.xml; res/layout/abc_action_menu_layout.xml; res/layout/abc_action_mode_bar.xml; res/layout/abc_action_mode_close_item_material.xml; res/layout/abc_alert_dialog_button_bar_material.xml; res/layout/abc_alert_dialog_material.xml; res/layout/abc_alert_dialog_title_material.xml; res/layout/abc_cascading_menu_item_layout.xml; res/layout/abc_dialog_title_material.xml; res/layout/abc_expanded_menu_layout.xml; res/layout/abc_list_menu_item_checkbox.xml; res/layout/abc_list_menu_item_icon.xml; res/layout/abc_list_menu_item_layout.xml; res/layout/abc_list_menu_item_radio.xml; res/layout/abc_popup_menu_header_item_layout.xml; res/layout/abc_popup_menu_item_layout.xml; res/layout/abc_screen_content_include.xml; res/layout/abc_screen_simple.xml; res/layout/abc_screen_simple_overlay_action_mode.xml; res/layout/abc_screen_toolbar.xml; res/layout/abc_search_dropdown_item_icons_2line.xml; res/layout/abc_search_view.xml; res/layout/abc_select_dialog_material.xml; res/layout/chatfilter_group_item.xml; res/layout/chatfilter_group_set.xml; res/layout/chatfilter_wx_conf.xml; res/layout/chatfilter_wx_conf_item.xml; res/layout/debug_info.xml; res/layout/donate_root.xml; res/layout/downloader_float_info.xml; res/layout/downloader_float_window.xml; res/layout/global_panel_root.xml; res/layout/group_refuse_preset_root.xml; res/layout/groupmanager_fastmenu_opitem.xml; res/layout/groupmanager_fastmenu_oplog.xml; res/layout/groupmanager_fastmenu_oplog_inject.xml; res/layout/groupmanager_fastmenu_root.xml; res/layout/groupmanager_log_item.xml; res/layout/groupmanager_log_root.xml; res/layout/loading_layout.xml; res/layout/main_info_ui_change_server_item.xml; res/layout/main_info_ui_group_donate.xml; res/layout/main_info_ui_output.xml; res/layout/main_info_ui_path_preview.xml; res/layout/main_info_ui_path_set.xml; res/layout/main_info_ui_userinfo.xml; res/layout/main_info_ui_ver.xml; res/layout/main_panel_ui_chatbox_msg_action.xml; res/layout/main_panel_ui_group_float.xml; res/layout/main_panel_ui_sticker.xml; res/layout/main_panel_ui_voice.xml; res/layout/main_root.xml; res/layout/main_set_media.xml; res/layout/main_set_simple.xml; res/layout/main_set_translate.xml; res/layout/main_set_vip.xml; res/layout/notice_dialog.xml; res/layout/notice_dialog_nohtml.xml; res/layout/notification_action.xml; res/layout/notification_action_tombstone.xml; res/layout/notification_template_custom_big.xml; res/layout/notification_template_icon_group.xml; res/layout/notification_template_part_chronometer.xml; res/layout/notification_template_part_time.xml; res/layout/online_music_content_root.xml; res/layout/online_music_title_root.xml; res/layout/pb_tool_get.xml; res/layout/pb_tool_send.xml; res/layout/pbtool_online_root.xml; res/layout/plugin_edit_root.xml; res/layout/plugin_info_dialog.xml; res/layout/plugin_item_select.xml; res/layout/plugin_menu_item.xml; res/layout/plugin_menu_root.xml; res/layout/plugin_online_item.xml; res/layout/plugin_root.xml; res/layout/plugin_root_item.xml; res/layout/redpacket_root.xml; res/layout/redpacket_wx_root.xml; res/layout/select_dialog_item_material.xml; res/layout/select_dialog_multichoice_material.xml; res/layout/select_dialog_singlechoice_material.xml; res/layout/sticker_online_search_root.xml; res/layout/sticker_online_search_title_bar.xml; res/layout/sticker_out_show_set.xml; res/layout/sticker_panel_input_from_local.xml; res/layout/sticker_panel_local_pack_set.xml; res/layout/sticker_panel_multi_select.xml; res/layout/sticker_panel_online_content_info.xml; res/layout/sticker_panel_online_pack_info.xml; res/layout/sticker_panel_pack_bar_item.xml; res/layout/sticker_panel_pre_save_pack_item.xml; res/layout/sticker_panel_pre_save_pic_layout.xml; res/layout/sticker_panel_preview_imgae.xml; res/layout/sticker_panel_set_root.xml; res/layout/sticker_sort_activity.xml; res/layout/sticker_sort_item.xml; res/layout/support_simple_spinner_dropdown_item.xml; res/layout/transfer_wx_root.xml; res/layout/voice_panel_custom_pack_set_root.xml; res/layout/voice_panel_item.xml; res/layout/voice_panel_local_title_bar.xml; res/layout/voice_panel_music_player.xml; res/layout/voice_panel_pack_item.xml; res/layout/voice_panel_presave_dialog.xml; res/layout/voice_panel_set.xml; res/layout/voice_panel_share_info.xml; res/layout/voice_panel_share_self.xml; res/layout/voice_panel_tts.xml; res/layout/voice_panel_tts_history_item.xml; res/layout/voice_player_extra_btn.xml; res/layout/voice_player_root.xml; res/layout/wait_list_ui_item.xml; res/layout/waitlist_float_btn.xml; res/layout/xlist_dialog_content_check.xml; res/layout/xlist_dialog_content_item.xml; res/layout/xlist_dialog_root.xml
http://www.jenitennison.com/doc	静态 URL 字符串（需结合调用点判断用途）	jadx-readable/resources/com/sun/xml/bind/v2/schemagen/xmlschema/xmlschema-for-jaxb.rng; unknown/com/sun/xml/bind/v2/schemagen/xmlschema/xmlschema-for-jaxb.rng
http://www.w3.org/2001/XMLSchema	静态 URL 字符串（需结合调用点判断用途）	jadx-readable/resources/com/sun/xml/bind/v2/schemagen/xmlschema/xmlschema-for-jaxb.rng; unknown/com/sun/xml/bind/v2/schemagen/xmlschema/xmlschema-for-jaxb.rng
http://www.w3.org/2001/XMLSchema-datatypes	静态 URL 字符串（需结合调用点判断用途）	jadx-readable/resources/com/sun/xml/bind/v2/schemagen/xmlschema/xmlschema-for-jaxb.rng; unknown/com/sun/xml/bind/v2/schemagen/xmlschema/xmlschema-for-jaxb.rng
http://www.w3.org/TR/2001/REC-xmlschema-1-20010502/	静态 URL 字符串（需结合调用点判断用途）	jadx-readable/resources/com/sun/xml/bind/v2/schemagen/xmlschema/xmlschema-for-jaxb.rng; unknown/com/sun/xml/bind/v2/schemagen/xmlschema/xmlschema-for-jaxb.rng
http://www.w3.org/TR/2001/REC-xmlschema-2-20010502/	静态 URL 字符串（需结合调用点判断用途）	jadx-readable/resources/com/sun/xml/bind/v2/schemagen/xmlschema/xmlschema-for-jaxb.rng; unknown/com/sun/xml/bind/v2/schemagen/xmlschema/xmlschema-for-jaxb.rng
http://www.w3.org/TR/2001/REC-xmlschema-2-20010502/datatypes.html#element-enumeration	静态 URL 字符串（需结合调用点判断用途）	jadx-readable/resources/com/sun/xml/bind/v2/schemagen/xmlschema/xmlschema-for-jaxb.rng; unknown/com/sun/xml/bind/v2/schemagen/xmlschema/xmlschema-for-jaxb.rng
http://www.w3.org/TR/2001/REC-xmlschema-2-20010502/datatypes.html#element-fractionDigits	静态 URL 字符串（需结合调用点判断用途）	jadx-readable/resources/com/sun/xml/bind/v2/schemagen/xmlschema/xmlschema-for-jaxb.rng; unknown/com/sun/xml/bind/v2/schemagen/xmlschema/xmlschema-for-jaxb.rng
http://www.w3.org/TR/2001/REC-xmlschema-2-20010502/datatypes.html#element-length	静态 URL 字符串（需结合调用点判断用途）	jadx-readable/resources/com/sun/xml/bind/v2/schemagen/xmlschema/xmlschema-for-jaxb.rng; unknown/com/sun/xml/bind/v2/schemagen/xmlschema/xmlschema-for-jaxb.rng
http://www.w3.org/TR/2001/REC-xmlschema-2-20010502/datatypes.html#element-maxExclusive	静态 URL 字符串（需结合调用点判断用途）	jadx-readable/resources/com/sun/xml/bind/v2/schemagen/xmlschema/xmlschema-for-jaxb.rng; unknown/com/sun/xml/bind/v2/schemagen/xmlschema/xmlschema-for-jaxb.rng
http://www.w3.org/TR/2001/REC-xmlschema-2-20010502/datatypes.html#element-maxInclusive	静态 URL 字符串（需结合调用点判断用途）	jadx-readable/resources/com/sun/xml/bind/v2/schemagen/xmlschema/xmlschema-for-jaxb.rng; unknown/com/sun/xml/bind/v2/schemagen/xmlschema/xmlschema-for-jaxb.rng
http://www.w3.org/TR/2001/REC-xmlschema-2-20010502/datatypes.html#element-maxLength	静态 URL 字符串（需结合调用点判断用途）	jadx-readable/resources/com/sun/xml/bind/v2/schemagen/xmlschema/xmlschema-for-jaxb.rng; unknown/com/sun/xml/bind/v2/schemagen/xmlschema/xmlschema-for-jaxb.rng
http://www.w3.org/TR/2001/REC-xmlschema-2-20010502/datatypes.html#element-minExclusive	静态 URL 字符串（需结合调用点判断用途）	jadx-readable/resources/com/sun/xml/bind/v2/schemagen/xmlschema/xmlschema-for-jaxb.rng; unknown/com/sun/xml/bind/v2/schemagen/xmlschema/xmlschema-for-jaxb.rng
http://www.w3.org/TR/2001/REC-xmlschema-2-20010502/datatypes.html#element-minInclusive	静态 URL 字符串（需结合调用点判断用途）	jadx-readable/resources/com/sun/xml/bind/v2/schemagen/xmlschema/xmlschema-for-jaxb.rng; unknown/com/sun/xml/bind/v2/schemagen/xmlschema/xmlschema-for-jaxb.rng
http://www.w3.org/TR/2001/REC-xmlschema-2-20010502/datatypes.html#element-minLength	静态 URL 字符串（需结合调用点判断用途）	jadx-readable/resources/com/sun/xml/bind/v2/schemagen/xmlschema/xmlschema-for-jaxb.rng; unknown/com/sun/xml/bind/v2/schemagen/xmlschema/xmlschema-for-jaxb.rng
http://www.w3.org/TR/2001/REC-xmlschema-2-20010502/datatypes.html#element-pattern	静态 URL 字符串（需结合调用点判断用途）	jadx-readable/resources/com/sun/xml/bind/v2/schemagen/xmlschema/xmlschema-for-jaxb.rng; unknown/com/sun/xml/bind/v2/schemagen/xmlschema/xmlschema-for-jaxb.rng
http://www.w3.org/TR/2001/REC-xmlschema-2-20010502/datatypes.html#element-totalDigits	静态 URL 字符串（需结合调用点判断用途）	jadx-readable/resources/com/sun/xml/bind/v2/schemagen/xmlschema/xmlschema-for-jaxb.rng; unknown/com/sun/xml/bind/v2/schemagen/xmlschema/xmlschema-for-jaxb.rng
http://www.w3.org/TR/2001/REC-xmlschema-2-20010502/datatypes.html#element-whiteSpace	静态 URL 字符串（需结合调用点判断用途）	jadx-readable/resources/com/sun/xml/bind/v2/schemagen/xmlschema/xmlschema-for-jaxb.rng; unknown/com/sun/xml/bind/v2/schemagen/xmlschema/xmlschema-for-jaxb.rng
http://www.w3.org/TR/xmlschema-1/#element-all	静态 URL 字符串（需结合调用点判断用途）	jadx-readable/resources/com/sun/xml/bind/v2/schemagen/xmlschema/xmlschema-for-jaxb.rng; unknown/com/sun/xml/bind/v2/schemagen/xmlschema/xmlschema-for-jaxb.rng
http://www.w3.org/TR/xmlschema-1/#element-annotation	静态 URL 字符串（需结合调用点判断用途）	jadx-readable/resources/com/sun/xml/bind/v2/schemagen/xmlschema/xmlschema-for-jaxb.rng; unknown/com/sun/xml/bind/v2/schemagen/xmlschema/xmlschema-for-jaxb.rng
http://www.w3.org/TR/xmlschema-1/#element-any	静态 URL 字符串（需结合调用点判断用途）	jadx-readable/resources/com/sun/xml/bind/v2/schemagen/xmlschema/xmlschema-for-jaxb.rng; unknown/com/sun/xml/bind/v2/schemagen/xmlschema/xmlschema-for-jaxb.rng
http://www.w3.org/TR/xmlschema-1/#element-anyAttribute	静态 URL 字符串（需结合调用点判断用途）	jadx-readable/resources/com/sun/xml/bind/v2/schemagen/xmlschema/xmlschema-for-jaxb.rng; unknown/com/sun/xml/bind/v2/schemagen/xmlschema/xmlschema-for-jaxb.rng
http://www.w3.org/TR/xmlschema-1/#element-appinfo	静态 URL 字符串（需结合调用点判断用途）	jadx-readable/resources/com/sun/xml/bind/v2/schemagen/xmlschema/xmlschema-for-jaxb.rng; unknown/com/sun/xml/bind/v2/schemagen/xmlschema/xmlschema-for-jaxb.rng
http://www.w3.org/TR/xmlschema-1/#element-attribute	静态 URL 字符串（需结合调用点判断用途）	jadx-readable/resources/com/sun/xml/bind/v2/schemagen/xmlschema/xmlschema-for-jaxb.rng; unknown/com/sun/xml/bind/v2/schemagen/xmlschema/xmlschema-for-jaxb.rng
http://www.w3.org/TR/xmlschema-1/#element-attributeGroup	静态 URL 字符串（需结合调用点判断用途）	jadx-readable/resources/com/sun/xml/bind/v2/schemagen/xmlschema/xmlschema-for-jaxb.rng; unknown/com/sun/xml/bind/v2/schemagen/xmlschema/xmlschema-for-jaxb.rng
http://www.w3.org/TR/xmlschema-1/#element-choice	静态 URL 字符串（需结合调用点判断用途）	jadx-readable/resources/com/sun/xml/bind/v2/schemagen/xmlschema/xmlschema-for-jaxb.rng; unknown/com/sun/xml/bind/v2/schemagen/xmlschema/xmlschema-for-jaxb.rng
http://www.w3.org/TR/xmlschema-1/#element-complexContent	静态 URL 字符串（需结合调用点判断用途）	jadx-readable/resources/com/sun/xml/bind/v2/schemagen/xmlschema/xmlschema-for-jaxb.rng; unknown/com/sun/xml/bind/v2/schemagen/xmlschema/xmlschema-for-jaxb.rng
http://www.w3.org/TR/xmlschema-1/#element-complexContent::extension	静态 URL 字符串（需结合调用点判断用途）	jadx-readable/resources/com/sun/xml/bind/v2/schemagen/xmlschema/xmlschema-for-jaxb.rng; unknown/com/sun/xml/bind/v2/schemagen/xmlschema/xmlschema-for-jaxb.rng
http://www.w3.org/TR/xmlschema-1/#element-complexContent::restriction	静态 URL 字符串（需结合调用点判断用途）	jadx-readable/resources/com/sun/xml/bind/v2/schemagen/xmlschema/xmlschema-for-jaxb.rng; unknown/com/sun/xml/bind/v2/schemagen/xmlschema/xmlschema-for-jaxb.rng
http://www.w3.org/TR/xmlschema-1/#element-complexType	静态 URL 字符串（需结合调用点判断用途）	jadx-readable/resources/com/sun/xml/bind/v2/schemagen/xmlschema/xmlschema-for-jaxb.rng; unknown/com/sun/xml/bind/v2/schemagen/xmlschema/xmlschema-for-jaxb.rng
http://www.w3.org/TR/xmlschema-1/#element-documentation	静态 URL 字符串（需结合调用点判断用途）	jadx-readable/resources/com/sun/xml/bind/v2/schemagen/xmlschema/xmlschema-for-jaxb.rng; unknown/com/sun/xml/bind/v2/schemagen/xmlschema/xmlschema-for-jaxb.rng
http://www.w3.org/TR/xmlschema-1/#element-element	静态 URL 字符串（需结合调用点判断用途）	jadx-readable/resources/com/sun/xml/bind/v2/schemagen/xmlschema/xmlschema-for-jaxb.rng; unknown/com/sun/xml/bind/v2/schemagen/xmlschema/xmlschema-for-jaxb.rng
http://www.w3.org/TR/xmlschema-1/#element-field	静态 URL 字符串（需结合调用点判断用途）	jadx-readable/resources/com/sun/xml/bind/v2/schemagen/xmlschema/xmlschema-for-jaxb.rng; unknown/com/sun/xml/bind/v2/schemagen/xmlschema/xmlschema-for-jaxb.rng
http://www.w3.org/TR/xmlschema-1/#element-group	静态 URL 字符串（需结合调用点判断用途）	jadx-readable/resources/com/sun/xml/bind/v2/schemagen/xmlschema/xmlschema-for-jaxb.rng; unknown/com/sun/xml/bind/v2/schemagen/xmlschema/xmlschema-for-jaxb.rng
http://www.w3.org/TR/xmlschema-1/#element-import	静态 URL 字符串（需结合调用点判断用途）	jadx-readable/resources/com/sun/xml/bind/v2/schemagen/xmlschema/xmlschema-for-jaxb.rng; unknown/com/sun/xml/bind/v2/schemagen/xmlschema/xmlschema-for-jaxb.rng
http://www.w3.org/TR/xmlschema-1/#element-include	静态 URL 字符串（需结合调用点判断用途）	jadx-readable/resources/com/sun/xml/bind/v2/schemagen/xmlschema/xmlschema-for-jaxb.rng; unknown/com/sun/xml/bind/v2/schemagen/xmlschema/xmlschema-for-jaxb.rng
http://www.w3.org/TR/xmlschema-1/#element-key	静态 URL 字符串（需结合调用点判断用途）	jadx-readable/resources/com/sun/xml/bind/v2/schemagen/xmlschema/xmlschema-for-jaxb.rng; unknown/com/sun/xml/bind/v2/schemagen/xmlschema/xmlschema-for-jaxb.rng
http://www.w3.org/TR/xmlschema-1/#element-keyref	静态 URL 字符串（需结合调用点判断用途）	jadx-readable/resources/com/sun/xml/bind/v2/schemagen/xmlschema/xmlschema-for-jaxb.rng; unknown/com/sun/xml/bind/v2/schemagen/xmlschema/xmlschema-for-jaxb.rng
http://www.w3.org/TR/xmlschema-1/#element-list	静态 URL 字符串（需结合调用点判断用途）	jadx-readable/resources/com/sun/xml/bind/v2/schemagen/xmlschema/xmlschema-for-jaxb.rng; unknown/com/sun/xml/bind/v2/schemagen/xmlschema/xmlschema-for-jaxb.rng
http://www.w3.org/TR/xmlschema-1/#element-notation	静态 URL 字符串（需结合调用点判断用途）	jadx-readable/resources/com/sun/xml/bind/v2/schemagen/xmlschema/xmlschema-for-jaxb.rng; unknown/com/sun/xml/bind/v2/schemagen/xmlschema/xmlschema-for-jaxb.rng
http://www.w3.org/TR/xmlschema-1/#element-redefine	静态 URL 字符串（需结合调用点判断用途）	jadx-readable/resources/com/sun/xml/bind/v2/schemagen/xmlschema/xmlschema-for-jaxb.rng; unknown/com/sun/xml/bind/v2/schemagen/xmlschema/xmlschema-for-jaxb.rng
http://www.w3.org/TR/xmlschema-1/#element-schema	静态 URL 字符串（需结合调用点判断用途）	jadx-readable/resources/com/sun/xml/bind/v2/schemagen/xmlschema/xmlschema-for-jaxb.rng; unknown/com/sun/xml/bind/v2/schemagen/xmlschema/xmlschema-for-jaxb.rng
http://www.w3.org/TR/xmlschema-1/#element-selector	静态 URL 字符串（需结合调用点判断用途）	jadx-readable/resources/com/sun/xml/bind/v2/schemagen/xmlschema/xmlschema-for-jaxb.rng; unknown/com/sun/xml/bind/v2/schemagen/xmlschema/xmlschema-for-jaxb.rng
http://www.w3.org/TR/xmlschema-1/#element-sequence	静态 URL 字符串（需结合调用点判断用途）	jadx-readable/resources/com/sun/xml/bind/v2/schemagen/xmlschema/xmlschema-for-jaxb.rng; unknown/com/sun/xml/bind/v2/schemagen/xmlschema/xmlschema-for-jaxb.rng
http://www.w3.org/TR/xmlschema-1/#element-simpleContent	静态 URL 字符串（需结合调用点判断用途）	jadx-readable/resources/com/sun/xml/bind/v2/schemagen/xmlschema/xmlschema-for-jaxb.rng; unknown/com/sun/xml/bind/v2/schemagen/xmlschema/xmlschema-for-jaxb.rng
http://www.w3.org/TR/xmlschema-1/#element-simpleContent::extension	静态 URL 字符串（需结合调用点判断用途）	jadx-readable/resources/com/sun/xml/bind/v2/schemagen/xmlschema/xmlschema-for-jaxb.rng; unknown/com/sun/xml/bind/v2/schemagen/xmlschema/xmlschema-for-jaxb.rng
http://www.w3.org/TR/xmlschema-1/#element-simpleContent::restriction	静态 URL 字符串（需结合调用点判断用途）	jadx-readable/resources/com/sun/xml/bind/v2/schemagen/xmlschema/xmlschema-for-jaxb.rng; unknown/com/sun/xml/bind/v2/schemagen/xmlschema/xmlschema-for-jaxb.rng
http://www.w3.org/TR/xmlschema-1/#element-simpleType	静态 URL 字符串（需结合调用点判断用途）	jadx-readable/resources/com/sun/xml/bind/v2/schemagen/xmlschema/xmlschema-for-jaxb.rng; unknown/com/sun/xml/bind/v2/schemagen/xmlschema/xmlschema-for-jaxb.rng
http://www.w3.org/TR/xmlschema-1/#element-union	静态 URL 字符串（需结合调用点判断用途）	jadx-readable/resources/com/sun/xml/bind/v2/schemagen/xmlschema/xmlschema-for-jaxb.rng; unknown/com/sun/xml/bind/v2/schemagen/xmlschema/xmlschema-for-jaxb.rng
http://www.w3.org/TR/xmlschema-1/#element-unique	静态 URL 字符串（需结合调用点判断用途）	jadx-readable/resources/com/sun/xml/bind/v2/schemagen/xmlschema/xmlschema-for-jaxb.rng; unknown/com/sun/xml/bind/v2/schemagen/xmlschema/xmlschema-for-jaxb.rng
http://www.w3.org/XML/1998/namespace	静态 URL 字符串（需结合调用点判断用途）	jadx-readable/resources/com/sun/xml/bind/unmarshaller/Messages.properties; jadx-readable/resources/com/sun/xml/bind/unmarshaller/Messages_de.properties; jadx-readable/resources/com/sun/xml/bind/unmarshaller/Messages_es.properties; jadx-readable/resources/com/sun/xml/bind/unmarshaller/Messages_fr.properties; jadx-readable/resources/com/sun/xml/bind/unmarshaller/Messages_it.properties; jadx-readable/resources/com/sun/xml/bind/unmarshaller/Messages_ja.properties; jadx-readable/resources/com/sun/xml/bind/unmarshaller/Messages_ko.properties; jadx-readable/resources/com/sun/xml/bind/unmarshaller/Messages_pt_BR.properties; jadx-readable/resources/com/sun/xml/bind/unmarshaller/Messages_zh_CN.properties; jadx-readable/resources/com/sun/xml/bind/unmarshaller/Messages_zh_TW.properties; unknown/com/sun/xml/bind/unmarshaller/Messages.properties; unknown/com/sun/xml/bind/unmarshaller/Messages_de.properties; unknown/com/sun/xml/bind/unmarshaller/Messages_es.properties; unknown/com/sun/xml/bind/unmarshaller/Messages_fr.properties; unknown/com/sun/xml/bind/unmarshaller/Messages_it.properties; unknown/com/sun/xml/bind/unmarshaller/Messages_ja.properties; unknown/com/sun/xml/bind/unmarshaller/Messages_ko.properties; unknown/com/sun/xml/bind/unmarshaller/Messages_pt_BR.properties; unknown/com/sun/xml/bind/unmarshaller/Messages_zh_CN.properties; unknown/com/sun/xml/bind/unmarshaller/Messages_zh_TW.properties
https://android.googlesource.com/toolchain/llvm-project	LLVM/NDK 编译标识	jadx-readable/resources/keycheck; jadx-readable/resources/lib/arm64-v8a/libmaphider.so; jadx-readable/resources/lib/arm64-v8a/libshooker.so; jadx-readable/resources/zygisk/funloader.so; lib/arm64-v8a/libmaphider.so; lib/arm64-v8a/libshooker.so; unknown/keycheck; unknown/zygisk/funloader.so
https://mozilla.org/MPL/2.0/	静态 URL 字符串（需结合调用点判断用途）	jadx-readable/resources/okhttp3/internal/publicsuffix/NOTICE; unknown/okhttp3/internal/publicsuffix/NOTICE
https://oss.oracle.com/licenses/CDDL+GPL-1.1	静态 URL 字符串（需结合调用点判断用途）	jadx-readable/resources/com/sun/xml/bind/Messages.properties; jadx-readable/resources/com/sun/xml/bind/Messages_de.properties; jadx-readable/resources/com/sun/xml/bind/Messages_es.properties; jadx-readable/resources/com/sun/xml/bind/Messages_fr.properties; jadx-readable/resources/com/sun/xml/bind/Messages_it.properties; jadx-readable/resources/com/sun/xml/bind/Messages_ja.properties; jadx-readable/resources/com/sun/xml/bind/Messages_ko.properties; jadx-readable/resources/com/sun/xml/bind/Messages_pt_BR.properties; jadx-readable/resources/com/sun/xml/bind/Messages_zh_CN.properties; jadx-readable/resources/com/sun/xml/bind/Messages_zh_TW.properties; jadx-readable/resources/com/sun/xml/bind/api/Messages.properties; jadx-readable/resources/com/sun/xml/bind/api/Messages_de.properties; jadx-readable/resources/com/sun/xml/bind/api/Messages_es.properties; jadx-readable/resources/com/sun/xml/bind/api/Messages_fr.properties; jadx-readable/resources/com/sun/xml/bind/api/Messages_it.properties; jadx-readable/resources/com/sun/xml/bind/api/Messages_ja.properties; jadx-readable/resources/com/sun/xml/bind/api/Messages_ko.properties; jadx-readable/resources/com/sun/xml/bind/api/Messages_pt_BR.properties; jadx-readable/resources/com/sun/xml/bind/api/Messages_zh_CN.properties; jadx-readable/resources/com/sun/xml/bind/api/Messages_zh_TW.properties; jadx-readable/resources/com/sun/xml/bind/marshaller/Messages.properties; jadx-readable/resources/com/sun/xml/bind/marshaller/Messages_de.properties; jadx-readable/resources/com/sun/xml/bind/marshaller/Messages_es.properties; jadx-readable/resources/com/sun/xml/bind/marshaller/Messages_fr.properties; jadx-readable/resources/com/sun/xml/bind/marshaller/Messages_it.properties; jadx-readable/resources/com/sun/xml/bind/marshaller/Messages_ja.properties; jadx-readable/resources/com/sun/xml/bind/marshaller/Messages_ko.properties; jadx-readable/resources/com/sun/xml/bind/marshaller/Messages_pt_BR.properties; jadx-readable/resources/com/sun/xml/bind/marshaller/Messages_zh_CN.properties; jadx-readable/resources/com/sun/xml/bind/marshaller/Messages_zh_TW.properties; jadx-readable/resources/com/sun/xml/bind/unmarshaller/Messages.properties; jadx-readable/resources/com/sun/xml/bind/unmarshaller/Messages_de.properties; jadx-readable/resources/com/sun/xml/bind/unmarshaller/Messages_es.properties; jadx-readable/resources/com/sun/xml/bind/unmarshaller/Messages_fr.properties; jadx-readable/resources/com/sun/xml/bind/unmarshaller/Messages_it.properties; jadx-readable/resources/com/sun/xml/bind/unmarshaller/Messages_ja.properties; jadx-readable/resources/com/sun/xml/bind/unmarshaller/Messages_ko.properties; jadx-readable/resources/com/sun/xml/bind/unmarshaller/Messages_pt_BR.properties; jadx-readable/resources/com/sun/xml/bind/unmarshaller/Messages_zh_CN.properties; jadx-readable/resources/com/sun/xml/bind/unmarshaller/Messages_zh_TW.properties; jadx-readable/resources/com/sun/xml/bind/v2/Messages.properties; jadx-readable/resources/com/sun/xml/bind/v2/Messages_de.properties; jadx-readable/resources/com/sun/xml/bind/v2/Messages_es.properties; jadx-readable/resources/com/sun/xml/bind/v2/Messages_fr.properties; jadx-readable/resources/com/sun/xml/bind/v2/Messages_it.properties; jadx-readable/resources/com/sun/xml/bind/v2/Messages_ja.properties; jadx-readable/resources/com/sun/xml/bind/v2/Messages_ko.properties; jadx-readable/resources/com/sun/xml/bind/v2/Messages_pt_BR.properties; jadx-readable/resources/com/sun/xml/bind/v2/Messages_zh_CN.properties; jadx-readable/resources/com/sun/xml/bind/v2/Messages_zh_TW.properties; jadx-readable/resources/com/sun/xml/bind/v2/model/annotation/Messages.properties; jadx-readable/resources/com/sun/xml/bind/v2/model/annotation/Messages_de.properties; jadx-readable/resources/com/sun/xml/bind/v2/model/annotation/Messages_es.properties; jadx-readable/resources/com/sun/xml/bind/v2/model/annotation/Messages_fr.properties; jadx-readable/resources/com/sun/xml/bind/v2/model/annotation/Messages_it.properties; jadx-readable/resources/com/sun/xml/bind/v2/model/annotation/Messages_ja.properties; jadx-readable/resources/com/sun/xml/bind/v2/model/annotation/Messages_ko.properties; jadx-readable/resources/com/sun/xml/bind/v2/model/annotation/Messages_pt_BR.properties; jadx-readable/resources/com/sun/xml/bind/v2/model/annotation/Messages_zh_CN.properties; jadx-readable/resources/com/sun/xml/bind/v2/model/annotation/Messages_zh_TW.properties; jadx-readable/resources/com/sun/xml/bind/v2/model/impl/Messages.properties; jadx-readable/resources/com/sun/xml/bind/v2/model/impl/Messages_de.properties; jadx-readable/resources/com/sun/xml/bind/v2/model/impl/Messages_es.properties; jadx-readable/resources/com/sun/xml/bind/v2/model/impl/Messages_fr.properties; jadx-readable/resources/com/sun/xml/bind/v2/model/impl/Messages_it.properties; jadx-readable/resources/com/sun/xml/bind/v2/model/impl/Messages_ja.properties; jadx-readable/resources/com/sun/xml/bind/v2/model/impl/Messages_ko.properties; jadx-readable/resources/com/sun/xml/bind/v2/model/impl/Messages_pt_BR.properties; jadx-readable/resources/com/sun/xml/bind/v2/model/impl/Messages_zh_CN.properties; jadx-readable/resources/com/sun/xml/bind/v2/model/impl/Messages_zh_TW.properties; jadx-readable/resources/com/sun/xml/bind/v2/runtime/Messages.properties; jadx-readable/resources/com/sun/xml/bind/v2/runtime/Messages_de.properties; jadx-readable/resources/com/sun/xml/bind/v2/runtime/Messages_es.properties; jadx-readable/resources/com/sun/xml/bind/v2/runtime/Messages_fr.properties; jadx-readable/resources/com/sun/xml/bind/v2/runtime/Messages_it.properties; jadx-readable/resources/com/sun/xml/bind/v2/runtime/Messages_ja.properties; jadx-readable/resources/com/sun/xml/bind/v2/runtime/Messages_ko.properties; jadx-readable/resources/com/sun/xml/bind/v2/runtime/Messages_pt_BR.properties; jadx-readable/resources/com/sun/xml/bind/v2/runtime/Messages_zh_CN.properties; jadx-readable/resources/com/sun/xml/bind/v2/runtime/Messages_zh_TW.properties; jadx-readable/resources/com/sun/xml/bind/v2/runtime/property/Messages.properties; jadx-readable/resources/com/sun/xml/bind/v2/runtime/property/Messages_de.properties; jadx-readable/resources/com/sun/xml/bind/v2/runtime/property/Messages_es.properties; jadx-readable/resources/com/sun/xml/bind/v2/runtime/property/Messages_fr.properties; jadx-readable/resources/com/sun/xml/bind/v2/runtime/property/Messages_it.properties; jadx-readable/resources/com/sun/xml/bind/v2/runtime/property/Messages_ja.properties; jadx-readable/resources/com/sun/xml/bind/v2/runtime/property/Messages_ko.properties; jadx-readable/resources/com/sun/xml/bind/v2/runtime/property/Messages_pt_BR.properties; jadx-readable/resources/com/sun/xml/bind/v2/runtime/property/Messages_zh_CN.properties; jadx-readable/resources/com/sun/xml/bind/v2/runtime/property/Messages_zh_TW.properties; jadx-readable/resources/com/sun/xml/bind/v2/runtime/reflect/Messages.properties; jadx-readable/resources/com/sun/xml/bind/v2/runtime/reflect/Messages_de.properties; jadx-readable/resources/com/sun/xml/bind/v2/runtime/reflect/Messages_es.properties; jadx-readable/resources/com/sun/xml/bind/v2/runtime/reflect/Messages_fr.properties; jadx-readable/resources/com/sun/xml/bind/v2/runtime/reflect/Messages_it.properties; jadx-readable/resources/com/sun/xml/bind/v2/runtime/reflect/Messages_ja.properties; jadx-readable/resources/com/sun/xml/bind/v2/runtime/reflect/Messages_ko.properties; jadx-readable/resources/com/sun/xml/bind/v2/runtime/reflect/Messages_pt_BR.properties; jadx-readable/resources/com/sun/xml/bind/v2/runtime/reflect/Messages_zh_CN.properties; jadx-readable/resources/com/sun/xml/bind/v2/runtime/reflect/Messages_zh_TW.properties; jadx-readable/resources/com/sun/xml/bind/v2/runtime/unmarshaller/Messages.properties; jadx-readable/resources/com/sun/xml/bind/v2/runtime/unmarshaller/Messages_de.properties; jadx-readable/resources/com/sun/xml/bind/v2/runtime/unmarshaller/Messages_es.properties; jadx-readable/resources/com/sun/xml/bind/v2/runtime/unmarshaller/Messages_fr.properties; jadx-readable/resources/com/sun/xml/bind/v2/runtime/unmarshaller/Messages_it.properties; jadx-readable/resources/com/sun/xml/bind/v2/runtime/unmarshaller/Messages_ja.properties; jadx-readable/resources/com/sun/xml/bind/v2/runtime/unmarshaller/Messages_ko.properties; jadx-readable/resources/com/sun/xml/bind/v2/runtime/unmarshaller/Messages_pt_BR.properties; jadx-readable/resources/com/sun/xml/bind/v2/runtime/unmarshaller/Messages_zh_CN.properties; jadx-readable/resources/com/sun/xml/bind/v2/runtime/unmarshaller/Messages_zh_TW.properties; jadx-readable/resources/com/sun/xml/bind/v2/schemagen/Messages.properties; jadx-readable/resources/com/sun/xml/bind/v2/schemagen/Messages_de.properties; jadx-readable/resources/com/sun/xml/bind/v2/schemagen/Messages_es.properties; jadx-readable/resources/com/sun/xml/bind/v2/schemagen/Messages_fr.properties; jadx-readable/resources/com/sun/xml/bind/v2/schemagen/Messages_it.properties; jadx-readable/resources/com/sun/xml/bind/v2/schemagen/Messages_ja.properties; jadx-readable/resources/com/sun/xml/bind/v2/schemagen/Messages_ko.properties; jadx-readable/resources/com/sun/xml/bind/v2/schemagen/Messages_pt_BR.properties; jadx-readable/resources/com/sun/xml/bind/v2/schemagen/Messages_zh_CN.properties; jadx-readable/resources/com/sun/xml/bind/v2/schemagen/Messages_zh_TW.properties; jadx-readable/resources/com/sun/xml/bind/v2/schemagen/xmlschema/xmlschema-for-jaxb.rng; jadx-readable/resources/javax/xml/bind/Messages.properties; jadx-readable/resources/javax/xml/bind/helpers/Messages.properties; jadx-readable/resources/javax/xml/bind/util/Messages.properties; unknown/com/sun/xml/bind/Messages.properties; unknown/com/sun/xml/bind/Messages_de.properties; unknown/com/sun/xml/bind/Messages_es.properties; unknown/com/sun/xml/bind/Messages_fr.properties; unknown/com/sun/xml/bind/Messages_it.properties; unknown/com/sun/xml/bind/Messages_ja.properties; unknown/com/sun/xml/bind/Messages_ko.properties; unknown/com/sun/xml/bind/Messages_pt_BR.properties; unknown/com/sun/xml/bind/Messages_zh_CN.properties; unknown/com/sun/xml/bind/Messages_zh_TW.properties; unknown/com/sun/xml/bind/api/Messages.properties; unknown/com/sun/xml/bind/api/Messages_de.properties; unknown/com/sun/xml/bind/api/Messages_es.properties; unknown/com/sun/xml/bind/api/Messages_fr.properties; unknown/com/sun/xml/bind/api/Messages_it.properties; unknown/com/sun/xml/bind/api/Messages_ja.properties; unknown/com/sun/xml/bind/api/Messages_ko.properties; unknown/com/sun/xml/bind/api/Messages_pt_BR.properties; unknown/com/sun/xml/bind/api/Messages_zh_CN.properties; unknown/com/sun/xml/bind/api/Messages_zh_TW.properties; unknown/com/sun/xml/bind/marshaller/Messages.properties; unknown/com/sun/xml/bind/marshaller/Messages_de.properties; unknown/com/sun/xml/bind/marshaller/Messages_es.properties; unknown/com/sun/xml/bind/marshaller/Messages_fr.properties; unknown/com/sun/xml/bind/marshaller/Messages_it.properties; unknown/com/sun/xml/bind/marshaller/Messages_ja.properties; unknown/com/sun/xml/bind/marshaller/Messages_ko.properties; unknown/com/sun/xml/bind/marshaller/Messages_pt_BR.properties; unknown/com/sun/xml/bind/marshaller/Messages_zh_CN.properties; unknown/com/sun/xml/bind/marshaller/Messages_zh_TW.properties; unknown/com/sun/xml/bind/unmarshaller/Messages.properties; unknown/com/sun/xml/bind/unmarshaller/Messages_de.properties; unknown/com/sun/xml/bind/unmarshaller/Messages_es.properties; unknown/com/sun/xml/bind/unmarshaller/Messages_fr.properties; unknown/com/sun/xml/bind/unmarshaller/Messages_it.properties; unknown/com/sun/xml/bind/unmarshaller/Messages_ja.properties; unknown/com/sun/xml/bind/unmarshaller/Messages_ko.properties; unknown/com/sun/xml/bind/unmarshaller/Messages_pt_BR.properties; unknown/com/sun/xml/bind/unmarshaller/Messages_zh_CN.properties; unknown/com/sun/xml/bind/unmarshaller/Messages_zh_TW.properties; unknown/com/sun/xml/bind/v2/Messages.properties; unknown/com/sun/xml/bind/v2/Messages_de.properties; unknown/com/sun/xml/bind/v2/Messages_es.properties; unknown/com/sun/xml/bind/v2/Messages_fr.properties; unknown/com/sun/xml/bind/v2/Messages_it.properties; unknown/com/sun/xml/bind/v2/Messages_ja.properties; unknown/com/sun/xml/bind/v2/Messages_ko.properties; unknown/com/sun/xml/bind/v2/Messages_pt_BR.properties; unknown/com/sun/xml/bind/v2/Messages_zh_CN.properties; unknown/com/sun/xml/bind/v2/Messages_zh_TW.properties; unknown/com/sun/xml/bind/v2/model/annotation/Messages.properties; unknown/com/sun/xml/bind/v2/model/annotation/Messages_de.properties; unknown/com/sun/xml/bind/v2/model/annotation/Messages_es.properties; unknown/com/sun/xml/bind/v2/model/annotation/Messages_fr.properties; unknown/com/sun/xml/bind/v2/model/annotation/Messages_it.properties; unknown/com/sun/xml/bind/v2/model/annotation/Messages_ja.properties; unknown/com/sun/xml/bind/v2/model/annotation/Messages_ko.properties; unknown/com/sun/xml/bind/v2/model/annotation/Messages_pt_BR.properties; unknown/com/sun/xml/bind/v2/model/annotation/Messages_zh_CN.properties; unknown/com/sun/xml/bind/v2/model/annotation/Messages_zh_TW.properties; unknown/com/sun/xml/bind/v2/model/impl/Messages.properties; unknown/com/sun/xml/bind/v2/model/impl/Messages_de.properties; unknown/com/sun/xml/bind/v2/model/impl/Messages_es.properties; unknown/com/sun/xml/bind/v2/model/impl/Messages_fr.properties; unknown/com/sun/xml/bind/v2/model/impl/Messages_it.properties; unknown/com/sun/xml/bind/v2/model/impl/Messages_ja.properties; unknown/com/sun/xml/bind/v2/model/impl/Messages_ko.properties; unknown/com/sun/xml/bind/v2/model/impl/Messages_pt_BR.properties; unknown/com/sun/xml/bind/v2/model/impl/Messages_zh_CN.properties; unknown/com/sun/xml/bind/v2/model/impl/Messages_zh_TW.properties; unknown/com/sun/xml/bind/v2/runtime/Messages.properties; unknown/com/sun/xml/bind/v2/runtime/Messages_de.properties; unknown/com/sun/xml/bind/v2/runtime/Messages_es.properties; unknown/com/sun/xml/bind/v2/runtime/Messages_fr.properties; unknown/com/sun/xml/bind/v2/runtime/Messages_it.properties; unknown/com/sun/xml/bind/v2/runtime/Messages_ja.properties; unknown/com/sun/xml/bind/v2/runtime/Messages_ko.properties; unknown/com/sun/xml/bind/v2/runtime/Messages_pt_BR.properties; unknown/com/sun/xml/bind/v2/runtime/Messages_zh_CN.properties; unknown/com/sun/xml/bind/v2/runtime/Messages_zh_TW.properties; unknown/com/sun/xml/bind/v2/runtime/property/Messages.properties; unknown/com/sun/xml/bind/v2/runtime/property/Messages_de.properties; unknown/com/sun/xml/bind/v2/runtime/property/Messages_es.properties; unknown/com/sun/xml/bind/v2/runtime/property/Messages_fr.properties; unknown/com/sun/xml/bind/v2/runtime/property/Messages_it.properties; unknown/com/sun/xml/bind/v2/runtime/property/Messages_ja.properties; unknown/com/sun/xml/bind/v2/runtime/property/Messages_ko.properties; unknown/com/sun/xml/bind/v2/runtime/property/Messages_pt_BR.properties; unknown/com/sun/xml/bind/v2/runtime/property/Messages_zh_CN.properties; unknown/com/sun/xml/bind/v2/runtime/property/Messages_zh_TW.properties; unknown/com/sun/xml/bind/v2/runtime/reflect/Messages.properties; unknown/com/sun/xml/bind/v2/runtime/reflect/Messages_de.properties; unknown/com/sun/xml/bind/v2/runtime/reflect/Messages_es.properties; unknown/com/sun/xml/bind/v2/runtime/reflect/Messages_fr.properties; unknown/com/sun/xml/bind/v2/runtime/reflect/Messages_it.properties; unknown/com/sun/xml/bind/v2/runtime/reflect/Messages_ja.properties; unknown/com/sun/xml/bind/v2/runtime/reflect/Messages_ko.properties; unknown/com/sun/xml/bind/v2/runtime/reflect/Messages_pt_BR.properties; unknown/com/sun/xml/bind/v2/runtime/reflect/Messages_zh_CN.properties; unknown/com/sun/xml/bind/v2/runtime/reflect/Messages_zh_TW.properties; unknown/com/sun/xml/bind/v2/runtime/unmarshaller/Messages.properties; unknown/com/sun/xml/bind/v2/runtime/unmarshaller/Messages_de.properties; unknown/com/sun/xml/bind/v2/runtime/unmarshaller/Messages_es.properties; unknown/com/sun/xml/bind/v2/runtime/unmarshaller/Messages_fr.properties; unknown/com/sun/xml/bind/v2/runtime/unmarshaller/Messages_it.properties; unknown/com/sun/xml/bind/v2/runtime/unmarshaller/Messages_ja.properties; unknown/com/sun/xml/bind/v2/runtime/unmarshaller/Messages_ko.properties; unknown/com/sun/xml/bind/v2/runtime/unmarshaller/Messages_pt_BR.properties; unknown/com/sun/xml/bind/v2/runtime/unmarshaller/Messages_zh_CN.properties; unknown/com/sun/xml/bind/v2/runtime/unmarshaller/Messages_zh_TW.properties; unknown/com/sun/xml/bind/v2/schemagen/Messages.properties; unknown/com/sun/xml/bind/v2/schemagen/Messages_de.properties; unknown/com/sun/xml/bind/v2/schemagen/Messages_es.properties; unknown/com/sun/xml/bind/v2/schemagen/Messages_fr.properties; unknown/com/sun/xml/bind/v2/schemagen/Messages_it.properties; unknown/com/sun/xml/bind/v2/schemagen/Messages_ja.properties; unknown/com/sun/xml/bind/v2/schemagen/Messages_ko.properties; unknown/com/sun/xml/bind/v2/schemagen/Messages_pt_BR.properties; unknown/com/sun/xml/bind/v2/schemagen/Messages_zh_CN.properties; unknown/com/sun/xml/bind/v2/schemagen/Messages_zh_TW.properties; unknown/com/sun/xml/bind/v2/schemagen/xmlschema/xmlschema-for-jaxb.rng; unknown/javax/xml/bind/Messages.properties; unknown/javax/xml/bind/helpers/Messages.properties; unknown/javax/xml/bind/util/Messages.properties
https://publicsuffix.org/list/public_suffix_list.dat	静态 URL 字符串（需结合调用点判断用途）	jadx-readable/resources/okhttp3/internal/publicsuffix/NOTICE; unknown/okhttp3/internal/publicsuffix/NOTICE
