XHS_260731175346-restored-sources\com\kongzue\dialogx\interfaces\AbstractC0001.java	https://github.com/kongzue/DialogX
XHS_260731175346-restored-sources\xhss\AbstractC0993.java	https://www.slf4j.org/codes.html#ignoredBindings
XHS_260731175346-restored-sources\xhss\AbstractC0993.java	https://www.slf4j.org/codes.html#loggerNameMismatch
XHS_260731175346-restored-sources\xhss\AbstractC0993.java	https://www.slf4j.org/codes.html#multiple_bindings
XHS_260731175346-restored-sources\xhss\AbstractC0993.java	https://www.slf4j.org/codes.html#noProviders
XHS_260731175346-restored-sources\xhss\AbstractC0993.java	https://www.slf4j.org/codes.html#replay
XHS_260731175346-restored-sources\xhss\AbstractC0993.java	https://www.slf4j.org/codes.html#substituteLogger
XHS_260731175346-restored-sources\xhss\AbstractC0993.java	https://www.slf4j.org/codes.html#unsuccessfulInit
XHS_260731175346-restored-sources\xhss\AbstractC0993.java	https://www.slf4j.org/codes.html#version_mismatch
XHS_260731175346-restored-sources\xhss\AbstractC1031.java	https://github.com/google/gson/blob/main/Troubleshooting.md#
XHS_260731175346-restored-sources\xhss\C0032.java	https://github.com/google/gson/blob/main/Troubleshooting.md#
XHS_260731175346-restored-sources\xhss\C0036.java	https://github.com/kongzue/DialogX
XHS_260731175346-restored-sources\xhss\C0122.java	https://youtrack.jetbrains.com/issue/KT-55980
XHS_260731175346-restored-sources\xhss\C0230.java	https://github.com/google/gson/blob/main/Troubleshooting.md#
XHS_260731175346-restored-sources\xhss\C0385.java	https://github.com/google/gson/blob/main/Troubleshooting.md#
XHS_260731175346-restored-sources\xhss\C0634.java	https://github.com/google/gson/blob/main/Troubleshooting.md#
XHS_260731175346-restored-sources\xhss\C0764.java	https://github.com/google/gson/blob/main/Troubleshooting.md#
XHS_260731175346-restored-sources\xhss\C0932.java	https://github.com/kongzue/DialogX
