file	line	value
smali\androidx\appcompat\app\飘花落叶言子世楪苏兰哲.smali	738	https://github.com/google/gson/blob/main/Troubleshooting.md#
smali\androidx\appcompat\widget\飘花落叶言子世苏楪哲兰.smali	581	http://schemas.android.com/apk/res/android
smali\androidx\compose\runtime\飘花落叶言子楪苏哲兰世.smali	119	). Please report to Google or use https://goo.gle/compose-feedback
smali\androidx\compose\runtime\飘花落叶言子楪苏哲兰世.smali	151	). Please report to Google or use https://goo.gle/compose-feedback
smali\androidx\profileinstaller\飘花落叶言子楪世兰哲苏.smali	7584	Requires new Baseline Profile Metadata. Please rebuild the APK with Android Gradle Plugin 7.2 Canary 7 or higher
smali\com\alibaba\fastjson2\schema\JSONSchema.smali	1671	http://json-schema.org/draft-04/schema#
smali\com\bumptech\glide\飘花落叶言子楪世哲兰苏.smali	4523	http://schemas.android.com/apk/res/android
smali\com\google\android\material\chip\Chip.smali	229	http://schemas.android.com/apk/res/android
smali\com\google\android\material\chip\Chip.smali	929	http://schemas.android.com/apk/res-auto
smali\com\google\protobuf\GeneratedMessage.smali	1917	\nAs of 2022/09/29 (release 21.7) makeExtensionsImmutable should not be called from protobuf gencode. If you are seeing this message, your gencode is vulnerable to a denial of service attack. You should regenerate your code using protobuf 25.6 or later. Use the latest version that meets your needs. However, if you understand the risks and wish to continue with vulnerable gencode, you can set the system property `-Dcom.google.protobuf.use_unsafe_pre22_gencode` on the command line to silence this warning. You also can set `-Dcom.google.protobuf.error_on_unsafe_pre22_gencode` to throw an error instead. See security vulnerability: https://github.com/protocolbuffers/protobuf/security/advisories/GHSA-h4h5-3hr4-j3g2
smali\com\google\protobuf\飘花落叶言世子兰哲楪苏.smali	60	\n#google/protobuf/java_features.proto\u0012\u0002pb\u001a google/protobuf/descriptor.proto\"\u00df\u0008\n\u000cJavaFeatures\u0012\u0090\u0002\n\u0012legacy_closed_enum\u0018\u0001 \u0001(\u0008B\u00e1\u0001\u0088\u0001\u0001\u0098\u0001\u0004\u0098\u0001\u0001\u00a2\u0001\t\u0012\u0004true\u0018\u0084\u0007\u00a2\u0001\n\u0012\u0005false\u0018\u00e7\u0007\u00b2\u0001\u00bb\u0001\u0008\u00e8\u0007\u0010\u00e8\u0007\u001a\u00b2\u0001The legacy closed enum behavior in Java is deprecated and is scheduled to be removed in edition 2025.  See http://protobuf.dev/programming-guides/enum/#java for more information.R\u0010legacyClosedEnum\u0012\u00af\u0002\n\u000futf8_validation\u0018\u0002 \u0001(\u000e2\u001f.pb.JavaFeatures.Utf8ValidationB\u00e4\u0001\u0088\u0001\u0001\u0098\u0001\u0004\u0098\u0001\u0001\u00a2\u0001\u000c\u0012\u0007DEFAULT\u0018\u0084\u0007\u00b2\u0001\u00c8\u0001\u0008\u00e8\u0007\u0010\u00e9\u0007\u001a\u00bf\u0001The Java-specific utf8 validation feature is deprecated and is scheduled to be removed in edition 2025.  Utf8 validation behavior should use the global cross-language utf8_validation feature.R\u000eutf8Validation\u0012;\n\nlarge_enum\u0018\u0003 \u0001(\u0008B\u001c\u0088\u0001\u0001\u0098\u0001\u0006\u0098\u0001\u0001\u00a2\u0001\n\u0012\u0005false\u0018\u0084\u0007\u00b2\u0001\u0003\u0008\u00e9\u0007R\tlargeEnum\u0012n\n\u001fuse_old_outer_classname_default\u0018\u0004 \u0001(\u0008B(\u0088\u0001\u0001\u0098\u0001\u0001\u00a2\u0001\t\u0012\u0004true\u0018\u0084\u0007\u00a2\u0001\n\u0012\u0005false\u0018\u00e9\u0007\u00b2\u0001\u0006\u0008\u00e9\u0007 \u00e9\u0007R\u001buseOldOuterClassnameDefault\u0012\u0090\u0001\n\u0012nest_in_file_class\u0018\u0005 \u0001(\u000e27.pb.JavaFeatures.NestInFileClassFeature.NestInFileClassB*\u0088\u0001\u0001\u0098\u0001\u0003\u0098\u0001\u0006\u0098\u0001\u0008\u00a2\u0001\u000b\u0012\u0006LEGACY\u0018\u0084\u0007\u00a2\u0001\u0007\u0012\u0002NO\u0018\u00e9\u0007\u00b2\u0001\u0003\u0008\u00e9\u0007R\u000fnestInFileClass\u001a|\n\u0016NestInFileClassFeature\"X\n\u000fNestInFileClass\u0012\u001e\n\u001aNEST_IN_FILE_CLASS_UNKNOWN\u0010\u0000\u0012\u0006\n\u0002NO\u0010\u0001\u0012\u0007\n\u0003YES\u0010\u0002\u0012\u0014\n\u0006LEGACY\u0010\u0003\u001a\u0008\"\u0006\u0008\u00e9\u0007 \u00e9\u0007J\u0008\u0008\u0001\u0010\u0080\u0080\u0080\u0080\u0002\"F\n\u000eUtf8Validation\u0012\u001b\n\u0017UTF8_VALIDATION_UNKNOWN\u0010\u0000\u0012\u000b\n\u0007DEFAULT\u0010\u0001\u0012\n\n\u0006VERIFY\u0010\u0002J\u0004\u0008\u0006\u0010\u0007:B\n\u0004java\u0012\u001b.google.protobuf.FeatureSet\u0018\u00e9\u0007 \u0001(\u000b2\u0010.pb.JavaFeaturesR\u0004javaB(\n\u0013com.google.protobufB\u0011JavaFeaturesProto
smali\com\kongzue\dialogx\interfaces\飘花落叶言子楪世兰苏哲.smali	3037	DialogX \u672a\u521d\u59cb\u5316(E2)\u3002\n\u8bf7\u68c0\u67e5\u662f\u5426\u5728\u542f\u52a8\u5bf9\u8bdd\u6846\u524d\u8fdb\u884c\u521d\u59cb\u5316\u64cd\u4f5c\uff0c\u4f7f\u7528\u4ee5\u4e0b\u4ee3\u7801\u8fdb\u884c\u521d\u59cb\u5316\uff1a\nDialogX.init(context);\n\n\u53e6\u5916\u5efa\u8bae\u60a8\u524d\u5f80\u67e5\u770b DialogX \u7684\u6587\u6863\u8fdb\u884c\u4f7f\u7528\uff1ahttps://github.com/kongzue/DialogX
smali\com\kongzue\dialogx\interfaces\飘花落叶言子楪世兰苏哲.smali	3746	DialogX \u672a\u521d\u59cb\u5316(E3)\u3002\n\u8bf7\u68c0\u67e5\u662f\u5426\u5728\u542f\u52a8\u5bf9\u8bdd\u6846\u524d\u8fdb\u884c\u521d\u59cb\u5316\u64cd\u4f5c\uff0c\u4f7f\u7528\u4ee5\u4e0b\u4ee3\u7801\u8fdb\u884c\u521d\u59cb\u5316\uff1a\nDialogX.init(context);\n\n\u53e6\u5916\u5efa\u8bae\u60a8\u524d\u5f80\u67e5\u770b DialogX \u7684\u6587\u6863\u8fdb\u884c\u4f7f\u7528\uff1ahttps://github.com/kongzue/DialogX
smali\com\kongzue\dialogx\interfaces\飘花落叶言子楪世兰苏哲.smali	3929	DialogX \u672a\u521d\u59cb\u5316(E5)\u3002\n\u8bf7\u68c0\u67e5\u662f\u5426\u5728\u542f\u52a8\u5bf9\u8bdd\u6846\u524d\u8fdb\u884c\u521d\u59cb\u5316\u64cd\u4f5c\uff0c\u4f7f\u7528\u4ee5\u4e0b\u4ee3\u7801\u8fdb\u884c\u521d\u59cb\u5316\uff1a\nDialogX.init(context);\n\n\u53e6\u5916\u5efa\u8bae\u60a8\u524d\u5f80\u67e5\u770b DialogX \u7684\u6587\u6863\u8fdb\u884c\u4f7f\u7528\uff1ahttps://github.com/kongzue/DialogX
smali\com\kongzue\dialogx\interfaces\飘花落叶言子楪世兰苏哲.smali	4309	DialogX \u9519\u8bef\uff1a\u5728 getRootFrameLayout() \u65f6\u65e0\u6cd5\u83b7\u53d6\u7ed1\u5b9a\u7684 activity\uff0c\u8bf7\u786e\u8ba4\u662f\u5426\u6b63\u786e\u521d\u59cb\u5316\uff1a\nDialogX.init(context);\n\n\u6216\u8005\u4f7f\u7528 .show(activity) \u542f\u52a8\u5bf9\u8bdd\u6846\n\u53e6\u5916\u5efa\u8bae\u60a8\u524d\u5f80\u67e5\u770b DialogX \u7684\u6587\u6863\u8fdb\u884c\u4f7f\u7528\uff1ahttps://github.com/kongzue/DialogX
smali\com\kongzue\dialogx\interfaces\飘花落叶言子楪世兰苏哲.smali	4391	) \u7684 decorView\uff0c\u8bf7\u68c0\u67e5\u8be5 activity \u662f\u5426\u6b63\u5e38\u663e\u793a\u4e14\u53ef\u4ee5\u4f7f DialogX \u57fa\u4e8e\u5176\u663e\u793a\u3002\n\u82e5\u8be5 activity \u4e0d\u53ef\u7528\uff0c\u53ef\u901a\u8fc7\u4ee5\u4e0b\u4ee3\u7801\u914d\u7f6e\u8c41\u514d DialogX \u5bf9\u8bdd\u6846\u7ed1\u5b9a\u81f3\u8be5 activity\uff0c\u4f8b\u5982\uff1a\nDialogX.unsupportedActivitiesPackageNames = new String[]{\n        \"com.bytedance.sdk.openadsdk.stub.activity\",\n        \"com.mobile.auth.gatewayauth\",\n        \"com.google.android.gms.ads\"\n};\n\n\u53e6\u5916\u5efa\u8bae\u60a8\u524d\u5f80\u67e5\u770b DialogX \u7684\u6587\u6863\u8fdb\u884c\u4f7f\u7528\uff1ahttps://github.com/kongzue/DialogX
smali\com\kongzue\dialogx\interfaces\飘花落叶言子楪世兰苏哲.smali	4542	DialogX \u672a\u521d\u59cb\u5316(E7)\u3002\n\u8bf7\u68c0\u67e5\u662f\u5426\u5728\u542f\u52a8\u5bf9\u8bdd\u6846\u524d\u8fdb\u884c\u521d\u59cb\u5316\u64cd\u4f5c\uff0c\u4f7f\u7528\u4ee5\u4e0b\u4ee3\u7801\u8fdb\u884c\u521d\u59cb\u5316\uff1a\nDialogX.init(context);\n\n\u53e6\u5916\u5efa\u8bae\u60a8\u524d\u5f80\u67e5\u770b DialogX \u7684\u6587\u6863\u8fdb\u884c\u4f7f\u7528\uff1ahttps://github.com/kongzue/DialogX
smali\com\kongzue\dialogx\interfaces\飘花落叶言子楪世苏哲兰.smali	1148	DownloadPluginItemView
smali\com\kongzue\dialogx\interfaces\飘花落叶言子楪苏兰世哲.smali	71	DialogX.init: \u521d\u59cb\u5316\u5f02\u5e38\uff0ccontext \u4e3a null \u6216\u672a\u521d\u59cb\u5316\uff0c\u8be6\u60c5\u8bf7\u67e5\u770b https://github.com/kongzue/DialogX/wiki
smali\飘花落叶言世哲楪兰子苏\飘花落叶言子楪世哲苏兰.smali	45	DownloadPluginItemView
smali\飘花落叶言子兰苏世哲楪\飘花落叶言子楪哲苏兰世.smali	1509	http://schemas.android.com/apk/res/android
smali\飘花落叶言子哲兰楪世苏\飘花落叶言子楪苏世哲兰.smali	5350	http://ns.adobe.com/xap/1.0/\u0000
smali\飘花落叶言子哲楪世兰苏\飘花落叶言子楪世苏兰哲.smali	647	http://schemas.android.com/apk/res/android
smali\飘花落叶言楪哲世兰子苏\飘花落叶言子楪世苏哲兰.smali	179	https://github.com/google/gson/blob/main/Troubleshooting.md#
smali\飘花落叶言楪哲世兰子苏\飘花落叶言子楪世苏哲兰.smali	527	https://github.com/google/gson/blob/main/Troubleshooting.md#
smali\飘花落叶言楪哲世兰苏子\飘花落叶言子楪世苏哲兰.smali	1708	https://github.com/google/gson/blob/main/Troubleshooting.md#
smali\飘花落叶言楪哲世兰苏子\飘花落叶言子楪世苏哲兰.smali	1829	https://github.com/google/gson/blob/main/Troubleshooting.md#
smali\飘花落叶言楪哲世子苏兰\飘花落叶言子世哲楪兰苏.smali	72	https://github.com/google/gson/blob/main/Troubleshooting.md#
smali\飘花落叶言楪哲世子苏兰\飘花落叶言子世哲楪兰苏.smali	117	https://github.com/google/gson/blob/main/Troubleshooting.md#
smali\飘花落叶言楪哲世子苏兰\飘花落叶言子世楪苏兰哲.smali	159	https://github.com/google/gson/blob/main/Troubleshooting.md#
smali\飘花落叶言楪哲世苏子兰\飘花落叶言子楪世哲苏兰.smali	211	https://github.com/google/gson/blob/main/Troubleshooting.md#
smali\飘花落叶言楪哲苏世兰子\飘花落叶言子楪世苏哲兰.smali	48	DialogX \u672a\u521d\u59cb\u5316(E1)\u3002\n\u8bf7\u68c0\u67e5\u662f\u5426\u5728\u542f\u52a8\u5bf9\u8bdd\u6846\u524d\u8fdb\u884c\u521d\u59cb\u5316\u64cd\u4f5c\uff0c\u4f7f\u7528\u4ee5\u4e0b\u4ee3\u7801\u8fdb\u884c\u521d\u59cb\u5316\uff1a\nDialogX.init(context);\n\n\u53e6\u5916\u5efa\u8bae\u60a8\u524d\u5f80\u67e5\u770b DialogX \u7684\u6587\u6863\u8fdb\u884c\u4f7f\u7528\uff1ahttps://github.com/kongzue/DialogX
smali\飘花落叶言楪哲苏子世兰\飘花落叶言子楪世兰苏哲.smali	33	PluginProtos
smali\飘花落叶言楪哲苏子世兰\飘花落叶言子楪世兰苏哲.smali	42	\n%google/protobuf/compiler/plugin.proto\u0012\u0018google.protobuf.compiler\u001a google/protobuf/descriptor.proto\"c\n\u0007Version\u0012\u0014\n\u0005major\u0018\u0001 \u0001(\u0005R\u0005major\u0012\u0014\n\u0005minor\u0018\u0002 \u0001(\u0005R\u0005minor\u0012\u0014\n\u0005patch\u0018\u0003 \u0001(\u0005R\u0005patch\u0012\u0016\n\u0006suffix\u0018\u0004 \u0001(\tR\u0006suffix\"\u00cf\u0002\n\u0014CodeGeneratorRequest\u0012(\n\u0010file_to_generate\u0018\u0001 \u0003(\tR\u000efileToGenerate\u0012\u001c\n\tparameter\u0018\u0002 \u0001(\tR\tparameter\u0012C\n\nproto_file\u0018\u000f \u0003(\u000b2$.google.protobuf.FileDescriptorProtoR\tprotoFile\u0012\\\n\u0017source_file_descriptors\u0018\u0011 \u0003(\u000b2$.google.protobuf.FileDescriptorProtoR\u0015sourceFileDescriptors\u0012L\n\u0010compiler_version\u0018\u0003 \u0001(\u000b2!.google.protobuf.compiler.VersionR\u000fcompilerVersion\"\u0085\u0004\n\u0015CodeGeneratorResponse\u0012\u0014\n\u0005error\u0018\u0001 \u0001(\tR\u0005error\u0012-\n\u0012supported_features\u0018\u0002 \u0001(\u0004R\u0011supportedFeatures\u0012\'\n\u000fminimum_edition\u0018\u0003 \u0001(\u0005R\u000eminimumEdition\u0012\'\n\u000fmaximum_edition\u0018\u0004 \u0001(\u0005R\u000emaximumEdition\u0012H\n\u0004file\u0018\u000f \u0003(\u000b24.google.protobuf.compiler.CodeGeneratorResponse.FileR\u0004file\u001a\u00b1\u0001\n\u0004File\u0012\u0012\n\u0004name\u0018\u0001 \u0001(\tR\u0004name\u0012\'\n\u000finsertion_point\u0018\u0002 \u0001(\tR\u000einsertionPoint\u0012\u0018\n\u0007content\u0018\u000f \u0001(\tR\u0007content\u0012R\n\u0013generated_code_info\u0018\u0010 \u0001(\u000b2\".google.protobuf.GeneratedCodeInfoR\u0011generatedCodeInfo\"W\n\u0007Feature\u0012\u0010\n\u000cFEATURE_NONE\u0010\u0000\u0012\u001b\n\u0017FEATURE_PROTO3_OPTIONAL\u0010\u0001\u0012\u001d\n\u0019FEATURE_SUPPORTS_EDITIONS\u0010\u0002Br\n\u001ccom.google.protobuf.compilerB\u000cPluginProtosZ)google.golang.org/protobuf/types/pluginpb\u00aa\u0002\u0018Google.Protobuf.Compiler
smali_classes2\io\ktor\client\plugins\HttpSend$Plugin$install$1.smali	354	.\n|\n|If you expect serialized body, please check that you have installed the corresponding plugin(like `ContentNegotiation`) and set `Content-Type` header.
smali_classes2\io\ktor\client\plugins\飘花落叶言子世楪兰哲苏.smali	15	io.ktor.client.plugins.UserAgent
smali_classes2\io\ktor\client\plugins\飘花落叶言子世楪苏兰哲.smali	15	io.ktor.client.plugins.HttpTimeout
smali_classes2\io\ktor\client\plugins\飘花落叶言子楪世兰哲苏.smali	15	io.ktor.client.plugins.defaultTransformers
smali_classes2\io\ktor\client\plugins\飘花落叶言子楪世哲苏兰.smali	72	io.ktor.client.plugins.DefaultResponseValidation
smali_classes2\io\ktor\client\plugins\飘花落叶言子楪哲世苏兰.smali	15	io.ktor.client.plugins.HttpPlainText
smali_classes2\io\ktor\client\plugins\飘花落叶言子楪哲兰世苏.smali	41	io.ktor.client.plugins.HttpRequestRetry
smali_classes2\io\ktor\client\plugins\飘花落叶言子楪哲苏世兰.smali	36	io.ktor.client.plugins.HttpRedirect
smali_classes2\io\ktor\client\plugins\飘花落叶言子楪苏兰世哲.smali	37	ApplicationPluginRegistry
smali_classes2\io\ktor\client\plugins\飘花落叶言子楪苏哲兰世.smali	17	io.ktor.client.plugins.HttpCallValidator
smali_classes2\io\ktor\client\plugins\cache\飘花落叶言子楪世哲兰苏.smali	15	io.ktor.client.plugins.HttpCache
smali_classes2\io\ktor\client\plugins\cookies\飘花落叶言子楪世哲苏兰.smali	15	io.ktor.client.plugins.HttpCookies
smali_classes2\io\ktor\client\plugins\sse\BuildersKt$serverSentEventsSession$2.smali	369	null cannot be cast to non-null type io.ktor.client.plugins.sse.ClientSSESession
smali_classes2\io\ktor\client\plugins\sse\飘花落叶言子楪世兰哲苏.smali	15	io.ktor.client.plugins.sse.SSE
smali_classes2\io\ktor\client\plugins\websocket\BuildersKt$webSocket$1.smali	509	null cannot be cast to non-null type io.ktor.client.plugins.websocket.DefaultClientWebSocketSession
smali_classes2\io\ktor\client\plugins\websocket\BuildersKt$webSocketSession$2.smali	452	null cannot be cast to non-null type io.ktor.client.plugins.websocket.DefaultClientWebSocketSession
smali_classes2\io\ktor\client\plugins\websocket\WebSockets$Plugin$install$1.smali	309	Skipping WebSocket plugin for non-websocket request: 
smali_classes2\io\ktor\client\plugins\websocket\飘花落叶言子楪世哲兰苏.smali	77	io.ktor.client.plugins.websocket.WebSockets
smali_classes2\io\ktor\client\plugins\websocket\cio\BuildersCioKt$webSocketRawSession$3.smali	452	null cannot be cast to non-null type io.ktor.client.plugins.websocket.ClientWebSocketSession
smali_classes2\io\ktor\server\application\MissingApplicationPluginException.smali	153	Application plugin 
smali_classes2\io\ktor\server\application\飘花落叶言子楪世兰苏哲.smali	63	ApplicationPluginRegistry
smali_classes2\io\ktor\server\application\飘花落叶言子楪世兰苏哲.smali	300	Please make sure that you use unique name for the plugin and don\'t install it twice. Conflicting application plugin is already installed with the same key as `
smali_classes2\io\ktor\server\application\飘花落叶言子楪世哲苏兰.smali	71	Plugins
smali_classes2\io\ktor\server\sse\飘花落叶言子楪世苏兰哲.smali	15	io.ktor.server.plugins.sse.SSE
smali_classes2\io\modelcontextprotocol\kotlin\sdk\client\飘花落叶言子楪世哲苏兰.smali	19	getSession()Lio/ktor/client/plugins/sse/ClientSSESession;
smali_classes2\kotlin\jvm\internal\PropertyReference.smali	358	Kotlin reflection is not yet supported for synthetic Java properties. Please follow/upvote https://youtrack.jetbrains.com/issue/KT-55980
smali_classes2\kotlin\jvm\internal\飘花落叶言子楪哲苏兰世.smali	34	PluginConfigT
smali_classes2\kotlin\reflect\jvm\internal\飘花落叶言楪子苏哲世兰.smali	1725	PluginConfigT
smali_classes2\kotlin\reflect\jvm\internal\飘花落叶言楪子苏哲世兰.smali	1745	Type parameter PluginConfigT is not found in container: 
smali_classes2\kotlin\reflect\jvm\internal\types\飘花落叶言子楪哲兰苏世.smali	136	 with a new kotlin-reflect implementation. Please file an issue at https://kotl.in/issue
smali_classes2\net\bytebuddy\build\Plugin$Engine$Default.smali	432	Expected arguments: <source> <target> [<plugin>, ...]
smali_classes2\net\bytebuddy\build\Plugin$Engine$Default.smali	500	META-INF/net.bytebuddy/build.plugins
smali_classes2\net\bytebuddy\build\Plugin$Engine$Default.smali	1773	Thread interrupted during plugin engine application
smali_classes2\net\bytebuddy\build\Plugin$Engine$Dispatcher$ForSerialTransformation.smali	419	Interrupted during plugin engine completion
smali_classes2\net\bytebuddy\build\Plugin$Engine$ErrorHandler$Failing.smali	216	Failed to close plugin 
smali_classes2\net\bytebuddy\build\Plugin$Factory$UsingReflection$Instantiator$Resolved.smali	406	Failed to instantiate plugin via 
smali_classes2\net\bytebuddy\build\Plugin$NoOp.smali	59	Cannot apply non-operational plugin
smali_classes2\org\apache\commons\compress\archivers\zip\飘花落叶言子世苏楪兰哲.smali	1476	actual and claimed size don\'t match while reading a stored entry using data descriptor. Either the archive is broken or it cannot be read using ZipArchiveInputStream and you must use ZipFile. A common cause for this is a ZIP archive containing a ZIP archive. See https://commons.apache.org/proper/commons-compress/zip.html#ZipArchiveInputStream_vs_ZipFile
smali_classes2\org\apache\commons\compress\archivers\zip\飘花落叶言子世苏楪兰哲.smali	1493	compressed and uncompressed size don\'t match while reading a stored entry using data descriptor. Either the archive is broken or it cannot be read using ZipArchiveInputStream and you must use ZipFile. A common cause for this is a ZIP archive containing a ZIP archive. See https://commons.apache.org/proper/commons-compress/zip.html#ZipArchiveInputStream_vs_ZipFile
smali_classes2\top\suzhelan\plugin\sdk\online\net\ApiService.smali	183	Super calls with default arguments not supported in this target, function: getOnlinePluginList
smali_classes2\top\suzhelan\plugin\sdk\online\net\HttpLogInterceptor.smali	181	[Plugin]\u8bf7\u6c42\u65e5\u5fd7
smali_classes2\top\suzhelan\plugin\sdk\online\net\PluginClient.smali	106	https://plugin.suzhelan.top/api/plugin/
smali_classes2\top\suzhelan\plugin\sdk\online\presenter\CommentPresenter$addComment$1.smali	359	pluginId
smali_classes2\top\suzhelan\plugin\sdk\online\presenter\飘花落叶言子楪世苏哲兰.smali	270	PluginPresenter
smali_classes2\top\suzhelan\qstory\hook\InjectHook.smali	319	[QStory] 
smali_classes2\top\suzhelan\sticker\sdk\net\StickerClient.smali	88	https://sticker.suzhelan.top/api/v1/
smali_classes2\top\suzhelan\sticker\sdk\net\StickerUrlResolver.smali	73	https://sticker.suzhelan.top/api/v1/
smali_classes2\top\suzhelan\sticker\sdk\net\StickerUrlResolver.smali	98	http://
smali_classes2\top\suzhelan\sticker\sdk\net\StickerUrlResolver.smali	117	https://
smali_classes2\飘花落叶言世哲子苏楪兰\飘花落叶言子苏楪哲兰世.smali	1718	\' is not found.\nPlease ensure that class is marked as \'@Serializable\' and that the serialization compiler plugin is applied.\n
smali_classes2\飘花落叶言世子楪哲苏兰\飘花落叶言子楪世哲兰苏.smali	157	PluginsTrace(
smali_classes2\飘花落叶言世子楪哲苏兰\飘花落叶言子楪世哲苏兰.smali	215	PluginTraceElement(pluginName=
smali_classes2\飘花落叶言世子楪哲苏兰\飘花落叶言子楪世苏兰哲.smali	148	PluginName(
smali_classes2\飘花落叶言世子苏哲楪兰\飘花落叶言楪世苏子哲兰.smali	338	\n.123,application/vnd.lotus-1-2-3\n.3dmf,x-world/x-3dmf\n.3dml,text/vnd.in3d.3dml\n.3dm,x-world/x-3dmf\n.3g2,video/3gpp2\n.3gp,video/3gpp\n.7z,application/x-7z-compressed\n.aab,application/x-authorware-bin\n.aac,audio/aac\n.aam,application/x-authorware-map\n.a,application/octet-stream\n.aas,application/x-authorware-seg\n.abc,text/vnd.abc\n.abw,application/x-abiword\n.ac,application/pkix-attr-cert\n.acc,application/vnd.americandynamics.acc\n.ace,application/x-ace-compressed\n.acgi,text/html\n.acu,application/vnd.acucobol\n.adp,audio/adpcm\n.aep,application/vnd.audiograph\n.afl,video/animaflex\n.afp,application/vnd.ibm.modcap\n.ahead,application/vnd.ahead.space\n.ai,application/postscript\n.aif,audio/aiff\n.aifc,audio/aiff\n.aiff,audio/aiff\n.aim,application/x-aim\n.aip,text/x-audiosoft-intra\n.air,application/vnd.adobe.air-application-installer-package+zip\n.ait,application/vnd.dvb.ait\n.ami,application/vnd.amiga.ami\n.ani,application/x-navi-animation\n.aos,application/x-nokia-9000-communicator-add-on-software\n.apk,application/vnd.android.package-archive\n.application,application/x-ms-application\n,application/pgp-encrypted\n.apr,application/vnd.lotus-approach\n.aps,application/mime\n.arc,application/octet-stream\n.arj,application/arj\n.arj,application/octet-stream\n.art,image/x-jg\n.asf,video/x-ms-asf\n.asm,text/x-asm\n.aso,application/vnd.accpac.simply.aso\n.asp,text/asp\n.asx,application/x-mplayer2\n.asx,video/x-ms-asf\n.asx,video/x-ms-asf-plugin\n.atc,application/vnd.acucorp\n.atomcat,application/atomcat+xml\n.atomsvc,application/atomsvc+xml\n.atom,application/atom+xml\n.atx,application/vnd.antix.game-component\n.au,audio/basic\n.au,audio/x-au\n.avi,video/avi\n.avi,video/msvideo\n.avi,video/x-msvideo\n.avif,image/avif\n.avifs,image/avif\n.avs,video/avs-video\n.aw,application/applixware\n.azf,application/vnd.airzip.filesecure.azf\n.azs,application/vnd.airzip.filesecure.azs\n.azw,application/vnd.amazon.ebook\n.bcpio,application/x-bcpio\n.bdf,application/x-font-bdf\n.bdm,application/vnd.syncml.dm+wbxml\n.bed,application/vnd.realvnc.bed\n.bh2,application/vnd.fujitsu.oasysprs\n.bin,application/macbinary\n.bin,application/mac-binary\n.bin,application/octet-stream\n.bin,application/x-binary\n.bin,application/x-macbinary\n.bmi,application/vnd.bmi\n.bm,image/bmp\n.bmp,image/bmp\n.bmp,image/x-windows-bmp\n.boo,application/book\n.book,application/book\n.box,application/vnd.previewsystems.box\n.boz,application/x-bzip2\n.bsh,application/x-bsh\n.btif,image/prs.btif\n.bz2,application/x-bzip2\n.bz,application/x-bzip\n.c11amc,application/vnd.cluetrust.cartomobile-config\n.c11amz,application/vnd.cluetrust.cartomobile-config-pkg\n.c4g,application/vnd.clonk.c4group\n.cab,application/vnd.ms-cab-compressed\n.car,application/vnd.curl.car\n.cat,application/vnd.ms-pki.seccat\n.ccad,application/clariscad\n.cco,application/x-cocoa\n.cc,text/plain\n.cc,text/x-c\n.ccxml,application/ccxml+xml,\n.cdbcmsg,application/vnd.contact.cmsg\n.cdf,application/cdf\n.cdf,application/x-cdf\n.cdf,application/x-netcdf\n.cdkey,application/vnd.mediastation.cdkey\n.cdmia,application/cdmi-capability\n.cdmic,application/cdmi-container\n.cdmid,application/cdmi-domain\n.cdmio,application/cdmi-object\n.cdmiq,application/cdmi-queue\n.cdx,chemical/x-cdx\n.cdxml,application/vnd.chemdraw+xml\n.cdy,application/vnd.cinderella\n.cer,application/pkix-cert\n.cgm,image/cgm\n.cha,application/x-chat\n.chat,application/x-chat\n.chm,application/vnd.ms-htmlhelp\n.chrt,application/vnd.kde.kchart\n.cif,chemical/x-cif\n.cii,application/vnd.anser-web-certificate-issue-initiation\n.cil,application/vnd.ms-artgalry\n.cla,application/vnd.claymore\n.class,application/java\n.class,application/java-byte-code\n.class,application/java-vm\n.class,application/x-java-class\n.clkk,application/vnd.crick.clicker.keyboard\n.clkp,application/vnd.crick.clicker.palette\n.clkt,application/vnd.crick.clicker.template\n.clkw,application/vnd.crick.clicker.wordbank\n.clkx,application/vnd.crick.clicker\n.clp,application/x-msclip\n.cmc,application/vnd.cosmocaller\n.cmdf,chemical/x-cmdf\n.cml,chemical/x-cml\n.cmp,application/vnd.yellowriver-custom-menu\n.cmx,image/x-cmx\n.cod,application/vnd.rim.cod\n.collection,font/collection\t\n.com,application/octet-stream\n.com,text/plain\n.conf,text/plain\n.cpio,application/x-cpio\n.cpp,text/x-c\n.cpt,application/mac-compactpro\n.cpt,application/x-compactpro\n.cpt,application/x-cpt\n.crd,application/x-mscardfile\n.crl,application/pkcs-crl\n.crl,application/pkix-crl\n.crt,application/pkix-cert\n.crt,application/x-x509-ca-cert\n.crt,application/x-x509-user-cert\n.cryptonote,application/vnd.rig.cryptonote\n.csh,application/x-csh\n.csh,text/x-script.csh\n.csml,chemical/x-csml\n.csp,application/vnd.commonspace\n.css,text/css\n.csv,text/csv\n.c,text/plain\n.c++,text/plain\n.c,text/x-c\n.cu,application/cu-seeme\n.curl,text/vnd.curl\n.cww,application/prs.cww\n.cxx,text/plain\n.dat,binary/octet-stream\n.dae,model/vnd.collada+xml\n.daf,application/vnd.mobius.daf\n.davmount,application/davmount+xml\n.dcr,application/x-director\n.dcurl,text/vnd.curl.dcurl\n.dd2,application/vnd.oma.dd2+xml\n.ddd,application/vnd.fujixerox.ddd\n.deb,application/x-debian-package\n.deepv,application/x-deepv\n.def,text/plain\n.der,application/x-x509-ca-cert\n.dfac,application/vnd.dreamfactory\n.dif,video/x-dv\n.dir,application/x-director\n.dis,application/vnd.mobius.dis\n.djvu,image/vnd.djvu\n.dl,video/dl\n.dl,video/x-dl\n.dna,application/vnd.dna\n.doc,application/msword\n.docm,application/vnd.ms-word.document.macroenabled.12\n.docx,application/vnd.openxmlformats-officedocument.wordprocessingml.document\n.dot,application/msword\n.dotm,application/vnd.ms-word.template.macroenabled.12\n.dotx,application/vnd.openxmlformats-officedocument.wordprocessingml.template\n.dp,application/commonground\n.dp,application/vnd.osgi.dp\n.dpg,application/vnd.dpgraph\n.dra,audio/vnd.dra\n.drw,application/drafting\n.dsc,text/prs.lines.tag\n.dssc,application/dssc+der\n.dtb,application/x-dtbook+xml\n.dtd,application/xml-dtd\n.dts,audio/vnd.dts\n.dtshd,audio/vnd.dts.hd\n.dump,application/octet-stream\n.dvi,application/x-dvi\n.dv,video/x-dv\n.dwf,model/vnd.dwf\n.dwg,application/acad\n.dwg,image/vnd.dwg\n.dwg,image/x-dwg\n.dxf,application/dxf\n.dxf,image/vnd.dwg\n.dxf,image/vnd.dxf\n.dxf,image/x-dwg\n.dxp,application/vnd.spotfire.dxp\n.dxr,application/x-director\n.ecelp4800,audio/vnd.nuera.ecelp4800\n.ecelp7470,audio/vnd.nuera.ecelp7470\n.ecelp9600,audio/vnd.nuera.ecelp9600\n.edm,application/vnd.novadigm.edm\n.edx,application/vnd.novadigm.edx\n.efif,application/vnd.picsel\n.ei6,application/vnd.pg.osasli\n.elc,application/x-elc\n.el,text/x-script.elisp\n.eml,message/rfc822\n.emma,application/emma+xml\n.env,application/x-envoy\n.eol,audio/vnd.digital-winds\n.eot,application/vnd.ms-fontobject\n.eps,application/postscript\n.epub,application/epub+zip\n.es3,application/vnd.eszigno3+xml\n.es,application/ecmascript\n.es,application/x-esrehber\n.esf,application/vnd.epson.esf\n.etx,text/x-setext\n.evy,application/envoy\n.evy,application/x-envoy\n.exe,application/octet-stream\n.exe,application/x-msdownload\n.exi,application/exi\n.ext,application/vnd.novadigm.ext\n.ez2,application/vnd.ezpix-album\n.ez3,application/vnd.ezpix-package\n.f4v,video/x-f4v\n.f77,text/x-fortran\n.f90,text/plain\n.f90,text/x-fortran\n.fbs,image/vnd.fastbidsheet\n.fcs,application/vnd.isac.fcs\n.fdf,application/vnd.fdf\n.fe_launch,application/vnd.denovo.fcselayout-link\n.fg5,application/vnd.fujitsu.oasysgp\n.fh,image/x-freehand\n.fif,application/fractals\n.fif,image/fif\n.fig,application/x-xfig\n.fli,video/fli\n.fli,video/x-fli\n.flo,application/vnd.micrografx.flo\n.flo,image/florian\n.flv,video/x-flv\n.flw,application/vnd.kde.kivio\n.flx,text/vnd.fmi.flexstor\n.fly,text/vnd.fly\n.fm,application/vnd.framemaker\n.fmf,video/x-atomic3d-feature\n.fnc,application/vnd.frogans.fnc\n.for,text/plain\n.for,text/x-fortran\n.fpx,image/vnd.fpx\n.fpx,image/vnd.net-fpx\n.frl,application/freeloader\n.fsc,application/vnd.fsc.weblaunch\n.fst,image/vnd.fst\n.ftc,application/vnd.fluxtime.clip\n.f,text/plain\n.f,text/x-fortran\n.fti,application/vnd.anser-web-funds-transfer-initiation\n.funk,audio/make\n.fvt,video/vnd.fvt\n.fxp,application/vnd.adobe.fxp\n.fzs,application/vnd.fuzzysheet\n.g2w,application/vnd.geoplan\n.g3,image/g3fax\n.g3w,application/vnd.geospace\n.gac,application/vnd.groove-account\n.gdl,model/vnd.gdl\n.geo,application/vnd.dynageo\n.gex,application/vnd.geometry-explorer\n.ggb,application/vnd.geogebra.file\n.ggt,application/vnd.geogebra.tool\n.ghf,application/vnd.groove-help\n.gif,image/gif\n.gim,application/vnd.groove-identity-message\n.gl,video/gl\n.gl,video/x-gl\n.gmx,application/vnd.gmx\n.gnumeric,application/x-gnumeric\n.gph,application/vnd.flographit\n.gqf,application/vnd.grafeq\n.gram,application/srgs\n.grv,application/vnd.groove-injector\n.grxml,application/srgs+xml\n.gsd,audio/x-gsm\n.gsf,application/x-font-ghostscript\n.gsm,audio/x-gsm\n.gsp,application/x-gsp\n.gss,application/x-gss\n.gtar,application/x-gtar\n.g,text/plain\n.gtm,application/vnd.groove-tool-message\n.gtw,model/vnd.gtw\n.gv,text/vnd.graphviz\n.gxt,application/vnd.geonext\n.gz,application/gzip\n.gz,application/x-compressed\n.gz,application/x-gzip\n.gzip,application/gzip\n.gzip,application/x-gzip\n.gzip,multipart/x-gzip\n.h261,video/h261\n.h263,video/h263\n.h264,video/h264\n.hal,application/vnd.hal+xml\n.hbci,application/vnd.hbci\n.hdf,application/x-hdf\n.help,application/x-helpfile\n.heic,image/heic\n.heif,image/heif\n.hgl,application/vnd.hp-hpgl\n.hh,text/plain\n.hh,text/x-h\n.hlb,text/x-script\n.hlp,application/hlp\n.hlp,application/winhlp\n.hlp,application/x-helpfile\n.hlp,application/x-winhelp\n.hpg,application/vnd.hp-hpgl\n.hpgl,application/vnd.hp-hpgl\n.hpid,application/vnd.hp-hpid\n.hps,application/vnd.hp-hps\n.hqx,application/binhex\n.hqx,application/binhex4\n.hqx,application/mac-binhex\n.hqx,application/mac-binhex40\n.hqx,application/x-binhex40\n.hqx,application/x-mac-binhex40\n.hta,application/hta\n.htc,text/x-component\n.h,text/plain\n.h,text/x-h\n.htke,application/vnd.kenameaapp\n.htmls,text/html\n.html,text/html\n.htm,text/html\n.htt,text/webviewhtml\n.htx,text/html\n.hvd,application/vnd.yamaha.hv-dic\n.hvp,application/vnd.yamaha.hv-voice\n.hvs,application/vnd.yamaha.hv-script\n.i2g,application/vnd.intergeo\n.icc,application/vnd.iccprofile\n.ice,x-conference/x-cooltalk\n.ico,image/x-icon\n.ics,text/calendar\n.idc,text/plain\n.ief,image/ief\n.iefs,image/ief\n.iff,application/iff\n.ifm,application/vnd.shana.informed.formdata\n.iges,application/iges\n.iges,model/iges\n.igl,application/vnd.igloader\n.igm,application/vnd.insors.igm\n.igs,application/iges\n.igs,model/iges\n.igx,application/vnd.micrografx.igx\n.iif,application/vnd.shana.informed.interchange\n.ima,application/x-ima\n.imap,application/x-httpd-imap\n.imp,application/vnd.accpac.simply.imp\n.ims,application/vnd.ms-ims\n.inf,application/inf\n.ins,application/x-internett-signup\n.ip,application/x-ip2\n.ipfix,application/ipfix\n.ipk,application/vnd.shana.informed.package\n.irm,application/vnd.ibm.rights-management\n.irp,application/vnd.irepository.package+xml\n.isu,video/x-isvideo\n.it,audio/it\n.itp,application/vnd.shana.informed.formtemplate\n.iv,application/x-inventor\n.ivp,application/vnd.immervision-ivp\n.ivr,i-world/i-vrml\n.ivu,application/vnd.immervision-ivu\n.ivy,application/x-livescreen\n.jad,text/vnd.sun.j2me.app-descriptor\n.jam,application/vnd.jam\n.jam,audio/x-jam\n.jar,application/java-archive\n.java,text/plain\n.java,text/x-java-source\n.jav,text/plain\n.jav,text/x-java-source\n.jcm,application/x-java-commerce\n.jfif,image/jpeg\n.jfif,image/pjpeg\n.jfif-tbnl,image/jpeg\n.jisp,application/vnd.jisp\n.jlt,application/vnd.hp-jlyt\n.jnlp,application/x-java-jnlp-file\n.joda,application/vnd.joost.joda-archive\n.jpeg,image/jpeg\n.jpe,image/jpeg\n.jpg,image/jpeg\n.jpgv,video/jpeg\n.jpm,video/jpm\n.jps,image/x-jps\n.js,text/javascript\n.js,application/javascript\n.json,application/json\n.jut,image/jutvision\n.kar,audio/midi\n.karbon,application/vnd.kde.karbon\n.kar,music/x-karaoke\n.key,application/pgp-keys\n.keychain,application/octet-stream\n.kfo,application/vnd.kde.kformula\n.kia,application/vnd.kidspiration\n.kml,application/vnd.google-earth.kml+xml\n.kmz,application/vnd.google-earth.kmz\n.kne,application/vnd.kinar\n.kon,application/vnd.kde.kontour\n.kpr,application/vnd.kde.kpresenter\n.ksh,application/x-ksh\n.ksh,text/x-script.ksh\n.ksp,application/vnd.kde.kspread\n.ktx,image/ktx\n.ktz,application/vnd.kahootz\n.kwd,application/vnd.kde.kword\n.la,audio/nspaudio\n.la,audio/x-nspaudio\n.lam,audio/x-liveaudio\n.lasxml,application/vnd.las.las+xml\n.latex,application/x-latex\n.lbd,application/vnd.llamagraphics.life-balance.desktop\n.lbe,application/vnd.llamagraphics.life-balance.exchange+xml\n.les,application/vnd.hhe.lesson-player\n.lha,application/lha\n.lha,application/x-lha\n.link66,application/vnd.route66.link66+xml\n.list,text/plain\n.lma,audio/nspaudio\n.lma,audio/x-nspaudio\n.log,text/plain\n.lrm,application/vnd.ms-lrm\n.lsp,application/x-lisp\n.lsp,text/x-script.lisp\n.lst,text/plain\n.lsx,text/x-la-asf\n.ltf,application/vnd.frogans.ltf\n.ltx,application/x-latex\n.lvp,audio/vnd.lucent.voice\n.lwp,application/vnd.lotus-wordpro\n.lzh,application/octet-stream\n.lzh,application/x-lzh\n.lzx,application/lzx\n.lzx,application/octet-stream\n.lzx,application/x-lzx\n.m1v,video/mpeg\n.m21,application/mp21\n.m2a,audio/mpeg\n.m2v,video/mpeg\n.m3u8,application/vnd.apple.mpegurl\n.m3u,audio/x-mpegurl\n.m4a,audio/mp4\n.m4v,video/mp4\n.ma,application/mathematica\n.mads,application/mads+xml\n.mag,application/vnd.ecowin.chart\n.man,application/x-troff-man\n.map,application/x-navimap\n.mar,text/plain\n.mathml,application/mathml+xml\n.mbd,application/mbedlet\n.mbk,application/vnd.mobius.mbk\n.mbox,application/mbox\n.mc1,application/vnd.medcalcdata\n.mc$,application/x-magic-cap-package-1.0\n.mcd,application/mcad\n.mcd,application/vnd.mcd\n.mcd,application/x-mathcad\n.mcf,image/vasa\n.mcf,text/mcf\n.mcp,application/netmc\n.mcurl,text/vnd.curl.mcurl\n.mdb,application/x-msaccess\n.mdi,image/vnd.ms-modi\n.me,application/x-troff-me\n.meta4,application/metalink4+xml\n.mets,application/mets+xml\n.mfm,application/vnd.mfmp\n.mgp,application/vnd.osgeo.mapguide.package\n.mgz,application/vnd.proteus.magazine\n.mht,message/rfc822\n.mhtml,message/rfc822\n.mid,application/x-midi\n.mid,audio/midi\n.mid,audio/x-mid\n.midi,application/x-midi\n.midi,audio/midi\n.midi,audio/x-mid\n.midi,audio/x-midi\n.midi,music/crescendo\n.midi,x-music/x-midi\n.mid,music/crescendo\n.mid,x-music/x-midi\n.mif,application/vnd.mif\n.mif,application/x-frame\n.mif,application/x-mif\n.mime,message/rfc822\n.mime,www/mime\n.mj2,video/mj2\n.mjf,audio/x-vnd.audioexplosion.mjuicemediafile\n.mjpg,video/x-motion-jpeg\n.mjs,text/javascript\n.mkv,video/x-matroska\n.mkv,audio/x-matroska\n.mlp,application/vnd.dolby.mlp\n.mm,application/base64\n.mm,application/x-meme\n.mmd,application/vnd.chipnuts.karaoke-mmd\n.mme,application/base64\n.mmf,application/vnd.smaf\n.mmr,image/vnd.fujixerox.edmics-mmr\n.mny,application/x-msmoney\n.mod,audio/mod\n.mod,audio/x-mod\n.mods,application/mods+xml\n.moov,video/quicktime\n.movie,video/x-sgi-movie\n.mov,video/quicktime\n.mp2,audio/mpeg\n.mp2,audio/x-mpeg\n.mp2,video/mpeg\n.mp2,video/x-mpeg\n.mp2,video/x-mpeq2a\n.mp3,audio/mpeg\n.mp3,audio/mpeg3\n.mp4a,audio/mp4\n.mp4,video/mp4\n.mp4,application/mp4\n.mpa,audio/mpeg\n.mpc,application/vnd.mophun.certificate\n.mpc,application/x-project\n.mpeg,video/mpeg\n.mpe,video/mpeg\n.mpga,audio/mpeg\n.mpg,video/mpeg\n.mpg,audio/mpeg\n.mpkg,application/vnd.apple.installer+xml\n.mpm,application/vnd.blueice.multipass\n.mpn,application/vnd.mophun.application\n.mpp,application/vnd.ms-project\n.mpt,application/x-project\n.mpv,application/x-project\n.mpx,application/x-project\n.mpy,application/vnd.ibm.minipay\n.mqy,application/vnd.mobius.mqy\n.mrc,application/marc\n.mrcx,application/marcxml+xml\n.ms,application/x-troff-ms\n.mscml,application/mediaservercontrol+xml\n.mseq,application/vnd.mseq\n.msf,application/vnd.epson.msf\n.msg,application/vnd.ms-outlook\n.msh,model/mesh\n.msl,application/vnd.mobius.msl\n.msty,application/vnd.muvee.style\n.m,text/plain\n.m,text/x-m\n.mts,model/vnd.mts\n.mus,application/vnd.musician\n.musicxml,application/vnd.recordare.musicxml+xml\n.mvb,application/x-msmediaview\n.mv,video/x-sgi-movie\n.mwf,application/vnd.mfer\n.mxf,application/mxf\n.mxl,application/vnd.recordare.musicxml\n.mxml,application/xv+xml\n.mxs,application/vnd.triscape.mxs\n.mxu,video/vnd.mpegurl\n.my,audio/make\n.mzz,application/x-vnd.audioexplosion.mzz\n.n3,text/n3\nN/A,application/andrew-inset\n.nap,image/naplps\n.naplps,image/naplps\n.nbp,application/vnd.wolfram.player\n.nc,application/x-netcdf\n.ncm,application/vnd.nokia.configuration-message\n.ncx,application/x-dtbncx+xml\n.n-gage,application/vnd.nokia.n-gage.symbian.install\n.ngdat,application/vnd.nokia.n-gage.data\n.niff,image/x-niff\n.nif,image/x-niff\n.nix,application/x-mix-transfer\n.nlu,application/vnd.neurolanguage.nlu\n.nml,application/vnd.enliven\n.nnd,application/vnd.noblenet-directory\n.nns,application/vnd.noblenet-sealer\n.nnw,application/vnd.noblenet-web\n.npx,image/vnd.net-fpx\n.nsc,application/x-conference\n.nsf,application/vnd.lotus-notes\n.nvd,application/x-navidoc\n.oa2,application/vnd.fujitsu.oasys2\n.oa3,application/vnd.fujitsu.oasys3\n.o,application/octet-stream\n.oas,application/vnd.fujitsu.oasys\n.obd,application/x-msbinder\n.oda,application/oda\n.odb,application/vnd.oasis.opendocument.database\n.odc,application/vnd.oasis.opendocument.chart\n.odf,application/vnd.oasis.opendocument.formula\n.odft,application/vnd.oasis.opendocument.formula-template\n.odg,application/vnd.oasis.opendocument.graphics\n.odi,application/vnd.oasis.opendocument.image\n.odm,application/vnd.oasis.opendocument.text-master\n.odp,application/vnd.oasis.opendocument.presentation\n.ods,application/vnd.oasis.opendocument.spreadsheet\n.odt,application/vnd.oasis.opendocument.text\n.oga,audio/ogg\n.ogg,audio/ogg\n.ogv,video/ogg\n.ogx,application/ogg\n.omc,application/x-omc\n.omcd,application/x-omcdatamaker\n.omcr,application/x-omcregerator\n.onetoc,application/onenote\n.opf,application/oebps-package+xml\n.org,application/vnd.lotus-organizer\n.osf,application/vnd.yamaha.openscoreformat\n.osfpvg,application/vnd.yamaha.openscoreformat.osfpvg+xml\n.otc,application/vnd.oasis.opendocument.chart-template\n.otf,font/otf\n.otg,application/vnd.oasis.opendocument.graphics-template\n.oth,application/vnd.oasis.opendocument.text-web\n.oti,application/vnd.oasis.opendocument.image-template\n.otp,application/vnd.oasis.opendocument.presentation-template\n.ots,application/vnd.oasis.opendocument.spreadsheet-template\n.ott,application/vnd.oasis.opendocument.text-template\n.oxt,application/vnd.openofficeorg.extension\n.p10,application/pkcs10\n.p12,application/pkcs-12\n.p7a,application/x-pkcs7-signature\n.p7b,application/x-pkcs7-certificates\n.p7c,application/pkcs7-mime\n.p7m,application/pkcs7-mime\n.p7r,application/x-pkcs7-certreqresp\n.p7s,application/pkcs7-signature\n.p8,application/pkcs8\n.pages,application/vnd.apple.pages\n.part,application/pro_eng\n.par,text/plain-bas\n.pas,text/pascal\n.paw,application/vnd.pawaafile\n.pbd,application/vnd.powerbuilder6\n.pbm,image/x-portable-bitmap\n.pcf,application/x-font-pcf\n.pcl,application/vnd.hp-pcl\n.pcl,application/x-pcl\n.pclxl,application/vnd.hp-pclxl\n.pct,image/x-pict\n.pcurl,application/vnd.curl.pcurl\n.pcx,image/x-pcx\n.pdb,application/vnd.palm\n.pdb,chemical/x-pdb\n.pdf,application/pdf\n.pem,application/x-pem-file\n.pfa,application/x-font-type1\n.pfr,application/font-tdpfr\n.pfunk,audio/make\n.pfunk,audio/make.my.funk\n.pfx,application/x-pkcs12\n.pgm,image/x-portable-graymap\n.pgn,application/x-chess-pgn\n.pgp,application/pgp-signature\n.pic,image/pict\n.pict,image/pict\n.pkg,application/x-newton-compatible-pkg\n.pki,application/pkixcmp\n.pkipath,application/pkix-pkipath\n.pko,application/vnd.ms-pki.pko\n.plb,application/vnd.3gpp.pic-bw-large\n.plc,application/vnd.mobius.plc\n.plf,application/vnd.pocketlearn\n.pls,application/pls+xml\n.pl,text/plain\n.pl,text/x-script.perl\n.plx,application/x-pixclscript\n.pm4,application/x-pagemaker\n.pm5,application/x-pagemaker\n.pm,image/x-xpixmap\n.pml,application/vnd.ctc-posml\n.pm,text/x-script.perl-module\n.png,image/png\n.pnm,application/x-portable-anymap\n.pnm,image/x-portable-anymap\n.portpkg,application/vnd.macports.portpkg\n.pot,application/mspowerpoint\n.pot,application/vnd.ms-powerpoint\n.potm,application/vnd.ms-powerpoint.template.macroenabled.12\n.potx,application/vnd.openxmlformats-officedocument.presentationml.template\n.pov,model/x-pov\n.ppa,application/vnd.ms-powerpoint\n.ppam,application/vnd.ms-powerpoint.addin.macroenabled.12\n.ppd,application/vnd.cups-ppd\n.ppm,image/x-portable-pixmap\n.pps,application/mspowerpoint\n.pps,application/vnd.ms-powerpoint\n.ppsm,application/vnd.ms-powerpoint.slideshow.macroenabled.12\n.ppsx,application/vnd.openxmlformats-officedocument.presentationml.slideshow\n.ppt,application/mspowerpoint\n.ppt,application/powerpoint\n.ppt,application/vnd.ms-powerpoint\n.ppt,application/x-mspowerpoint\n.pptm,application/vnd.ms-powerpoint.presentation.macroenabled.12\n.pptx,application/vnd.openxmlformats-officedocument.presentationml.presentation\n.ppz,application/mspowerpoint\n.prc,application/x-mobipocket-ebook\n.pre,application/vnd.lotus-freelance\n.pre,application/x-freelance\n.prf,application/pics-rules\n.prt,application/pro_eng\n.ps,application/postscript\n.psb,application/vnd.3gpp.pic-bw-small\n.psd,application/octet-stream\n.psd,image/vnd.adobe.photoshop\n.psf,application/x-font-linux-psf\n.pskcxml,application/pskc+xml\n.p,text/x-pascal\n.ptid,application/vnd.pvi.ptid1\n.pub,application/x-mspublisher\n.pvb,application/vnd.3gpp.pic-bw-var\n.pvu,paleovu/x-pv\n.pwn,application/vnd.3m.post-it-notes\n.pwz,application/vnd.ms-powerpoint\n.pya,audio/vnd.ms-playready.media.pya\n.pyc,application/x-bytecode.python\n.py,text/x-script.python\n.pyv,video/vnd.ms-playready.media.pyv\n.qam,application/vnd.epson.quickanime\n.qbo,application/vnd.intu.qbo\n.qcp,audio/vnd.qcelp\n.qd3d,x-world/x-3dmf\n.qd3,x-world/x-3dmf\n.qfx,application/vnd.intu.qfx\n.qif,image/x-quicktime\n.qps,application/vnd.publishare-delta-tree\n.qtc,video/x-qtc\n.qtif,image/x-quicktime\n.qti,image/x-quicktime\n.qt,video/quicktime\n.qxd,application/vnd.quark.quarkxpress\n.ra,audio/x-pn-realaudio\n.ra,audio/x-pn-realaudio-plugin\n.ra,audio/x-realaudio\n.ram,audio/x-pn-realaudio\n.rar,application/x-rar-compressed\n.ras,application/x-cmu-raster\n.ras,image/cmu-raster\n.ras,image/x-cmu-raster\n.rast,image/cmu-raster\n.rcprofile,application/vnd.ipunplugged.rcprofile\n.rdf,application/rdf+xml\n.rdz,application/vnd.data-vision.rdz\n.rep,application/vnd.businessobjects\n.res,application/x-dtbresource+xml\n.rexx,text/x-script.rexx\n.rf,image/vnd.rn-realflash\n.rgb,image/x-rgb\n.rif,application/reginfo+xml\n.rip,audio/vnd.rip\n.rl,application/resource-lists+xml\n.rlc,image/vnd.fujixerox.edmics-rlc\n.rld,application/resource-lists-diff+xml\n.rm,application/vnd.rn-realmedia\n.rm,audio/x-pn-realaudio\n.rmi,audio/mid\n.rmm,audio/x-pn-realaudio\n.rmp,audio/x-pn-realaudio\n.rmp,audio/x-pn-realaudio-plugin\n.rms,application/vnd.jcp.javame.midlet-rms\n.rnc,application/relax-ng-compact-syntax\n.rng,application/ringing-tones\n.rng,application/vnd.nokia.ringing-tone\n.rnx,application/vnd.rn-realplayer\n.roff,application/x-troff\n.rp9,application/vnd.cloanto.rp9\n.rp,image/vnd.rn-realpix\n.rpm,audio/x-pn-realaudio-plugin\n.rpm,application/x-rpm\n.rpss,application/vnd.nokia.radio-presets\n.rpst,application/vnd.nokia.radio-preset\n.rq,application/sparql-query\n.rs,application/rls-services+xml\n.rsd,application/rsd+xml\n.rss,application/rss+xml\n.rtf,application/rtf\n.rtf,text/rtf\n.rt,text/richtext\n.rt,text/vnd.rn-realtext\n.rtx,application/rtf\n.rtx,text/richtext\n.rv,video/vnd.rn-realvideo\n.s3m,audio/s3m\n.saf,application/vnd.yamaha.smaf-audio\n.saveme,application/octet-stream\n.sbk,application/x-tbook\n.sbml,application/sbml+xml\n.sc,application/vnd.ibm.secure-container\n.scd,application/x-msschedule\n.scm,application/vnd.lotus-screencam\n.scm,application/x-lotusscreencam\n.scm,text/x-script.guile\n.scm,text/x-script.scheme\n.scm,video/x-scm\n.scq,application/scvp-cv-request\n.scs,application/scvp-cv-response\n.scurl,text/vnd.curl.scurl\n.sda,application/vnd.stardivision.draw\n.sdc,application/vnd.stardivision.calc\n.sdd,application/vnd.stardivision.impress\n.sdf,application/octet-stream\n.sdkm,application/vnd.solent.sdkm+xml\n.sdml,text/plain\n.sdp,application/sdp\n.sdp,application/x-sdp\n.sdr,application/sounder\n.sdw,application/vnd.stardivision.writer\n.sea,application/sea\n.sea,application/x-sea\n.see,application/vnd.seemail\n.seed,application/vnd.fdsn.seed\n.sema,application/vnd.sema\n.semd,application/vnd.semd\n.semf,application/vnd.semf\n.ser,application/java-serialized-object\n.set,application/set\n.setpay,application/set-payment-initiation\n.setreg,application/set-registration-initiation\n.sfd-hdstx,application/vnd.hydrostatix.sof-data\n.sfnt,font/sfnt\n.sfs,application/vnd.spotfire.sfs\n.sgl,application/vnd.stardivision.writer-global\n.sgml,text/sgml\n.sgml,text/x-sgml\n.sgm,text/sgml\n.sgm,text/x-sgml\n.sh,application/x-bsh\n.sh,application/x-sh\n.sh,application/x-shar\n.shar,application/x-bsh\n.shar,application/x-shar\n.shf,application/shf+xml\n.sh,text/x-script.sh\n.shtml,text/html\n.shtml,text/x-server-parsed-html\n.sid,audio/x-psid\n.sis,application/vnd.symbian.install\n.sit,application/x-sit\n.sit,application/x-stuffit\n.sitx,application/x-stuffitx\n.skd,application/x-koan\n.skm,application/x-koan\n.skp,application/vnd.koan\n.skp,application/x-koan\n.skt,application/x-koan\n.sl,application/x-seelogo\n.sldm,application/vnd.ms-powerpoint.slide.macroenabled.12\n.sldx,application/vnd.openxmlformats-officedocument.presentationml.slide\n.slt,application/vnd.epson.salt\n.sm,application/vnd.stepmania.stepchart\n.smf,application/vnd.stardivision.math\n.smi,application/smil\n.smi,application/smil+xml\n.smil,application/smil\n.snd,audio/basic\n.snd,audio/x-adpcm\n.snf,application/x-font-snf\n.sol,application/solids\n.spc,application/x-pkcs7-certificates\n.spc,text/x-speech\n.spf,application/vnd.yamaha.smaf-phrase\n.spl,application/futuresplash\n.spl,application/x-futuresplash\n.spot,text/vnd.in3d.spot\n.spp,application/scvp-vp-response\n.spq,application/scvp-vp-request\n.spr,application/x-sprite\n.sprite,application/x-sprite\n.src,application/x-wais-source\n.srt,text/srt\n.sru,application/sru+xml\n.srx,application/sparql-results+xml\n.sse,application/vnd.kodak-descriptor\n.ssf,application/vnd.epson.ssf\n.ssi,text/x-server-parsed-html\n.ssm,application/streamingmedia\n.ssml,application/ssml+xml\n.sst,application/vnd.ms-pki.certstore\n.st,application/vnd.sailingtracker.track\n.stc,application/vnd.sun.xml.calc.template\n.std,application/vnd.sun.xml.draw.template\n.step,application/step\n.s,text/x-asm\n.stf,application/vnd.wt.stf\n.sti,application/vnd.sun.xml.impress.template\n.stk,application/hyperstudio\n.stl,application/sla\n.stl,application/vnd.ms-pki.stl\n.stl,application/x-navistyle\n.stp,application/step\n.str,application/vnd.pg.format\n.stw,application/vnd.sun.xml.writer.template\n.sub,image/vnd.dvb.subtitle\n.sus,application/vnd.sus-calendar\n.sv4cpio,application/x-sv4cpio\n.sv4crc,application/x-sv4crc\n.svc,application/vnd.dvb.service\n.svd,application/vnd.svd\n.svf,image/vnd.dwg\n.svf,image/x-dwg\n.svg,image/svg+xml\n.svr,application/x-world\n.svr,x-world/x-svr\n.swf,application/x-shockwave-flash\n.swi,application/vnd.aristanetworks.swi\n.sxc,application/vnd.sun.xml.calc\n.sxd,application/vnd.sun.xml.draw\n.sxg,application/vnd.sun.xml.writer.global\n.sxi,application/vnd.sun.xml.impress\n.sxm,application/vnd.sun.xml.math\n.sxw,application/vnd.sun.xml.writer\n.talk,text/x-speech\n.tao,application/vnd.tao.intent-module-archive\n.t,application/x-troff\n.tar,application/x-tar\n.tbk,application/toolbook\n.tbk,application/x-tbook\n.tcap,application/vnd.3gpp2.tcap\n.tcl,application/x-tcl\n.tcl,text/x-script.tcl\n.tcsh,text/x-script.tcsh\n.teacher,application/vnd.smart.teacher\n.tei,application/tei+xml\n.tex,application/x-tex\n.texi,application/x-texinfo\n.texinfo,application/x-texinfo\n.text,text/plain\n.tfi,application/thraud+xml\n.tfm,application/x-tex-tfm\n.tgz,application/gnutar\n.tgz,application/x-compressed\n.thmx,application/vnd.ms-officetheme\n.tiff,image/tiff\n.tif,image/tiff\n.tmo,application/vnd.tmobile-livetv\n.torrent,application/x-bittorrent\n.tpl,application/vnd.groove-tool-template\n.tpt,application/vnd.trid.tpt\n.tra,application/vnd.trueapp\n.tr,application/x-troff\n.trm,application/x-msterminal\n.tsd,application/timestamped-data\n.tsi,audio/tsp-audio\n.tsp,application/dsptype\n.tsp,audio/tsplayer\n.tsv,text/tab-separated-values\n.t,text/troff\n.ttf,font/ttf\n.ttl,text/turtle\n.turbot,image/florian\n.twd,application/vnd.simtech-mindmapper\n.txd,application/vnd.genomatix.tuxedo\n.txf,application/vnd.mobius.txf\n.txt,text/plain\n.ufd,application/vnd.ufdl\n.uil,text/x-uil\n.umj,application/vnd.umajin\n.unis,text/uri-list\n.uni,text/uri-list\n.unityweb,application/vnd.unity\n.unv,application/i-deas\n.uoml,application/vnd.uoml+xml\n.uris,text/uri-list\n.uri,text/uri-list\n.ustar,application/x-ustar\n.ustar,multipart/x-ustar\n.utz,application/vnd.uiq.theme\n.uu,application/octet-stream\n.uue,text/x-uuencode\n.uu,text/x-uuencode\n.uva,audio/vnd.dece.audio\n.uvh,video/vnd.dece.hd\n.uvi,image/vnd.dece.graphic\n.uvm,video/vnd.dece.mobile\n.uvp,video/vnd.dece.pd\n.uvs,video/vnd.dece.sd\n.uvu,video/vnd.uvvu.mp4\n.uvv,video/vnd.dece.video\n.vcd,application/x-cdlink\n.vcf,text/x-vcard\n.vcg,application/vnd.groove-vcard\n.vcs,text/x-vcalendar\n.vcx,application/vnd.vcx\n.vda,application/vda\n.vdo,video/vdo\n.vew,application/groupwise\n.vis,application/vnd.visionary\n.vivo,video/vivo\n.vivo,video/vnd.vivo\n.viv,video/vivo\n.viv,video/vnd.vivo\n.vmd,application/vocaltec-media-desc\n.vmf,application/vocaltec-media-file\n.vob,video/dvd\n.voc,audio/voc\n.voc,audio/x-voc\n.vos,video/vosaic\n.vox,audio/voxware\n.vqe,audio/x-twinvq-plugin\n.vqf,audio/x-twinvq\n.vql,audio/x-twinvq-plugin\n.vrml,application/x-vrml\n.vrml,model/vrml\n.vrml,x-world/x-vrml\n.vrt,x-world/x-vrt\n.vsd,application/vnd.visio\n.vsd,application/x-visio\n.vsf,application/vnd.vsf\n.vst,application/x-visio\n.vsw,application/x-visio\n.vtt,text/vtt\n.vtu,model/vnd.vtu\n.vxml,application/voicexml+xml\n.w60,application/wordperfect6.0\n.w61,application/wordperfect6.1\n.w6w,application/msword\n.wad,application/x-doom\n.war,application/zip\n.wasm,application/wasm\n.wav,audio/wav\n.wax,audio/x-ms-wax\n.wb1,application/x-qpro\n.wbmp,image/vnd.wap.wbmp\n.wbs,application/vnd.criticaltools.wbs+xml\n.wbxml,application/vnd.wap.wbxml\n.weba,audio/webm\n.web,application/vnd.xara\n.webm,video/webm\n.webmanifest,application/manifest+json\n.webp,image/webp\n.wg,application/vnd.pmi.widget\n.wgt,application/widget\n.wiz,application/msword\n.wk1,application/x-123\n.wma,audio/x-ms-wma\n.wmd,application/x-ms-wmd\n.wmf,application/x-msmetafile\n.wmf,windows/metafile\n.wmlc,application/vnd.wap.wmlc\n.wmlsc,application/vnd.wap.wmlscriptc\n.wmls,text/vnd.wap.wmlscript\n.wml,text/vnd.wap.wml\n.wm,video/x-ms-wm\n.wmv,video/x-ms-wmv\n.wmx,video/x-ms-wmx\n.wmz,application/x-ms-wmz\n.woff,font/woff\n.woff2,font/woff2\n.word,application/msword\n.wp5,application/wordperfect\n.wp5,application/wordperfect6.0\n.wp6,application/wordperfect\n.wp,application/wordperfect\n.wpd,application/vnd.wordperfect\n.wpd,application/wordperfect\n.wpd,application/x-wpwin\n.wpl,application/vnd.ms-wpl\n.wps,application/vnd.ms-works\n.wq1,application/x-lotus\n.wqd,application/vnd.wqd\n.wri,application/mswrite\n.wri,application/x-mswrite\n.wri,application/x-wri\n.wrl,application/x-world\n.wrl,model/vrml\n.wrl,x-world/x-vrml\n.wrz,model/vrml\n.wrz,x-world/x-vrml\n.wsc,text/scriplet\n.wsdl,application/wsdl+xml\n.wspolicy,application/wspolicy+xml\n.wsrc,application/x-wais-source\n.wtb,application/vnd.webturbo\n.wtk,application/x-wintalk\n.wvx,video/x-ms-wvx\n.x3d,application/vnd.hzn-3d-crossword\n.xap,application/x-silverlight-app\n.xar,application/vnd.xara\n.xbap,application/x-ms-xbap\n.xbd,application/vnd.fujixerox.docuworks.binder\n.xbm,image/xbm\n.xbm,image/x-xbitmap\n.xbm,image/x-xbm\n.xdf,application/xcap-diff+xml\n.xdm,application/vnd.syncml.dm+xml\n.xdp,application/vnd.adobe.xdp+xml\n.xdr,video/x-amt-demorun\n.xdssc,application/dssc+xml\n.xdw,application/vnd.fujixerox.docuworks\n.xenc,application/xenc+xml\n.xer,application/patch-ops-error+xml\n.xfdf,application/vnd.adobe.xfdf\n.xfdl,application/vnd.xfdl\n.xgz,xgl/drawing\n.xhtml,application/xhtml+xml\n.xif,image/vnd.xiff\n.xla,application/excel\n.xla,application/x-excel\n.xla,application/x-msexcel\n.xlam,application/vnd.ms-excel.addin.macroenabled.12\n.xl,application/excel\n.xlb,application/excel\n.xlb,application/vnd.ms-excel\n.xlb,application/x-excel\n.xlc,application/excel\n.xlc,application/vnd.ms-excel\n.xlc,application/x-excel\n.xld,application/excel\n.xld,application/x-excel\n.xlk,application/excel\n.xlk,application/x-excel\n.xll,application/excel\n.xll,application/vnd.ms-excel\n.xll,application/x-excel\n.xlm,application/excel\n.xlm,application/vnd.ms-excel\n.xlm,application/x-excel\n.xls,application/excel\n.xls,application/vnd.ms-excel\n.xls,application/x-excel\n.xls,application/x-msexcel\n.xlsb,application/vnd.ms-excel.sheet.binary.macroenabled.12\n.xlsm,application/vnd.ms-excel.sheet.macroenabled.12\n.xlsx,application/vnd.openxmlformats-officedocument.spreadsheetml.sheet\n.xlt,application/excel\n.xlt,application/x-excel\n.xltm,application/vnd.ms-excel.template.macroenabled.12\n.xltx,application/vnd.openxmlformats-officedocument.spreadsheetml.template\n.xlv,application/excel\n.xlv,application/x-excel\n.xlw,application/excel\n.xlw,application/vnd.ms-excel\n.xlw,application/x-excel\n.xlw,application/x-msexcel\n.xm,audio/xm\n.xml,application/xml\n.xml,text/xml\n.xmz,xgl/movie\n.xo,application/vnd.olpc-sugar\n.xop,application/xop+xml\n.xpi,application/x-xpinstall\n.xpix,application/x-vnd.ls-xpix\n.xpm,image/xpm\n.xpm,image/x-xpixmap\n.x-png,image/png\n.xpr,application/vnd.is-xpr\n.xps,application/vnd.ms-xpsdocument\n.xpw,application/vnd.intercon.formnet\n.xslt,application/xslt+xml\n.xsm,application/vnd.syncml+xml\n.xspf,application/xspf+xml\n.xsr,video/x-amt-showrun\n.xul,application/vnd.mozilla.xul+xml\n.xwd,image/x-xwd\n.xwd,image/x-xwindowdump\n.xyz,chemical/x-pdb\n.xyz,chemical/x-xyz\n.xz,application/x-xz\n.yaml,text/yaml\n.yang,application/yang\n.yin,application/yin+xml\n.z,application/x-compress\n.z,application/x-compressed\n.zaz,application/vnd.zzazz.deck+xml\n.zip,application/zip\n.zip,application/x-compressed\n.zip,application/x-zip-compressed\n.zip,multipart/x-zip\n.zir,application/vnd.zul\n.zmm,application/vnd.handheld-entertainment+xml\n.zoo,application/octet-stream\n.zsh,text/x-script.zsh\n
smali_classes2\飘花落叶言楪兰苏世子哲\飘花落叶言子世苏兰楪哲.smali	46	http://localhost
smali_classes2\飘花落叶言苏世子哲楪兰\飘花落叶言子楪世兰苏哲$飘花落叶言子楪世苏哲兰.smali	751	PluginInfo(author=
smali_classes2\飘花落叶言苏世子哲楪兰\飘花落叶言子楪世兰苏哲$飘花落叶言子楪世苏哲兰.smali	823	, pluginId=
smali_classes2\飘花落叶言苏世子哲楪兰\飘花落叶言子楪世兰苏哲.smali	617	OnlinePluginInfo(cloudId=
smali_classes2\飘花落叶言苏世子哲楪兰\飘花落叶言子楪世兰苏哲.smali	662	, pluginId=
smali_classes2\飘花落叶言苏世子哲楪兰\飘花落叶言子楪世兰苏哲.smali	676	, pluginInfo=
smali_classes2\飘花落叶言苏世子哲楪兰\飘花落叶言子楪世哲苏兰.smali	614	, pluginName=
smali_classes2\飘花落叶言苏世子哲楪兰\飘花落叶言子楪世哲苏兰.smali	622	ExtraData(pluginId=
smali_classes2\飘花落叶言苏世子哲楪兰\飘花落叶言子楪世苏哲兰.smali	613	, pluginId=
smali_classes2\飘花落叶言苏世子楪哲兰\飘花落叶言子楪世兰哲苏.smali	1084	https://plugin.suzhelan.top/api/plugin/images/{cloudId}/{filename}
smali_classes2\飘花落叶言苏世子楪哲兰\飘花落叶言子楪世苏哲兰.smali	1015	https://q.qlogo.cn/g?b=qq&nk=
smali_classes2\飘花落叶言苏哲楪兰子世\飘花落叶言子楪世苏哲兰.smali	92	mqstory
smali_classes2\飘花落叶言苏楪世子兰哲\飘花落叶言子楪世哲兰苏.smali	221	See https://www.slf4j.org/codes.html#ignoredBindings for an explanation.
smali_classes2\飘花落叶言苏楪世子兰哲\飘花落叶言子楪世哲兰苏.smali	837	See also https://www.slf4j.org/codes.html#replay
smali_classes2\飘花落叶言苏楪世子兰哲\飘花落叶言子楪世哲兰苏.smali	906	See also https://www.slf4j.org/codes.html#substituteLogger
smali_classes2\飘花落叶言苏楪世子兰哲\飘花落叶言子楪世哲兰苏.smali	1056	See https://www.slf4j.org/codes.html#noProviders for further details.
smali_classes2\飘花落叶言苏楪世子兰哲\飘花落叶言子楪世哲兰苏.smali	1341	See https://www.slf4j.org/codes.html#version_mismatch for further details.
smali_classes2\飘花落叶言苏楪世子兰哲\飘花落叶言子楪世哲兰苏.smali	1541	org.slf4j.LoggerFactory in failed state. Original exception was thrown EARLIER. See also https://www.slf4j.org/codes.html#unsuccessfulInit
smali_classes2\飘花落叶言苏楪世子兰哲\飘花落叶言子楪世哲兰苏.smali	2142	See https://www.slf4j.org/codes.html#multiple_bindings for an explanation.