file	line	text
smali\androidx\activity\飘花落叶言子楪世苏兰哲.smali	328	.method public static bridge synthetic 飘花落叶言子楪哲兰世苏(Ljava/lang/String;)Ljava/lang/String;
smali\androidx\appcompat\app\飘花落叶言子世楪苏兰哲.smali	1863	.method public 飘花落叶言子世兰哲苏楪(Ljava/lang/String;)Ljava/lang/String;
smali\androidx\appcompat\app\飘花落叶言子世苏哲兰楪.smali	1021	.method public 飘花落叶言子楪哲世苏兰(Ljava/lang/String;)Ljava/lang/String;
smali\androidx\compose\foundation\draganddrop\飘花落叶言子楪世苏哲兰.smali	3415	.method public static 飘花落叶言子楪兰哲苏世(Ljava/lang/String;)Ljava/lang/String;
smali\bsh\BSHAutoCloseable.smali	1036	.method public bridge synthetic toString(Ljava/lang/String;)Ljava/lang/String;
smali\bsh\BSHEnumConstant.smali	802	.method public bridge synthetic toString(Ljava/lang/String;)Ljava/lang/String;
smali\bsh\BSHLabeledStatement.smali	661	.method public bridge synthetic toString(Ljava/lang/String;)Ljava/lang/String;
smali\bsh\BSHLiteral.smali	1002	.method public bridge synthetic toString(Ljava/lang/String;)Ljava/lang/String;
smali\bsh\BSHMultiCatch.smali	690	.method public bridge synthetic toString(Ljava/lang/String;)Ljava/lang/String;
smali\bsh\BSHPackageDeclaration.smali	406	.method public bridge synthetic toString(Ljava/lang/String;)Ljava/lang/String;
smali\bsh\BSHTryWithResources.smali	487	.method public bridge synthetic toString(Ljava/lang/String;)Ljava/lang/String;
smali\bsh\Interpreter.smali	1845	.method private preprocessScript(Ljava/lang/String;)Ljava/lang/String;
smali\bsh\Interpreter.smali	9163	.method public terminatedScript(Ljava/lang/String;)Ljava/lang/String;
smali\bsh\Name.smali	2230	.method public static prefix(Ljava/lang/String;)Ljava/lang/String;
smali\bsh\Name.smali	2374	.method public static suffix(Ljava/lang/String;)Ljava/lang/String;
smali\bsh\ParseException.smali	89	.method public static add_escapes(Ljava/lang/String;)Ljava/lang/String;
smali\bsh\SimpleNode.smali	1075	.method public toString(Ljava/lang/String;)Ljava/lang/String;
smali\bsh\TokenMgrException.smali	212	.method public static final addEscapes(Ljava/lang/String;)Ljava/lang/String;
smali\bsh\飘花落叶言子楪兰苏哲世.smali	1612	.method public static 飘花落叶言子楪世苏哲兰(Ljava/lang/String;)Ljava/lang/String;
smali\bsh\飘花落叶言子楪苏哲世兰.smali	937	.method public 飘花落叶言子楪苏哲世兰(Ljava/lang/String;)Ljava/lang/String;
smali\bsh\飘花落叶言子苏世哲楪兰.smali	3850	.method public static 飘花落叶言子楪苏世哲兰(Ljava/lang/String;)Ljava/lang/String;
smali\bsh\classpath\ClassManagerImpl.smali	1402	.method public final 飘花落叶言子楪苏哲世兰(Ljava/lang/String;)Ljava/lang/String;
smali\bsh\classpath\飘花落叶言子楪苏兰世哲.smali	493	.method public static 飘花落叶言子楪世苏兰哲(Ljava/lang/String;)Ljava/lang/String;
smali\com\alibaba\fastjson2\JSONObject.smali	7020	.method public getString(Ljava/lang/String;)Ljava/lang/String;
smali\com\alibaba\fastjson2\PropertyNamingStrategy.smali	899	.method public static snakeToCamel(Ljava/lang/String;)Ljava/lang/String;
smali\com\alibaba\fastjson2\PropertyNamingStrategy.smali	1150	.method public fieldName(Ljava/lang/String;)Ljava/lang/String;
smali\com\alibaba\fastjson2\飘花落叶言子哲楪世兰苏.smali	3402	.method public 飘花落叶言子哲苏楪兰世(Ljava/lang/String;)Ljava/lang/String;
smali\com\alibaba\fastjson2\飘花落叶言子哲楪兰世苏.smali	7913	.method public final 飘花落叶言子哲苏楪兰世(Ljava/lang/String;)Ljava/lang/String;
smali\com\alibaba\fastjson2\飘花落叶言子哲楪兰苏世.smali	8859	.method public final 飘花落叶言子哲苏楪兰世(Ljava/lang/String;)Ljava/lang/String;
smali\com\android\dx\command\dexer\Main$BestEffortMainDexListFilter.smali	174	.method private getSimpleName(Ljava/lang/String;)Ljava/lang/String;
smali\com\android\dx\command\dexer\Main.smali	657	.method public static synthetic access$900(Ljava/lang/String;)Ljava/lang/String;
smali\com\android\dx\command\dexer\Main.smali	2116	.method private static fixPath(Ljava/lang/String;)Ljava/lang/String;
smali\com\android\dx\rop\code\Insn.smali	542	.method public final toHumanWithInline(Ljava/lang/String;)Ljava/lang/String;
smali\com\android\dx\rop\code\Insn.smali	785	.method public final toStringWithInline(Ljava/lang/String;)Ljava/lang/String;
smali\com\android\dx\ssa\PhiInsn.smali	1004	.method public final toHumanWithInline(Ljava/lang/String;)Ljava/lang/String;
smali\com\esotericsoftware\kryo\util\IntArray.smali	2277	.method public toString(Ljava/lang/String;)Ljava/lang/String;
smali\com\esotericsoftware\kryo\util\ObjectIntMap.smali	1866	.method public toString(Ljava/lang/String;)Ljava/lang/String;
smali\com\esotericsoftware\kryo\util\ObjectMap.smali	2416	.method public toString(Ljava/lang/String;)Ljava/lang/String;
smali\com\google\gson\FieldNamingPolicy.smali	342	.method public static upperCaseFirstLetter(Ljava/lang/String;)Ljava/lang/String;
smali\com\google\protobuf\Any.smali	314	.method private static getTypeNameFromTypeUrl(Ljava/lang/String;)Ljava/lang/String;
smali\com\google\protobuf\ByteString.smali	2787	.method public final toString(Ljava/lang/String;)Ljava/lang/String;
smali\com\google\protobuf\飘花落叶言世楪哲兰子苏.smali	2388	.method public static 飘花落叶言子楪苏世哲兰(Ljava/lang/String;)Ljava/lang/String;
smali\com\google\protobuf\飘花落叶言子楪世兰苏哲.smali	88	.method private getSerializingExceptionMessage(Ljava/lang/String;)Ljava/lang/String;
smali\com\google\protobuf\飘花落叶言子楪世哲兰苏.smali	785	.method public final 飘花落叶言子楪世苏哲兰(Ljava/lang/String;)Ljava/lang/String;
smali\com\lxj\xpopup\util\飘花落叶言子楪世苏哲兰.smali	469	.method public static 飘花落叶言子楪世兰苏哲(Ljava/lang/String;)Ljava/lang/String;
smali\com\typesafe\config\impl\SimpleConfig.smali	2738	.method private static getUnits(Ljava/lang/String;)Ljava/lang/String;
smali\com\typesafe\config\impl\SimpleConfig.smali	6966	.method public getString(Ljava/lang/String;)Ljava/lang/String;
smali\com\typesafe\config\impl\飘花落叶言子楪苏哲兰世.smali	35	.method public static 飘花落叶言子楪世兰苏哲(Ljava/lang/String;)Ljava/lang/String;
smali\com\typesafe\config\impl\飘花落叶言子楪苏哲兰世.smali	249	.method public static 飘花落叶言子楪世哲兰苏(Ljava/lang/String;)Ljava/lang/String;
smali\飘花落叶言子兰苏世楪哲\飘花落叶言子楪世苏哲兰.smali	357	.method public final 飘花落叶言子世哲楪苏兰(Ljava/lang/String;)Ljava/lang/String;
smali\飘花落叶言子兰苏世楪哲\飘花落叶言子楪苏兰哲世.smali	822	.method public 飘花落叶言子世哲楪苏兰(Ljava/lang/String;)Ljava/lang/String;
smali\飘花落叶言子哲兰楪世苏\飘花落叶言子楪苏世哲兰.smali	9534	.method public final 飘花落叶言子楪世苏兰哲(Ljava/lang/String;)Ljava/lang/String;
smali\飘花落叶言楪子世兰哲苏\飘花落叶言子楪世哲苏兰.smali	170	.method public static 飘花落叶言子楪世兰哲苏(Ljava/lang/String;)Ljava/lang/String;
smali\飘花落叶言楪子世兰哲苏\飘花落叶言子楪世哲苏兰.smali	1239	.method public static 飘花落叶言子楪世苏哲兰(Ljava/lang/String;)Ljava/lang/String;
smali\飘花落叶言楪子哲兰苏世\飘花落叶言子楪世苏哲兰.smali	6599	.method public static 飘花落叶言子楪世苏兰哲(Ljava/lang/String;)Ljava/lang/String;
smali_classes2\androidx\compose\runtime\飘花落叶言子哲世苏楪兰.smali	1057	.method public 飘花落叶言子哲楪世兰苏(Ljava/lang/String;)Ljava/lang/String;
smali_classes2\com\bumptech\glide\飘花落叶言子楪世兰哲苏.smali	6761	.method public static 飘花落叶言子楪哲兰世苏(Ljava/lang/String;)Ljava/lang/String;
smali_classes2\com\bumptech\glide\飘花落叶言子楪世兰苏哲.smali	3371	.method public static 飘花落叶言子楪兰世苏哲(Ljava/lang/String;)Ljava/lang/String;
smali_classes2\io\ktor\client\plugins\飘花落叶言子楪哲兰苏世.smali	543	.method public static 飘花落叶言子世兰楪苏哲(Ljava/lang/String;)Ljava/lang/String;
smali_classes2\io\ktor\client\plugins\飘花落叶言子楪哲兰苏世.smali	3214	.method public static final 飘花落叶言子楪世兰哲苏(Ljava/lang/String;)Ljava/lang/String;
smali_classes2\io\ktor\client\plugins\cache\HttpCache$findResponse$lookup$1.smali	80	.method public final invoke(Ljava/lang/String;)Ljava/lang/String;
smali_classes2\io\ktor\client\plugins\cache\HttpCache$findResponse$requestHeaders$1.smali	80	.method public final invoke(Ljava/lang/String;)Ljava/lang/String;
smali_classes2\io\ktor\client\plugins\cache\HttpCacheLegacyKt$findResponse$lookup$1.smali	80	.method public final invoke(Ljava/lang/String;)Ljava/lang/String;
smali_classes2\io\ktor\client\plugins\cache\HttpCacheLegacyKt$findResponse$requestHeaders$1.smali	80	.method public final invoke(Ljava/lang/String;)Ljava/lang/String;
smali_classes2\io\ktor\http\cio\飘花落叶言子楪世苏兰哲.smali	394	.method public final 飘花落叶言子楪苏哲世兰(Ljava/lang/String;)Ljava/lang/String;
smali_classes2\io\ktor\server\cio\飘花落叶言子楪世兰哲苏.smali	139	.method public final 飘花落叶言子楪苏哲世兰(Ljava/lang/String;)Ljava/lang/String;
smali_classes2\io\ktor\server\engine\飘花落叶言子楪苏兰世哲.smali	396	.method public final 飘花落叶言子楪苏哲世兰(Ljava/lang/String;)Ljava/lang/String;
smali_classes2\io\ktor\util\飘花落叶言子楪哲世兰苏.smali	25	.method public abstract 飘花落叶言子楪苏哲世兰(Ljava/lang/String;)Ljava/lang/String;
smali_classes2\io\ktor\util\飘花落叶言子楪哲兰世苏.smali	505	.method public final 飘花落叶言子楪苏哲世兰(Ljava/lang/String;)Ljava/lang/String;
smali_classes2\io\ktor\util\飘花落叶言子楪苏世哲兰.smali	3049	.method public static final 飘花落叶言子楪哲苏世兰(Ljava/lang/String;)Ljava/lang/String;
smali_classes2\io\ktor\util\飘花落叶言子楪苏世哲兰.smali	3281	.method public static final 飘花落叶言子楪哲苏兰世(Ljava/lang/String;)Ljava/lang/String;
smali_classes2\kotlin\jvm\internal\飘花落叶言子楪苏世哲兰.smali	7	.method public static 飘花落叶言子楪世兰哲苏(Ljava/lang/String;)Ljava/lang/String;
smali_classes2\kotlin\jvm\internal\飘花落叶言子楪苏世哲兰.smali	2264	.method public static 飘花落叶言子楪世苏兰哲(Ljava/lang/String;)Ljava/lang/String;
smali_classes2\kotlin\reflect\jvm\internal\impl\load\java\飘花落叶言子楪兰世哲苏.smali	186	.method public static final 飘花落叶言子楪世苏哲兰(Ljava/lang/String;)Ljava/lang/String;
smali_classes2\kotlin\reflect\jvm\internal\impl\renderer\DescriptorRendererImpl$renderFlexibleType$3.smali	70	.method public final invoke(Ljava/lang/String;)Ljava/lang/String;
smali_classes2\kotlin\reflect\jvm\internal\impl\renderer\RenderingFormat$HTML.smali	40	.method public escape(Ljava/lang/String;)Ljava/lang/String;
smali_classes2\kotlin\reflect\jvm\internal\impl\renderer\RenderingFormat$PLAIN.smali	40	.method public escape(Ljava/lang/String;)Ljava/lang/String;
smali_classes2\kotlin\reflect\jvm\internal\impl\renderer\RenderingFormat.smali	202	.method public abstract escape(Ljava/lang/String;)Ljava/lang/String;
smali_classes2\kotlin\reflect\jvm\internal\impl\renderer\飘花落叶言子楪苏哲世兰.smali	5724	.method public final 飘花落叶言子世苏兰楪哲(Ljava/lang/String;)Ljava/lang/String;
smali_classes2\kotlin\reflect\jvm\internal\impl\renderer\飘花落叶言子楪苏哲世兰.smali	6225	.method public final 飘花落叶言子世苏楪哲兰(Ljava/lang/String;)Ljava/lang/String;
smali_classes2\kotlin\reflect\jvm\internal\impl\renderer\飘花落叶言子楪苏哲世兰.smali	7866	.method public final 飘花落叶言子楪哲苏世兰(Ljava/lang/String;)Ljava/lang/String;
smali_classes2\kotlin\text\飘花落叶言子楪哲兰世苏.smali	7	.method public static 飘花落叶言子苏哲世兰楪(Ljava/lang/String;)Ljava/lang/String;
smali_classes2\kotlin\text\飘花落叶言子楪哲兰世苏.smali	62	.method public static 飘花落叶言子苏哲兰世楪(Ljava/lang/String;)Ljava/lang/String;
smali_classes2\kotlin\text\飘花落叶言子楪哲兰世苏.smali	391	.method public static 飘花落叶言子苏哲兰楪世(Ljava/lang/String;)Ljava/lang/String;
smali_classes2\kotlinx\serialization\json\internal\飘花落叶言子楪世苏哲兰.smali	630	.method public final 飘花落叶言子世苏兰楪哲(Ljava/lang/String;)Ljava/lang/String;
smali_classes2\lin\xposed\hook\javaplugin\api\QQNTPluginMethod.smali	50	.method private resolvePath(Ljava/lang/String;)Ljava/lang/String;
smali_classes2\lin\xposed\hook\javaplugin\api\QQNTPluginMethod.smali	1100	.method public getGTK(Ljava/lang/String;)Ljava/lang/String;
smali_classes2\lin\xposed\hook\javaplugin\api\QQNTPluginMethod.smali	3199	.method public getPT4Token(Ljava/lang/String;)Ljava/lang/String;
smali_classes2\lin\xposed\hook\javaplugin\api\QQNTPluginMethod.smali	3214	.method public getPskey(Ljava/lang/String;)Ljava/lang/String;
smali_classes2\lin\xposed\hook\javaplugin\api\QQNTPluginMethod.smali	3831	.method public httpGet(Ljava/lang/String;)Ljava/lang/String;
smali_classes2\lin\xposed\hook\javaplugin\api\QQNTPluginMethod.smali	5426	.method public readFileText(Ljava/lang/String;)Ljava/lang/String;
smali_classes2\lin\xposed\hook\javaplugin\api\QQNTPluginMethod.smali	5855	.method public scanImageText(Ljava/lang/String;)Ljava/lang/String;
smali_classes2\lin\xposed\hook\javaplugin\online\upload\NetUploadPlugin.smali	702	.method public requestUploadState(Ljava/lang/String;)Ljava/lang/String;
smali_classes2\lin\xposed\hook\util\qq\CreateElement.smali	19	.method public static cachePicPath(Ljava/lang/String;)Ljava/lang/String;
smali_classes2\lin\xposed\hook\util\qq\CreateElement.smali	198	.method public static cachePttPath(Ljava/lang/String;)Ljava/lang/String;
smali_classes2\lin\xposed\hook\util\qq\CreateElement.smali	521	.method public static cacheVideoPath(Ljava/lang/String;)Ljava/lang/String;
smali_classes2\lin\xposed\hook\util\qq\Hook_cookie.smali	83	.method public static getG_TK(Ljava/lang/String;)Ljava/lang/String;
smali_classes2\lin\xposed\hook\util\qq\Hook_cookie.smali	554	.method public static getName(Ljava/lang/String;)Ljava/lang/String;
smali_classes2\lin\xposed\hook\util\qq\Hook_cookie.smali	668	.method public static getPskey(Ljava/lang/String;)Ljava/lang/String;
smali_classes2\lin\xposed\hook\util\qq\Hook_cookie.smali	934	.method public static getPt4Token(Ljava/lang/String;)Ljava/lang/String;
smali_classes2\lin\xposed\hook\util\qq\QQEnvTool.smali	904	.method public static getPSkey(Ljava/lang/String;)Ljava/lang/String;
smali_classes2\lin\xposed\hook\util\qq\QQEnvTool.smali	1348	.method public static getUidFromUin(Ljava/lang/String;)Ljava/lang/String;
smali_classes2\lin\xposed\hook\util\qq\QQEnvTool.smali	1399	.method public static getUinFromUid(Ljava/lang/String;)Ljava/lang/String;
smali_classes2\lin\xposed\hook\util\qq\QQNTTroopTool.smali	357	.method public static getGroupName(Ljava/lang/String;)Ljava/lang/String;
smali_classes2\net\bytebuddy\build\RenamingPlugin$Renaming$Compound.smali	177	.method public apply(Ljava/lang/String;)Ljava/lang/String;
smali_classes2\net\bytebuddy\build\RenamingPlugin$Renaming$ForPattern.smali	52	.method public apply(Ljava/lang/String;)Ljava/lang/String;
smali_classes2\net\bytebuddy\build\RenamingPlugin$Renaming$NoOp.smali	140	.method public apply(Ljava/lang/String;)Ljava/lang/String;
smali_classes2\net\bytebuddy\build\RenamingPlugin$Renaming.smali	26	.method public abstract apply(Ljava/lang/String;)Ljava/lang/String;
smali_classes2\net\bytebuddy\build\RenamingPlugin$RenamingRemapper.smali	68	.method public map(Ljava/lang/String;)Ljava/lang/String;
smali_classes2\net\bytebuddy\description\annotation\AnnotationValue$RenderingDispatcher$1.smali	101	.method public toSourceString(Ljava/lang/String;)Ljava/lang/String;
smali_classes2\net\bytebuddy\description\annotation\AnnotationValue$RenderingDispatcher$2.smali	284	.method public toSourceString(Ljava/lang/String;)Ljava/lang/String;
smali_classes2\net\bytebuddy\description\annotation\AnnotationValue$RenderingDispatcher$3.smali	291	.method public toSourceString(Ljava/lang/String;)Ljava/lang/String;
smali_classes2\net\bytebuddy\description\annotation\AnnotationValue$RenderingDispatcher$4.smali	291	.method public toSourceString(Ljava/lang/String;)Ljava/lang/String;
smali_classes2\net\bytebuddy\description\annotation\AnnotationValue$RenderingDispatcher$5.smali	291	.method public toSourceString(Ljava/lang/String;)Ljava/lang/String;
smali_classes2\net\bytebuddy\description\annotation\AnnotationValue$RenderingDispatcher.smali	603	.method public abstract toSourceString(Ljava/lang/String;)Ljava/lang/String;
smali_classes2\net\bytebuddy\dynamic\Nexus.smali	299	.method private static nonAnonymous(Ljava/lang/String;)Ljava/lang/String;
smali_classes2\net\bytebuddy\jar\asm\ClassReader.smali	13898	.method private static synthetic stringConcat$1(Ljava/lang/String;)Ljava/lang/String;
smali_classes2\net\bytebuddy\jar\asm\ClassTooLargeException.smali	45	.method private static synthetic stringConcat$0(Ljava/lang/String;)Ljava/lang/String;
smali_classes2\net\bytebuddy\jar\asm\Constants.smali	519	.method private static synthetic stringConcat$0(Ljava/lang/String;)Ljava/lang/String;
smali_classes2\net\bytebuddy\jar\asm\Constants.smali	538	.method private static synthetic stringConcat$1(Ljava/lang/String;)Ljava/lang/String;
smali_classes2\net\bytebuddy\jar\asm\Constants.smali	561	.method private static synthetic stringConcat$2(Ljava/lang/String;)Ljava/lang/String;
smali_classes2\net\bytebuddy\jar\asm\Frame.smali	2315	.method private static synthetic stringConcat$0(Ljava/lang/String;)Ljava/lang/String;
smali_classes2\net\bytebuddy\jar\asm\Frame.smali	2334	.method private static synthetic stringConcat$1(Ljava/lang/String;)Ljava/lang/String;
smali_classes2\net\bytebuddy\jar\asm\Frame.smali	2353	.method private static synthetic stringConcat$2(Ljava/lang/String;)Ljava/lang/String;
smali_classes2\net\bytebuddy\jar\asm\SymbolTable.smali	2854	.method private static synthetic stringConcat$0(Ljava/lang/String;)Ljava/lang/String;
smali_classes2\net\bytebuddy\jar\asm\Type.smali	2124	.method private static synthetic stringConcat$0(Ljava/lang/String;)Ljava/lang/String;
smali_classes2\net\bytebuddy\jar\asm\Type.smali	2143	.method private static synthetic stringConcat$1(Ljava/lang/String;)Ljava/lang/String;
smali_classes2\net\bytebuddy\jar\asm\commons\AnnotationRemapper.smali	70	.method private mapAnnotationAttributeName(Ljava/lang/String;)Ljava/lang/String;
smali_classes2\net\bytebuddy\jar\asm\commons\Remapper.smali	373	.method public map(Ljava/lang/String;)Ljava/lang/String;
smali_classes2\net\bytebuddy\jar\asm\commons\Remapper.smali	394	.method public mapDesc(Ljava/lang/String;)Ljava/lang/String;
smali_classes2\net\bytebuddy\jar\asm\commons\Remapper.smali	648	.method public mapMethodDesc(Ljava/lang/String;)Ljava/lang/String;
smali_classes2\net\bytebuddy\jar\asm\commons\Remapper.smali	815	.method public mapModuleName(Ljava/lang/String;)Ljava/lang/String;
smali_classes2\net\bytebuddy\jar\asm\commons\Remapper.smali	822	.method public mapPackageName(Ljava/lang/String;)Ljava/lang/String;
smali_classes2\net\bytebuddy\jar\asm\commons\Remapper.smali	907	.method public mapType(Ljava/lang/String;)Ljava/lang/String;
smali_classes2\net\bytebuddy\jar\asm\commons\SignatureRemapper.smali	110	.method private static synthetic stringConcat$1(Ljava/lang/String;)Ljava/lang/String;
smali_classes2\net\bytebuddy\jar\asm\commons\SimpleRemapper.smali	281	.method public map(Ljava/lang/String;)Ljava/lang/String;
smali_classes2\net\bytebuddy\utility\AsmClassWriter$SuperClassResolvingJdkClassWriter.smali	102	.method public getSuperClass(Ljava/lang/String;)Ljava/lang/String;
smali_classes2\org\apache\commons\io\FileSystem.smali	830	.method private static getSystemProperty(Ljava/lang/String;)Ljava/lang/String;
smali_classes2\org\apache\commons\io\FileSystem.smali	1581	.method public normalizeSeparators(Ljava/lang/String;)Ljava/lang/String;
smali_classes2\org\apache\commons\lang3\Range.smali	1440	.method public toString(Ljava/lang/String;)Ljava/lang/String;
smali_classes2\org\apache\commons\lang3\飘花落叶言子楪哲兰世苏.smali	2022	.method public static final 飘花落叶言子楪世苏哲兰(Ljava/lang/String;)Ljava/lang/String;
smali_classes2\org\apache\commons\lang3\exception\ContextedException.smali	245	.method public getFormattedExceptionMessage(Ljava/lang/String;)Ljava/lang/String;
smali_classes2\org\apache\commons\lang3\exception\ContextedRuntimeException.smali	245	.method public getFormattedExceptionMessage(Ljava/lang/String;)Ljava/lang/String;
smali_classes2\org\apache\commons\lang3\exception\DefaultExceptionContext.smali	559	.method public getFormattedExceptionMessage(Ljava/lang/String;)Ljava/lang/String;
smali_classes2\org\apache\commons\lang3\text\CompositeFormat.smali	104	.method public reformat(Ljava/lang/String;)Ljava/lang/String;
smali_classes2\org\apache\commons\lang3\tuple\Pair.smali	615	.method public toString(Ljava/lang/String;)Ljava/lang/String;
smali_classes2\org\apache\commons\lang3\tuple\Triple.smali	570	.method public toString(Ljava/lang/String;)Ljava/lang/String;
smali_classes2\org\luckypray\dexkit\util\飘花落叶言子楪世苏兰哲.smali	448	.method public static final 飘花落叶言子楪世兰苏哲(Ljava/lang/String;)Ljava/lang/String;
smali_classes2\org\luckypray\dexkit\util\飘花落叶言子楪世苏兰哲.smali	956	.method public static final 飘花落叶言子楪世哲苏兰(Ljava/lang/String;)Ljava/lang/String;
smali_classes2\top\linl\dexparser\util\DexTypeUtils.smali	54	.method public static conversionTypeName(Ljava/lang/String;)Ljava/lang/String;
smali_classes2\top\suzhelan\qstory\hook\item\飘花落叶言子世哲苏兰楪.smali	344	.method public static 飘花落叶言子楪苏哲兰世(Ljava/lang/String;)Ljava/lang/String;
smali_classes2\top\suzhelan\sticker\sdk\net\StickerUrlResolver.smali	69	.method public static final resolveAssetUrl(Ljava/lang/String;)Ljava/lang/String;
smali_classes2\飘花落叶言世兰哲苏子楪\飘花落叶言子楪苏世哲兰.smali	6737	.method public static 飘花落叶言子楪哲苏兰世(Ljava/lang/String;)Ljava/lang/String;
smali_classes2\飘花落叶言世兰哲苏子楪\飘花落叶言子楪苏世哲兰.smali	7344	.method public static 飘花落叶言子楪苏哲兰世(Ljava/lang/String;)Ljava/lang/String;
smali_classes2\飘花落叶言世兰楪哲子苏\飘花落叶言子楪哲兰苏世.smali	724	.method public final 飘花落叶言子楪世苏哲兰(Ljava/lang/String;)Ljava/lang/String;
smali_classes2\飘花落叶言世兰苏子楪哲\飘花落叶言子楪世哲兰苏.smali	35	.method public static final 飘花落叶言子楪世苏兰哲(Ljava/lang/String;)Ljava/lang/String;
smali_classes2\飘花落叶言世哲楪兰子苏\飘花落叶言子楪世苏兰哲.smali	1096	.method public static 飘花落叶言子楪世哲苏兰(Ljava/lang/String;)Ljava/lang/String;
smali_classes2\飘花落叶言世哲苏子兰楪\飘花落叶言子楪世哲苏兰.smali	60	.method public static 飘花落叶言子楪世兰哲苏(Ljava/lang/String;)Ljava/lang/String;
smali_classes2\飘花落叶言世哲苏楪兰子\飘花落叶言子楪世苏哲兰.smali	43	.method public static 飘花落叶言子楪世兰苏哲(Ljava/lang/String;)Ljava/lang/String;
smali_classes2\飘花落叶言世楪兰哲子苏\飘花落叶言子楪世苏兰哲.smali	1134	.method public static final 飘花落叶言子楪世苏兰哲(Ljava/lang/String;)Ljava/lang/String;
smali_classes2\飘花落叶言楪世子苏哲兰\飘花落叶言子楪世苏兰哲.smali	20496	.method public static 飘花落叶言子楪世苏兰哲(Ljava/lang/String;)Ljava/lang/String;
smali_classes2\飘花落叶言楪兰苏世子哲\飘花落叶言子世苏哲楪兰.smali	321	.method public final 飘花落叶言子楪苏哲世兰(Ljava/lang/String;)Ljava/lang/String;
smali_classes2\飘花落叶言楪兰苏世子哲\飘花落叶言子楪哲世兰苏.smali	183	.method public final 飘花落叶言子楪苏哲世兰(Ljava/lang/String;)Ljava/lang/String;
smali_classes2\飘花落叶言楪兰苏世子哲\飘花落叶言子楪哲世苏兰.smali	132	.method public final 飘花落叶言子楪苏哲世兰(Ljava/lang/String;)Ljava/lang/String;
smali_classes2\飘花落叶言苏世哲子兰楪\飘花落叶言子楪世苏哲兰.smali	605	.method public static final 飘花落叶言子楪世哲苏兰(Ljava/lang/String;)Ljava/lang/String;
smali_classes2\飘花落叶言苏世子哲兰楪\飘花落叶言子楪世苏哲兰.smali	31	.method public static 飘花落叶言子楪世苏哲兰(Ljava/lang/String;)Ljava/lang/String;
smali_classes2\飘花落叶言苏哲兰子世楪\飘花落叶言子楪世兰苏哲.smali	644	.method public static final 飘花落叶言子楪世哲苏兰(Ljava/lang/String;)Ljava/lang/String;
smali_classes2\飘花落叶言苏哲楪世兰子\飘花落叶言子楪世哲苏兰.smali	2573	.method public static 飘花落叶言子楪苏世哲兰(Ljava/lang/String;)Ljava/lang/String;
smali_classes2\飘花落叶言苏子世哲兰楪\飘花落叶言子楪世兰苏哲.smali	741	.method public static 飘花落叶言子楪世苏哲兰(Ljava/lang/String;)Ljava/lang/String;
smali_classes2\飘花落叶言苏子哲兰世楪\飘花落叶言子楪世苏哲兰.smali	22	.method public abstract getFormattedExceptionMessage(Ljava/lang/String;)Ljava/lang/String;
smali_classes2\飘花落叶言苏子楪世哲兰\飘花落叶言子楪世苏哲兰.smali	199	.method public final 飘花落叶言子楪世苏哲兰(Ljava/lang/String;)Ljava/lang/String;
smali_classes2\飘花落叶言苏楪兰世子哲\飘花落叶言子楪苏世哲兰.smali	501	.method public static final 飘花落叶言子世哲兰苏楪(Ljava/lang/String;)Ljava/lang/String;
smali_classes2\飘花落叶言苏楪兰世子哲\飘花落叶言子楪苏世哲兰.smali	3091	.method public static final 飘花落叶言子楪世哲兰苏(Ljava/lang/String;)Ljava/lang/String;