name	virtual_address	size	type	section
__cxa_atexit	0x0	0	STT_FUNC	SHN_UNDEF
__cxa_finalize	0x0	0	STT_FUNC	SHN_UNDEF
__errno	0x0	0	STT_FUNC	SHN_UNDEF
__memmove_chk	0x0	0	STT_FUNC	SHN_UNDEF
__sF	0x0	0	STT_OBJECT	SHN_UNDEF
__stack_chk_fail	0x0	0	STT_FUNC	SHN_UNDEF
__strlen_chk	0x0	0	STT_FUNC	SHN_UNDEF
__vsnprintf_chk	0x0	0	STT_FUNC	SHN_UNDEF
abort	0x0	0	STT_FUNC	SHN_UNDEF
android_set_abort_message	0x0	0	STT_FUNC	SHN_UNDEF
calloc	0x0	0	STT_FUNC	SHN_UNDEF
closelog	0x0	0	STT_FUNC	SHN_UNDEF
dl_iterate_phdr	0x0	0	STT_FUNC	SHN_UNDEF
fflush	0x0	0	STT_FUNC	SHN_UNDEF
fprintf	0x0	0	STT_FUNC	SHN_UNDEF
fputc	0x0	0	STT_FUNC	SHN_UNDEF
free	0x0	0	STT_FUNC	SHN_UNDEF
malloc	0x0	0	STT_FUNC	SHN_UNDEF
memchr	0x0	0	STT_FUNC	SHN_UNDEF
memcmp	0x0	0	STT_FUNC	SHN_UNDEF
memcpy	0x0	0	STT_FUNC	SHN_UNDEF
memmove	0x0	0	STT_FUNC	SHN_UNDEF
memset	0x0	0	STT_FUNC	SHN_UNDEF
nanosleep	0x0	0	STT_FUNC	SHN_UNDEF
openlog	0x0	0	STT_FUNC	SHN_UNDEF
posix_memalign	0x0	0	STT_FUNC	SHN_UNDEF
pthread_cond_broadcast	0x0	0	STT_FUNC	SHN_UNDEF
pthread_cond_destroy	0x0	0	STT_FUNC	SHN_UNDEF
pthread_cond_signal	0x0	0	STT_FUNC	SHN_UNDEF
pthread_cond_timedwait	0x0	0	STT_FUNC	SHN_UNDEF
pthread_cond_wait	0x0	0	STT_FUNC	SHN_UNDEF
pthread_create	0x0	0	STT_FUNC	SHN_UNDEF
pthread_detach	0x0	0	STT_FUNC	SHN_UNDEF
pthread_equal	0x0	0	STT_FUNC	SHN_UNDEF
pthread_getspecific	0x0	0	STT_FUNC	SHN_UNDEF
pthread_join	0x0	0	STT_FUNC	SHN_UNDEF
pthread_key_create	0x0	0	STT_FUNC	SHN_UNDEF
pthread_key_delete	0x0	0	STT_FUNC	SHN_UNDEF
pthread_mutex_destroy	0x0	0	STT_FUNC	SHN_UNDEF
pthread_mutex_init	0x0	0	STT_FUNC	SHN_UNDEF
pthread_mutex_lock	0x0	0	STT_FUNC	SHN_UNDEF
pthread_mutex_trylock	0x0	0	STT_FUNC	SHN_UNDEF
pthread_mutex_unlock	0x0	0	STT_FUNC	SHN_UNDEF
pthread_mutexattr_destroy	0x0	0	STT_FUNC	SHN_UNDEF
pthread_mutexattr_init	0x0	0	STT_FUNC	SHN_UNDEF
pthread_mutexattr_settype	0x0	0	STT_FUNC	SHN_UNDEF
pthread_once	0x0	0	STT_FUNC	SHN_UNDEF
pthread_self	0x0	0	STT_FUNC	SHN_UNDEF
pthread_setspecific	0x0	0	STT_FUNC	SHN_UNDEF
realloc	0x0	0	STT_FUNC	SHN_UNDEF
sched_yield	0x0	0	STT_FUNC	SHN_UNDEF
snprintf	0x0	0	STT_FUNC	SHN_UNDEF
strcmp	0x0	0	STT_FUNC	SHN_UNDEF
strerror_r	0x0	0	STT_FUNC	SHN_UNDEF
strlen	0x0	0	STT_FUNC	SHN_UNDEF
strtod	0x0	0	STT_FUNC	SHN_UNDEF
strtof	0x0	0	STT_FUNC	SHN_UNDEF
strtol	0x0	0	STT_FUNC	SHN_UNDEF
strtold	0x0	0	STT_FUNC	SHN_UNDEF
strtoll	0x0	0	STT_FUNC	SHN_UNDEF
strtoul	0x0	0	STT_FUNC	SHN_UNDEF
strtoull	0x0	0	STT_FUNC	SHN_UNDEF
swprintf	0x0	0	STT_FUNC	SHN_UNDEF
syscall	0x0	0	STT_FUNC	SHN_UNDEF
sysconf	0x0	0	STT_FUNC	SHN_UNDEF
syslog	0x0	0	STT_FUNC	SHN_UNDEF
vasprintf	0x0	0	STT_FUNC	SHN_UNDEF
vfprintf	0x0	0	STT_FUNC	SHN_UNDEF
vsnprintf	0x0	0	STT_FUNC	SHN_UNDEF
wcslen	0x0	0	STT_FUNC	SHN_UNDEF
wcstod	0x0	0	STT_FUNC	SHN_UNDEF
wcstof	0x0	0	STT_FUNC	SHN_UNDEF
wcstol	0x0	0	STT_FUNC	SHN_UNDEF
wcstold	0x0	0	STT_FUNC	SHN_UNDEF
wcstoll	0x0	0	STT_FUNC	SHN_UNDEF
wcstoul	0x0	0	STT_FUNC	SHN_UNDEF
wcstoull	0x0	0	STT_FUNC	SHN_UNDEF
wmemchr	0x0	0	STT_FUNC	SHN_UNDEF
wmemcmp	0x0	0	STT_FUNC	SHN_UNDEF
wmemcpy	0x0	0	STT_FUNC	SHN_UNDEF
wmemmove	0x0	0	STT_FUNC	SHN_UNDEF
wmemset	0x0	0	STT_FUNC	SHN_UNDEF
_ZNSt6__ndk110defer_lockE	0x1AD58	1	STT_OBJECT	11
_ZNSt6__ndk111try_to_lockE	0x1AD59	1	STT_OBJECT	11
_ZNSt6__ndk110adopt_lockE	0x1AD5A	1	STT_OBJECT	11
_ZSt7nothrow	0x1AD5B	1	STT_OBJECT	11
_ZNSt6__ndk112basic_stringIcNS_11char_traitsIcEENS_9allocatorIcEEE4nposE	0x1AD60	8	STT_OBJECT	11
_ZNSt6__ndk112basic_stringIwNS_11char_traitsIwEENS_9allocatorIwEEE4nposE	0x1AD68	8	STT_OBJECT	11
_ZTSNSt6__ndk112system_errorE	0x1AF20	26	STT_OBJECT	11
_ZTSNSt6__ndk114error_categoryE	0x1AF3A	28	STT_OBJECT	11
_ZNSt6__ndk113allocator_argE	0x1AFBB	1	STT_OBJECT	11
_ZTSNSt6__ndk112bad_weak_ptrE	0x1AFBC	26	STT_OBJECT	11
_ZTSNSt6__ndk114__shared_countE	0x1AFD6	28	STT_OBJECT	11
_ZTSNSt6__ndk119__shared_weak_countE	0x1AFF2	33	STT_OBJECT	11
_ZTSNSt6__ndk112future_errorE	0x1B018	26	STT_OBJECT	11
_ZTSNSt6__ndk117__assoc_sub_stateE	0x1B032	31	STT_OBJECT	11
_ZTSSt16nested_exception	0x1B076	21	STT_OBJECT	11
_ZTSN10__cxxabiv116__shim_type_infoE	0x1C808	33	STT_OBJECT	11
_ZTSN10__cxxabiv117__class_type_infoE	0x1C829	34	STT_OBJECT	11
_ZTSN10__cxxabiv117__pbase_type_infoE	0x1C84B	34	STT_OBJECT	11
_ZTSN10__cxxabiv119__pointer_type_infoE	0x1C86D	36	STT_OBJECT	11
_ZTSN10__cxxabiv120__function_type_infoE	0x1C891	37	STT_OBJECT	11
_ZTSN10__cxxabiv129__pointer_to_member_type_infoE	0x1C8B6	46	STT_OBJECT	11
_ZTSN10__cxxabiv123__fundamental_type_infoE	0x1C900	40	STT_OBJECT	11
_ZTSv	0x1C928	2	STT_OBJECT	11
_ZTSPv	0x1C92A	3	STT_OBJECT	11
_ZTSPKv	0x1C92D	4	STT_OBJECT	11
_ZTSDn	0x1C931	3	STT_OBJECT	11
_ZTSPDn	0x1C934	4	STT_OBJECT	11
_ZTSPKDn	0x1C938	5	STT_OBJECT	11
_ZTSb	0x1C93D	2	STT_OBJECT	11
_ZTSPb	0x1C93F	3	STT_OBJECT	11
_ZTSPKb	0x1C942	4	STT_OBJECT	11
_ZTSw	0x1C946	2	STT_OBJECT	11
_ZTSPw	0x1C948	3	STT_OBJECT	11
_ZTSPKw	0x1C94B	4	STT_OBJECT	11
_ZTSc	0x1C94F	2	STT_OBJECT	11
_ZTSPc	0x1C951	3	STT_OBJECT	11
_ZTSPKc	0x1C954	4	STT_OBJECT	11
_ZTSh	0x1C958	2	STT_OBJECT	11
_ZTSPh	0x1C95A	3	STT_OBJECT	11
_ZTSPKh	0x1C95D	4	STT_OBJECT	11
_ZTSa	0x1C961	2	STT_OBJECT	11
_ZTSPa	0x1C963	3	STT_OBJECT	11
_ZTSPKa	0x1C966	4	STT_OBJECT	11
_ZTSs	0x1C96A	2	STT_OBJECT	11
_ZTSPs	0x1C96C	3	STT_OBJECT	11
_ZTSPKs	0x1C96F	4	STT_OBJECT	11
_ZTSt	0x1C973	2	STT_OBJECT	11
_ZTSPt	0x1C975	3	STT_OBJECT	11
_ZTSPKt	0x1C978	4	STT_OBJECT	11
_ZTSi	0x1C97C	2	STT_OBJECT	11
_ZTSPi	0x1C97E	3	STT_OBJECT	11
_ZTSPKi	0x1C981	4	STT_OBJECT	11
_ZTSj	0x1C985	2	STT_OBJECT	11
_ZTSPj	0x1C987	3	STT_OBJECT	11
_ZTSPKj	0x1C98A	4	STT_OBJECT	11
_ZTSl	0x1C98E	2	STT_OBJECT	11
_ZTSPl	0x1C990	3	STT_OBJECT	11
_ZTSPKl	0x1C993	4	STT_OBJECT	11
_ZTSm	0x1C997	2	STT_OBJECT	11
_ZTSPm	0x1C999	3	STT_OBJECT	11
_ZTSPKm	0x1C99C	4	STT_OBJECT	11
_ZTSx	0x1C9A0	2	STT_OBJECT	11
_ZTSPx	0x1C9A2	3	STT_OBJECT	11
_ZTSPKx	0x1C9A5	4	STT_OBJECT	11
_ZTSy	0x1C9A9	2	STT_OBJECT	11
_ZTSPy	0x1C9AB	3	STT_OBJECT	11
_ZTSPKy	0x1C9AE	4	STT_OBJECT	11
_ZTSn	0x1C9B2	2	STT_OBJECT	11
_ZTSPn	0x1C9B4	3	STT_OBJECT	11
_ZTSPKn	0x1C9B7	4	STT_OBJECT	11
_ZTSo	0x1C9BB	2	STT_OBJECT	11
_ZTSPo	0x1C9BD	3	STT_OBJECT	11
_ZTSPKo	0x1C9C0	4	STT_OBJECT	11
_ZTSDh	0x1C9C4	3	STT_OBJECT	11
_ZTSPDh	0x1C9C7	4	STT_OBJECT	11
_ZTSPKDh	0x1C9CB	5	STT_OBJECT	11
_ZTSf	0x1C9D0	2	STT_OBJECT	11
_ZTSPf	0x1C9D2	3	STT_OBJECT	11
_ZTSPKf	0x1C9D5	4	STT_OBJECT	11
_ZTSd	0x1C9D9	2	STT_OBJECT	11
_ZTSPd	0x1C9DB	3	STT_OBJECT	11
_ZTSPKd	0x1C9DE	4	STT_OBJECT	11
_ZTSe	0x1C9E2	2	STT_OBJECT	11
_ZTSPe	0x1C9E4	3	STT_OBJECT	11
_ZTSPKe	0x1C9E7	4	STT_OBJECT	11
_ZTSg	0x1C9EB	2	STT_OBJECT	11
_ZTSPg	0x1C9ED	3	STT_OBJECT	11
_ZTSPKg	0x1C9F0	4	STT_OBJECT	11
_ZTSDu	0x1C9F4	3	STT_OBJECT	11
_ZTSPDu	0x1C9F7	4	STT_OBJECT	11
_ZTSPKDu	0x1C9FB	5	STT_OBJECT	11
_ZTSDs	0x1CA00	3	STT_OBJECT	11
_ZTSPDs	0x1CA03	4	STT_OBJECT	11
_ZTSPKDs	0x1CA07	5	STT_OBJECT	11
_ZTSDi	0x1CA0C	3	STT_OBJECT	11
_ZTSPDi	0x1CA0F	4	STT_OBJECT	11
_ZTSPKDi	0x1CA13	5	STT_OBJECT	11
_ZTSN10__cxxabiv117__array_type_infoE	0x1CA18	34	STT_OBJECT	11
_ZTSN10__cxxabiv116__enum_type_infoE	0x1CA3A	33	STT_OBJECT	11
_ZTSN10__cxxabiv120__si_class_type_infoE	0x1CA5B	37	STT_OBJECT	11
_ZTSN10__cxxabiv121__vmi_class_type_infoE	0x1CA80	38	STT_OBJECT	11
_ZTSSt9exception	0x1CAA6	13	STT_OBJECT	11
_ZTSSt13bad_exception	0x1CAB3	18	STT_OBJECT	11
_ZTSSt9bad_alloc	0x1CAC5	13	STT_OBJECT	11
_ZTSSt20bad_array_new_length	0x1CAD2	25	STT_OBJECT	11
_ZTSSt12domain_error	0x1CAEB	17	STT_OBJECT	11
_ZTSSt11logic_error	0x1CAFC	16	STT_OBJECT	11
_ZTSSt16invalid_argument	0x1CB0C	21	STT_OBJECT	11
_ZTSSt12length_error	0x1CB21	17	STT_OBJECT	11
_ZTSSt12out_of_range	0x1CB32	17	STT_OBJECT	11
_ZTSSt11range_error	0x1CB43	16	STT_OBJECT	11
_ZTSSt13runtime_error	0x1CB53	18	STT_OBJECT	11
_ZTSSt14overflow_error	0x1CB65	19	STT_OBJECT	11
_ZTSSt15underflow_error	0x1CB78	20	STT_OBJECT	11
_ZTSSt9type_info	0x1CB8C	13	STT_OBJECT	11
_ZTSSt8bad_cast	0x1CB99	12	STT_OBJECT	11
_ZTSSt10bad_typeid	0x1CBA5	15	STT_OBJECT	11
JNI_OnLoad	0x2C384	108	STT_FUNC	15
_ZNSt6__ndk112__next_primeEm	0x149360	1860	STT_FUNC	15
_ZNSt6__ndk15mutex4lockEv	0x149B24	36	STT_FUNC	15
_ZNSt6__ndk15mutex8try_lockEv	0x149B48	32	STT_FUNC	15
_ZNSt6__ndk15mutex6unlockEv	0x149B74	24	STT_FUNC	15
_ZNSt6__ndk115recursive_mutexC1Ev	0x149B8C	196	STT_FUNC	15
_ZNSt6__ndk115recursive_mutexC2Ev	0x149B8C	196	STT_FUNC	15
_ZNSt6__ndk115recursive_mutexD1Ev	0x149C50	24	STT_FUNC	15
_ZNSt6__ndk115recursive_mutexD2Ev	0x149C50	24	STT_FUNC	15
_ZNSt6__ndk115recursive_mutex4lockEv	0x149C68	36	STT_FUNC	15
_ZNSt6__ndk115recursive_mutex6unlockEv	0x149C8C	24	STT_FUNC	15
_ZNSt6__ndk115recursive_mutex8try_lockEv	0x149CA4	32	STT_FUNC	15
_ZNSt6__ndk111timed_mutexC1Ev	0x149CC4	24	STT_FUNC	15
_ZNSt6__ndk111timed_mutexC2Ev	0x149CC4	24	STT_FUNC	15
_ZNSt6__ndk111timed_mutexD1Ev	0x149CDC	100	STT_FUNC	15
_ZNSt6__ndk111timed_mutexD2Ev	0x149CDC	100	STT_FUNC	15
_ZNSt6__ndk111timed_mutex4lockEv	0x149D40	180	STT_FUNC	15
_ZNSt6__ndk111timed_mutex8try_lockEv	0x149DF4	88	STT_FUNC	15
_ZNSt6__ndk111timed_mutex6unlockEv	0x149E4C	76	STT_FUNC	15
_ZNSt6__ndk121recursive_timed_mutexC1Ev	0x149E98	24	STT_FUNC	15
_ZNSt6__ndk121recursive_timed_mutexC2Ev	0x149E98	24	STT_FUNC	15
_ZNSt6__ndk121recursive_timed_mutexD1Ev	0x149EB0	100	STT_FUNC	15
_ZNSt6__ndk121recursive_timed_mutexD2Ev	0x149EB0	100	STT_FUNC	15
_ZNSt6__ndk121recursive_timed_mutex4lockEv	0x149F14	296	STT_FUNC	15
_ZNSt6__ndk121recursive_timed_mutex8try_lockEv	0x14A03C	156	STT_FUNC	15
_ZNSt6__ndk121recursive_timed_mutex6unlockEv	0x14A0D8	112	STT_FUNC	15
_ZNSt6__ndk111__call_onceERVmPvPFvS2_E	0x14A148	292	STT_FUNC	15
_ZNSt6__ndk118condition_variable10notify_oneEv	0x14A26C	24	STT_FUNC	15
_ZNSt6__ndk118condition_variable10notify_allEv	0x14A284	24	STT_FUNC	15
_ZNSt6__ndk118condition_variable4waitERNS_11unique_lockINS_5mutexEEE	0x14A29C	72	STT_FUNC	15
_ZNSt6__ndk118condition_variable15__do_timed_waitERNS_11unique_lockINS_5mutexEEENS_6chrono10time_pointINS5_12system_clockENS5_8durationIxNS_5ratioILl1ELl1000000000EEEEEEE	0x14A2E4	196	STT_FUNC	15
_ZNSt6__ndk125notify_all_at_thread_exitERNS_18condition_variableENS_11unique_lockINS_5mutexEEE	0x14A3A8	136	STT_FUNC	15
_ZNSt6__ndk118condition_variableD1Ev	0x14A430	24	STT_FUNC	15
_ZNSt6__ndk118condition_variableD2Ev	0x14A430	24	STT_FUNC	15
_ZNSt6__ndk15mutexD1Ev	0x14A448	24	STT_FUNC	15
_ZNSt6__ndk15mutexD2Ev	0x14A448	24	STT_FUNC	15
_ZSt17__throw_bad_allocv	0x14A460	52	STT_FUNC	15
_Znwm	0x14A494	100	STT_FUNC	15
_ZnwmRKSt9nothrow_t	0x14A4F8	44	STT_FUNC	15
_Znam	0x14A524	4	STT_FUNC	15
_ZnamRKSt9nothrow_t	0x14A528	44	STT_FUNC	15
_ZdlPv	0x14A554	4	STT_FUNC	15
_ZdlPvRKSt9nothrow_t	0x14A558	4	STT_FUNC	15
_ZdlPvm	0x14A55C	4	STT_FUNC	15
_ZdaPv	0x14A560	4	STT_FUNC	15
_ZdaPvRKSt9nothrow_t	0x14A564	4	STT_FUNC	15
_ZdaPvm	0x14A568	4	STT_FUNC	15
_ZnwmSt11align_val_t	0x14A56C	172	STT_FUNC	15
_ZnwmSt11align_val_tRKSt9nothrow_t	0x14A618	44	STT_FUNC	15
_ZnamSt11align_val_t	0x14A644	4	STT_FUNC	15
_ZnamSt11align_val_tRKSt9nothrow_t	0x14A648	44	STT_FUNC	15
_ZdlPvSt11align_val_t	0x14A674	4	STT_FUNC	15
_ZdlPvSt11align_val_tRKSt9nothrow_t	0x14A678	4	STT_FUNC	15
_ZdlPvmSt11align_val_t	0x14A67C	8	STT_FUNC	15
_ZdaPvSt11align_val_t	0x14A684	4	STT_FUNC	15
_ZdaPvSt11align_val_tRKSt9nothrow_t	0x14A688	4	STT_FUNC	15
_ZdaPvmSt11align_val_t	0x14A68C	8	STT_FUNC	15
_ZNSt11logic_errorC1ERKNSt6__ndk112basic_stringIcNS0_11char_traitsIcEENS0_9allocatorIcEEEE	0x14A694	144	STT_FUNC	15
_ZNSt11logic_errorC2ERKNSt6__ndk112basic_stringIcNS0_11char_traitsIcEENS0_9allocatorIcEEEE	0x14A694	144	STT_FUNC	15
_ZNSt11logic_errorC1EPKc	0x14A724	132	STT_FUNC	15
_ZNSt11logic_errorC2EPKc	0x14A724	132	STT_FUNC	15
_ZNSt11logic_errorC1ERKS_	0x14A7A8	48	STT_FUNC	15
_ZNSt11logic_errorC2ERKS_	0x14A7A8	48	STT_FUNC	15
_ZNSt11logic_erroraSERKS_	0x14A7D8	96	STT_FUNC	15
_ZNSt13runtime_errorC1ERKNSt6__ndk112basic_stringIcNS0_11char_traitsIcEENS0_9allocatorIcEEEE	0x14A838	144	STT_FUNC	15
_ZNSt13runtime_errorC2ERKNSt6__ndk112basic_stringIcNS0_11char_traitsIcEENS0_9allocatorIcEEEE	0x14A838	144	STT_FUNC	15
_ZNSt13runtime_errorC1EPKc	0x14A8C8	132	STT_FUNC	15
_ZNSt13runtime_errorC2EPKc	0x14A8C8	132	STT_FUNC	15
_ZNSt13runtime_errorC1ERKS_	0x14A94C	48	STT_FUNC	15
_ZNSt13runtime_errorC2ERKS_	0x14A94C	48	STT_FUNC	15
_ZNSt13runtime_erroraSERKS_	0x14A97C	96	STT_FUNC	15
_ZNKSt6__ndk121__basic_string_commonILb1EE20__throw_length_errorEv	0x14A9DC	20	STT_FUNC	15
_ZNKSt6__ndk121__basic_string_commonILb1EE20__throw_out_of_rangeEv	0x14AA40	20	STT_FUNC	15
_ZNSt6__ndk112basic_stringIcNS_11char_traitsIcEENS_9allocatorIcEEE7replaceEmmPKcm	0x14AAA4	476	STT_FUNC	15
_ZNSt6__ndk112basic_stringIcNS_11char_traitsIcEENS_9allocatorIcEEE21__grow_by_and_replaceEmmmmmmPKc	0x14AC80	308	STT_FUNC	15
_ZNKSt6__ndk112basic_stringIcNS_11char_traitsIcEENS_9allocatorIcEEE5rfindEPKcmm	0x14ADB4	192	STT_FUNC	15
_ZNSt6__ndk112basic_stringIcNS_11char_traitsIcEENS_9allocatorIcEEE6__initEPKcmm	0x14AE74	140	STT_FUNC	15
_ZNSt6__ndk112basic_stringIcNS_11char_traitsIcEENS_9allocatorIcEEEC1ERKS5_	0x14AF00	152	STT_FUNC	15
_ZNSt6__ndk112basic_stringIcNS_11char_traitsIcEENS_9allocatorIcEEEC2ERKS5_	0x14AF00	152	STT_FUNC	15
_ZNSt6__ndk112basic_stringIcNS_11char_traitsIcEENS_9allocatorIcEEE7replaceEmmPKc	0x14AF98	76	STT_FUNC	15
_ZNSt6__ndk112basic_stringIcNS_11char_traitsIcEENS_9allocatorIcEEEC1ERKS5_RKS4_	0x14AFE4	152	STT_FUNC	15
_ZNSt6__ndk112basic_stringIcNS_11char_traitsIcEENS_9allocatorIcEEEC2ERKS5_RKS4_	0x14AFE4	152	STT_FUNC	15
_ZNKSt6__ndk112basic_stringIcNS_11char_traitsIcEENS_9allocatorIcEEE16find_last_not_ofEPKcmm	0x14B07C	140	STT_FUNC	15
_ZNSt6__ndk112basic_stringIcNS_11char_traitsIcEENS_9allocatorIcEEED1Ev	0x14B108	20	STT_FUNC	15
_ZNSt6__ndk112basic_stringIcNS_11char_traitsIcEENS_9allocatorIcEEED2Ev	0x14B108	20	STT_FUNC	15
_ZNKSt6__ndk112basic_stringIcNS_11char_traitsIcEENS_9allocatorIcEEE17find_first_not_ofEPKcmm	0x14B11C	148	STT_FUNC	15
_ZNSt6__ndk112basic_stringIcNS_11char_traitsIcEENS_9allocatorIcEEE6insertEmmc	0x14B1B0	272	STT_FUNC	15
_ZNSt6__ndk112basic_stringIcNS_11char_traitsIcEENS_9allocatorIcEEE9__grow_byEmmmmmm	0x14B2C0	276	STT_FUNC	15
_ZNSt6__ndk112basic_stringIcNS_11char_traitsIcEENS_9allocatorIcEEEaSEc	0x14B3D4	48	STT_FUNC	15
_ZNSt6__ndk112basic_stringIcNS_11char_traitsIcEENS_9allocatorIcEEE6__initEPKcm	0x14B404	136	STT_FUNC	15
_ZNKSt6__ndk112basic_stringIcNS_11char_traitsIcEENS_9allocatorIcEEE2atEm	0x14B48C	64	STT_FUNC	15
_ZNSt6__ndk112basic_stringIcNS_11char_traitsIcEENS_9allocatorIcEEE6insertEmPKcm	0x14B4CC	288	STT_FUNC	15
_ZNKSt6__ndk112basic_stringIcNS_11char_traitsIcEENS_9allocatorIcEEE13find_first_ofEPKcmm	0x14B5EC	120	STT_FUNC	15
_ZNSt6__ndk112basic_stringIcNS_11char_traitsIcEENS_9allocatorIcEEE7replaceEmmmc	0x14B664	328	STT_FUNC	15
_ZNSt6__ndk112basic_stringIcNS_11char_traitsIcEENS_9allocatorIcEEE6assignEPKcm	0x14B7AC	192	STT_FUNC	15
_ZNSt6__ndk112basic_stringIcNS_11char_traitsIcEENS_9allocatorIcEEE7reserveEm	0x14B86C	344	STT_FUNC	15
_ZNSt6__ndk112basic_stringIcNS_11char_traitsIcEENS_9allocatorIcEEE6appendEPKcm	0x14B9C4	196	STT_FUNC	15
_ZNSt6__ndk112basic_stringIcNS_11char_traitsIcEENS_9allocatorIcEEE6assignERKS5_mm	0x14BA88	252	STT_FUNC	15
_ZNKSt6__ndk112basic_stringIcNS_11char_traitsIcEENS_9allocatorIcEEE4copyEPcmm	0x14BB84	120	STT_FUNC	15
_ZNSt6__ndk112basic_stringIcNS_11char_traitsIcEENS_9allocatorIcEEEC1ERKS5_mmRKS4_	0x14BBFC	204	STT_FUNC	15
_ZNSt6__ndk112basic_stringIcNS_11char_traitsIcEENS_9allocatorIcEEEC2ERKS5_mmRKS4_	0x14BBFC	204	STT_FUNC	15
_ZNKSt6__ndk112basic_stringIcNS_11char_traitsIcEENS_9allocatorIcEEE4findEcm	0x14BCC8	108	STT_FUNC	15
_ZNSt6__ndk112basic_stringIcNS_11char_traitsIcEENS_9allocatorIcEEE6__initEmc	0x14BD34	136	STT_FUNC	15
_ZNSt6__ndk112basic_stringIcNS_11char_traitsIcEENS_9allocatorIcEEE6insertEmPKc	0x14BDBC	68	STT_FUNC	15
_ZNKSt6__ndk112basic_stringIcNS_11char_traitsIcEENS_9allocatorIcEEE12find_last_ofEPKcmm	0x14BE00	124	STT_FUNC	15
_ZNSt6__ndk112basic_stringIcNS_11char_traitsIcEENS_9allocatorIcEEE9push_backEc	0x14BE7C	172	STT_FUNC	15
_ZNSt6__ndk112basic_stringIcNS_11char_traitsIcEENS_9allocatorIcEEE6appendEmc	0x14BF28	204	STT_FUNC	15
_ZNKSt6__ndk112basic_stringIcNS_11char_traitsIcEENS_9allocatorIcEEE5rfindEcm	0x14BFF4	76	STT_FUNC	15
_ZNSt6__ndk112basic_stringIcNS_11char_traitsIcEENS_9allocatorIcEEE6assignEmc	0x14C040	320	STT_FUNC	15
_ZNSt6__ndk112basic_stringIcNS_11char_traitsIcEENS_9allocatorIcEEE5eraseEmm	0x14C180	212	STT_FUNC	15
_ZNSt6__ndk112basic_stringIcNS_11char_traitsIcEENS_9allocatorIcEEE6appendERKS5_mm	0x14C254	256	STT_FUNC	15
_ZNKSt6__ndk112basic_stringIcNS_11char_traitsIcEENS_9allocatorIcEEE7compareEPKc	0x14C354	136	STT_FUNC	15
_ZNKSt6__ndk112basic_stringIcNS_11char_traitsIcEENS_9allocatorIcEEE7compareEmmPKcm	0x14C3DC	148	STT_FUNC	15
_ZNKSt6__ndk112basic_stringIcNS_11char_traitsIcEENS_9allocatorIcEEE7compareEmmPKc	0x14C470	188	STT_FUNC	15
_ZNSt6__ndk112basic_stringIcNS_11char_traitsIcEENS_9allocatorIcEEE2atEm	0x14C52C	64	STT_FUNC	15
_ZNSt6__ndk112basic_stringIcNS_11char_traitsIcEENS_9allocatorIcEEE6assignEPKc	0x14C56C	204	STT_FUNC	15
_ZNKSt6__ndk112basic_stringIcNS_11char_traitsIcEENS_9allocatorIcEEE4findEPKcmm	0x14C638	204	STT_FUNC	15
_ZNKSt6__ndk112basic_stringIcNS_11char_traitsIcEENS_9allocatorIcEEE7compareEmmRKS5_mm	0x14C704	168	STT_FUNC	15
_ZNSt6__ndk112basic_stringIcNS_11char_traitsIcEENS_9allocatorIcEEEaSERKS5_	0x14C7AC	256	STT_FUNC	15
_ZNSt6__ndk112basic_stringIcNS_11char_traitsIcEENS_9allocatorIcEEE6appendEPKc	0x14C8AC	216	STT_FUNC	15
_ZNSt6__ndk112basic_stringIcNS_11char_traitsIcEENS_9allocatorIcEEE7replaceEmmRKS5_mm	0x14C984	80	STT_FUNC	15
_ZNSt6__ndk112basic_stringIcNS_11char_traitsIcEENS_9allocatorIcEEE6insertENS_11__wrap_iterIPKcEEc	0x14C9D4	228	STT_FUNC	15
_ZNSt6__ndk112basic_stringIcNS_11char_traitsIcEENS_9allocatorIcEEE6resizeEmc	0x14CAB8	100	STT_FUNC	15
_ZNSt6__ndk112basic_stringIcNS_11char_traitsIcEENS_9allocatorIcEEE6insertEmRKS5_mm	0x14CB1C	80	STT_FUNC	15
_ZNSt6__ndk112basic_stringIwNS_11char_traitsIwEENS_9allocatorIwEEE7replaceEmmPKwm	0x14CB6C	496	STT_FUNC	15
_ZNSt6__ndk112basic_stringIwNS_11char_traitsIwEENS_9allocatorIwEEE21__grow_by_and_replaceEmmmmmmPKw	0x14CD5C	344	STT_FUNC	15
_ZNKSt6__ndk112basic_stringIwNS_11char_traitsIwEENS_9allocatorIwEEE5rfindEPKwmm	0x14CEB4	204	STT_FUNC	15
_ZNSt6__ndk112basic_stringIwNS_11char_traitsIwEENS_9allocatorIwEEE6__initEPKwmm	0x14CF80	168	STT_FUNC	15
_ZNSt6__ndk112basic_stringIwNS_11char_traitsIwEENS_9allocatorIwEEEC1ERKS5_	0x14D028	40	STT_FUNC	15
_ZNSt6__ndk112basic_stringIwNS_11char_traitsIwEENS_9allocatorIwEEEC2ERKS5_	0x14D028	40	STT_FUNC	15
_ZNSt6__ndk112basic_stringIwNS_11char_traitsIwEENS_9allocatorIwEEE25__init_copy_ctor_externalEPKwm	0x14D050	156	STT_FUNC	15
_ZNSt6__ndk112basic_stringIwNS_11char_traitsIwEENS_9allocatorIwEEE7replaceEmmPKw	0x14D0EC	76	STT_FUNC	15
_ZNSt6__ndk112basic_stringIwNS_11char_traitsIwEENS_9allocatorIwEEEC1ERKS5_RKS4_	0x14D138	40	STT_FUNC	15
_ZNSt6__ndk112basic_stringIwNS_11char_traitsIwEENS_9allocatorIwEEEC2ERKS5_RKS4_	0x14D138	40	STT_FUNC	15
_ZNKSt6__ndk112basic_stringIwNS_11char_traitsIwEENS_9allocatorIwEEE16find_last_not_ofEPKwmm	0x14D160	148	STT_FUNC	15
_ZNSt6__ndk112basic_stringIwNS_11char_traitsIwEENS_9allocatorIwEEED1Ev	0x14D1F4	20	STT_FUNC	15
_ZNSt6__ndk112basic_stringIwNS_11char_traitsIwEENS_9allocatorIwEEED2Ev	0x14D1F4	20	STT_FUNC	15
_ZNKSt6__ndk112basic_stringIwNS_11char_traitsIwEENS_9allocatorIwEEE17find_first_not_ofEPKwmm	0x14D208	156	STT_FUNC	15
_ZNSt6__ndk112basic_stringIwNS_11char_traitsIwEENS_9allocatorIwEEE6insertEmmw	0x14D2A4	280	STT_FUNC	15
_ZNSt6__ndk112basic_stringIwNS_11char_traitsIwEENS_9allocatorIwEEE9__grow_byEmmmmmm	0x14D3BC	304	STT_FUNC	15
_ZNSt6__ndk112basic_stringIwNS_11char_traitsIwEENS_9allocatorIwEEEaSEw	0x14D4EC	48	STT_FUNC	15
_ZNSt6__ndk112basic_stringIwNS_11char_traitsIwEENS_9allocatorIwEEE6__initEPKwm	0x14D51C	164	STT_FUNC	15
_ZNKSt6__ndk112basic_stringIwNS_11char_traitsIwEENS_9allocatorIwEEE2atEm	0x14D5C0	64	STT_FUNC	15
_ZNSt6__ndk112basic_stringIwNS_11char_traitsIwEENS_9allocatorIwEEE6insertEmPKwm	0x14D600	300	STT_FUNC	15
_ZNKSt6__ndk112basic_stringIwNS_11char_traitsIwEENS_9allocatorIwEEE13find_first_ofEPKwmm	0x14D72C	128	STT_FUNC	15
_ZNSt6__ndk112basic_stringIwNS_11char_traitsIwEENS_9allocatorIwEEE7replaceEmmmw	0x14D7AC	336	STT_FUNC	15
_ZNSt6__ndk112basic_stringIwNS_11char_traitsIwEENS_9allocatorIwEEE6assignEPKwm	0x14D8FC	196	STT_FUNC	15
_ZNSt6__ndk112basic_stringIwNS_11char_traitsIwEENS_9allocatorIwEEE7reserveEm	0x14D9C0	392	STT_FUNC	15
_ZNSt6__ndk112basic_stringIwNS_11char_traitsIwEENS_9allocatorIwEEE6appendEPKwm	0x14DB48	200	STT_FUNC	15
_ZNSt6__ndk112basic_stringIwNS_11char_traitsIwEENS_9allocatorIwEEE6assignERKS5_mm	0x14DC10	80	STT_FUNC	15
_ZNKSt6__ndk112basic_stringIwNS_11char_traitsIwEENS_9allocatorIwEEE4copyEPwmm	0x14DC60	124	STT_FUNC	15
_ZNSt6__ndk112basic_stringIwNS_11char_traitsIwEENS_9allocatorIwEEEC1ERKS5_mmRKS4_	0x14DCDC	232	STT_FUNC	15
_ZNSt6__ndk112basic_stringIwNS_11char_traitsIwEENS_9allocatorIwEEEC2ERKS5_mmRKS4_	0x14DCDC	232	STT_FUNC	15
_ZNKSt6__ndk112basic_stringIwNS_11char_traitsIwEENS_9allocatorIwEEE4findEwm	0x14DDC4	108	STT_FUNC	15
_ZNSt6__ndk112basic_stringIwNS_11char_traitsIwEENS_9allocatorIwEEE6__initEmw	0x14DE30	164	STT_FUNC	15
_ZNSt6__ndk112basic_stringIwNS_11char_traitsIwEENS_9allocatorIwEEE6insertEmPKw	0x14DED4	68	STT_FUNC	15
_ZNKSt6__ndk112basic_stringIwNS_11char_traitsIwEENS_9allocatorIwEEE12find_last_ofEPKwmm	0x14DF18	128	STT_FUNC	15
_ZNSt6__ndk112basic_stringIwNS_11char_traitsIwEENS_9allocatorIwEEE9push_backEw	0x14DF98	168	STT_FUNC	15
_ZNSt6__ndk112basic_stringIwNS_11char_traitsIwEENS_9allocatorIwEEE6appendEmw	0x14E040	208	STT_FUNC	15
_ZNKSt6__ndk112basic_stringIwNS_11char_traitsIwEENS_9allocatorIwEEE5rfindEwm	0x14E110	84	STT_FUNC	15
_ZNSt6__ndk112basic_stringIwNS_11char_traitsIwEENS_9allocatorIwEEE6assignEmw	0x14E164	200	STT_FUNC	15
_ZNSt6__ndk112basic_stringIwNS_11char_traitsIwEENS_9allocatorIwEEE5eraseEmm	0x14E22C	216	STT_FUNC	15
_ZNSt6__ndk112basic_stringIwNS_11char_traitsIwEENS_9allocatorIwEEE6appendERKS5_mm	0x14E304	80	STT_FUNC	15
_ZNKSt6__ndk112basic_stringIwNS_11char_traitsIwEENS_9allocatorIwEEE7compareEPKw	0x14E354	136	STT_FUNC	15
_ZNKSt6__ndk112basic_stringIwNS_11char_traitsIwEENS_9allocatorIwEEE7compareEmmPKwm	0x14E3DC	148	STT_FUNC	15
_ZNKSt6__ndk112basic_stringIwNS_11char_traitsIwEENS_9allocatorIwEEE7compareEmmPKw	0x14E470	188	STT_FUNC	15
_ZNSt6__ndk112basic_stringIwNS_11char_traitsIwEENS_9allocatorIwEEE2atEm	0x14E52C	64	STT_FUNC	15
_ZNSt6__ndk112basic_stringIwNS_11char_traitsIwEENS_9allocatorIwEEE6assignEPKw	0x14E56C	52	STT_FUNC	15
_ZNKSt6__ndk112basic_stringIwNS_11char_traitsIwEENS_9allocatorIwEEE4findEPKwmm	0x14E5A0	216	STT_FUNC	15
_ZNKSt6__ndk112basic_stringIwNS_11char_traitsIwEENS_9allocatorIwEEE7compareEmmRKS5_mm	0x14E678	172	STT_FUNC	15
_ZNSt6__ndk112basic_stringIwNS_11char_traitsIwEENS_9allocatorIwEEEaSERKS5_	0x14E724	268	STT_FUNC	15
_ZNSt6__ndk112basic_stringIwNS_11char_traitsIwEENS_9allocatorIwEEE6appendEPKw	0x14E830	52	STT_FUNC	15
_ZNSt6__ndk112basic_stringIwNS_11char_traitsIwEENS_9allocatorIwEEE7replaceEmmRKS5_mm	0x14E864	80	STT_FUNC	15
_ZNSt6__ndk112basic_stringIwNS_11char_traitsIwEENS_9allocatorIwEEE6insertENS_11__wrap_iterIPKwEEw	0x14E8B4	240	STT_FUNC	15
_ZNSt6__ndk112basic_stringIwNS_11char_traitsIwEENS_9allocatorIwEEE6resizeEmw	0x14E9A4	100	STT_FUNC	15
_ZNSt6__ndk112basic_stringIwNS_11char_traitsIwEENS_9allocatorIwEEE6insertEmRKS5_mm	0x14EA08	80	STT_FUNC	15
_ZNSt6__ndk1plIcNS_11char_traitsIcEENS_9allocatorIcEEEENS_12basic_stringIT_T0_T1_EEPKS6_RKS9_	0x14EA58	392	STT_FUNC	15
_ZNSt6__ndk14stoiERKNS_12basic_stringIcNS_11char_traitsIcEENS_9allocatorIcEEEEPmi	0x14EBE0	580	STT_FUNC	15
_ZNSt6__ndk14stoiERKNS_12basic_stringIwNS_11char_traitsIwEENS_9allocatorIwEEEEPmi	0x14EE24	588	STT_FUNC	15
_ZNSt6__ndk14stolERKNS_12basic_stringIcNS_11char_traitsIcEENS_9allocatorIcEEEEPmi	0x14F070	484	STT_FUNC	15
_ZNSt6__ndk14stolERKNS_12basic_stringIwNS_11char_traitsIwEENS_9allocatorIwEEEEPmi	0x14F254	492	STT_FUNC	15
_ZNSt6__ndk15stoulERKNS_12basic_stringIcNS_11char_traitsIcEENS_9allocatorIcEEEEPmi	0x14F440	488	STT_FUNC	15
_ZNSt6__ndk15stoulERKNS_12basic_stringIwNS_11char_traitsIwEENS_9allocatorIwEEEEPmi	0x14F628	496	STT_FUNC	15
_ZNSt6__ndk15stollERKNS_12basic_stringIcNS_11char_traitsIcEENS_9allocatorIcEEEEPmi	0x14F818	488	STT_FUNC	15
_ZNSt6__ndk15stollERKNS_12basic_stringIwNS_11char_traitsIwEENS_9allocatorIwEEEEPmi	0x14FA00	496	STT_FUNC	15
_ZNSt6__ndk16stoullERKNS_12basic_stringIcNS_11char_traitsIcEENS_9allocatorIcEEEEPmi	0x14FBF0	492	STT_FUNC	15
_ZNSt6__ndk16stoullERKNS_12basic_stringIwNS_11char_traitsIwEENS_9allocatorIwEEEEPmi	0x14FDDC	500	STT_FUNC	15
_ZNSt6__ndk14stofERKNS_12basic_stringIcNS_11char_traitsIcEENS_9allocatorIcEEEEPm	0x14FFD0	484	STT_FUNC	15
_ZNSt6__ndk14stofERKNS_12basic_stringIwNS_11char_traitsIwEENS_9allocatorIwEEEEPm	0x1501B4	492	STT_FUNC	15
_ZNSt6__ndk14stodERKNS_12basic_stringIcNS_11char_traitsIcEENS_9allocatorIcEEEEPm	0x1503A0	484	STT_FUNC	15
_ZNSt6__ndk14stodERKNS_12basic_stringIwNS_11char_traitsIwEENS_9allocatorIwEEEEPm	0x150584	492	STT_FUNC	15
_ZNSt6__ndk15stoldERKNS_12basic_stringIcNS_11char_traitsIcEENS_9allocatorIcEEEEPm	0x150770	480	STT_FUNC	15
_ZNSt6__ndk15stoldERKNS_12basic_stringIwNS_11char_traitsIwEENS_9allocatorIwEEEEPm	0x150950	488	STT_FUNC	15
_ZNSt6__ndk19to_stringEi	0x150B38	376	STT_FUNC	15
_ZNSt6__ndk19to_stringEl	0x150CB0	376	STT_FUNC	15
_ZNSt6__ndk19to_stringEx	0x150E28	376	STT_FUNC	15
_ZNSt6__ndk19to_stringEj	0x150FA0	276	STT_FUNC	15
_ZNSt6__ndk19to_stringEm	0x1510B4	276	STT_FUNC	15
_ZNSt6__ndk19to_stringEy	0x1511C8	276	STT_FUNC	15
_ZNSt6__ndk110to_wstringEi	0x1512DC	400	STT_FUNC	15
_ZNSt6__ndk110to_wstringEl	0x15146C	400	STT_FUNC	15
_ZNSt6__ndk110to_wstringEx	0x1515FC	400	STT_FUNC	15
_ZNSt6__ndk110to_wstringEj	0x15178C	300	STT_FUNC	15
_ZNSt6__ndk110to_wstringEm	0x1518B8	300	STT_FUNC	15
_ZNSt6__ndk110to_wstringEy	0x1519E4	300	STT_FUNC	15
_ZNSt6__ndk19to_stringEf	0x151B10	300	STT_FUNC	15
_ZNSt6__ndk19to_stringEd	0x151C3C	296	STT_FUNC	15
_ZNSt6__ndk19to_stringEe	0x151D64	288	STT_FUNC	15
_ZNSt6__ndk110to_wstringEf	0x151E84	504	STT_FUNC	15
_ZNSt6__ndk110to_wstringEd	0x15207C	500	STT_FUNC	15
_ZNSt6__ndk110to_wstringEe	0x152270	492	STT_FUNC	15
_ZNSt6__ndk16__itoa8__u32toaEjPc	0x152748	212	STT_FUNC	15
_ZNSt6__ndk16__itoa8__u64toaEmPc	0x1529D8	584	STT_FUNC	15
_ZNSt6__ndk114error_categoryC2Ev	0x152C20	20	STT_FUNC	15
_ZNSt6__ndk114error_categoryD0Ev	0x152C34	4	STT_FUNC	15
_ZNKSt6__ndk114error_category23default_error_conditionEi	0x152C38	16	STT_FUNC	15
_ZNKSt6__ndk114error_category10equivalentEiRKNS_15error_conditionE	0x152C48	68	STT_FUNC	15
_ZNKSt6__ndk114error_category10equivalentERKNS_10error_codeEi	0x152C8C	32	STT_FUNC	15
_ZNSt6__ndk116generic_categoryEv	0x152E48	88	STT_FUNC	15
_ZNSt6__ndk115system_categoryEv	0x152FEC	88	STT_FUNC	15
_ZNKSt6__ndk115error_condition7messageEv	0x153044	24	STT_FUNC	15
_ZNKSt6__ndk110error_code7messageEv	0x15305C	24	STT_FUNC	15
_ZNSt6__ndk112system_error6__initERKNS_10error_codeENS_12basic_stringIcNS_11char_traitsIcEENS_9allocatorIcEEEE	0x153074	268	STT_FUNC	15
_ZNSt6__ndk112system_errorC1ENS_10error_codeERKNS_12basic_stringIcNS_11char_traitsIcEENS_9allocatorIcEEEE	0x153180	244	STT_FUNC	15
_ZNSt6__ndk112system_errorC2ENS_10error_codeERKNS_12basic_stringIcNS_11char_traitsIcEENS_9allocatorIcEEEE	0x153180	244	STT_FUNC	15
_ZNSt6__ndk112system_errorC1ENS_10error_codeEPKc	0x153274	364	STT_FUNC	15
_ZNSt6__ndk112system_errorC2ENS_10error_codeEPKc	0x153274	364	STT_FUNC	15
_ZNSt6__ndk112system_errorC1ENS_10error_codeE	0x1533E0	236	STT_FUNC	15
_ZNSt6__ndk112system_errorC2ENS_10error_codeE	0x1533E0	236	STT_FUNC	15
_ZNSt6__ndk112system_errorC1EiRKNS_14error_categoryERKNS_12basic_stringIcNS_11char_traitsIcEENS_9allocatorIcEEEE	0x1534CC	264	STT_FUNC	15
_ZNSt6__ndk112system_errorC2EiRKNS_14error_categoryERKNS_12basic_stringIcNS_11char_traitsIcEENS_9allocatorIcEEEE	0x1534CC	264	STT_FUNC	15
_ZNSt6__ndk112system_errorC1EiRKNS_14error_categoryEPKc	0x1535D4	384	STT_FUNC	15
_ZNSt6__ndk112system_errorC2EiRKNS_14error_categoryEPKc	0x1535D4	384	STT_FUNC	15
_ZNSt6__ndk112system_errorC1EiRKNS_14error_categoryE	0x153754	256	STT_FUNC	15
_ZNSt6__ndk112system_errorC2EiRKNS_14error_categoryE	0x153754	256	STT_FUNC	15
_ZNSt6__ndk112system_errorD1Ev	0x153854	4	STT_FUNC	15
_ZNSt6__ndk112system_errorD2Ev	0x153854	4	STT_FUNC	15
_ZNSt6__ndk112system_errorD0Ev	0x153858	36	STT_FUNC	15
_ZNSt6__ndk120__throw_system_errorEiPKc	0x15387C	164	STT_FUNC	15
_ZNSt6__ndk114error_categoryD1Ev	0x153920	4	STT_FUNC	15
_ZNSt6__ndk114error_categoryD2Ev	0x153920	4	STT_FUNC	15
_ZNSt6__ndk16threadD1Ev	0x1539CC	28	STT_FUNC	15
_ZNSt6__ndk16threadD2Ev	0x1539CC	28	STT_FUNC	15
_ZNSt6__ndk16thread4joinEv	0x1539E8	68	STT_FUNC	15
_ZNSt6__ndk16thread6detachEv	0x153A2C	64	STT_FUNC	15
_ZNSt6__ndk16thread20hardware_concurrencyEv	0x153A6C	36	STT_FUNC	15
_ZNSt6__ndk111this_thread9sleep_forERKNS_6chrono8durationIxNS_5ratioILl1ELl1000000000EEEEE	0x153A90	156	STT_FUNC	15
_ZNSt6__ndk119__thread_local_dataEv	0x153B2C	140	STT_FUNC	15
_ZNSt6__ndk115__thread_structC1Ev	0x153E7C	52	STT_FUNC	15
_ZNSt6__ndk115__thread_structC2Ev	0x153E7C	52	STT_FUNC	15
_ZNSt6__ndk115__thread_structD1Ev	0x153EB0	56	STT_FUNC	15
_ZNSt6__ndk115__thread_structD2Ev	0x153EB0	56	STT_FUNC	15
_ZNSt6__ndk115__thread_struct25notify_all_at_thread_exitEPNS_18condition_variableEPNS_5mutexE	0x153EE8	8	STT_FUNC	15
_ZNSt6__ndk115__thread_struct27__make_ready_at_thread_exitEPNS_17__assoc_sub_stateE	0x153EF0	8	STT_FUNC	15
_ZNSt6__ndk112bad_weak_ptrD1Ev	0x153F38	4	STT_FUNC	15
_ZNSt6__ndk112bad_weak_ptrD2Ev	0x153F38	4	STT_FUNC	15
_ZNSt6__ndk112bad_weak_ptrD0Ev	0x153F3C	36	STT_FUNC	15
_ZNKSt6__ndk112bad_weak_ptr4whatEv	0x153F60	12	STT_FUNC	15
_ZNSt6__ndk114__shared_countD1Ev	0x153F6C	4	STT_FUNC	15
_ZNSt6__ndk114__shared_countD2Ev	0x153F6C	4	STT_FUNC	15
_ZNSt6__ndk119__shared_weak_countD1Ev	0x153F6C	4	STT_FUNC	15
_ZNSt6__ndk119__shared_weak_countD2Ev	0x153F6C	4	STT_FUNC	15
_ZNSt6__ndk114__shared_countD0Ev	0x153F70	4	STT_FUNC	15
_ZNSt6__ndk119__shared_weak_countD0Ev	0x153F74	4	STT_FUNC	15
_ZNSt6__ndk114__shared_count12__add_sharedEv	0x153F78	24	STT_FUNC	15
_ZNSt6__ndk114__shared_count16__release_sharedEv	0x153F90	68	STT_FUNC	15
_ZNSt6__ndk119__shared_weak_count12__add_sharedEv	0x153FD4	24	STT_FUNC	15
_ZNSt6__ndk119__shared_weak_count10__add_weakEv	0x153FEC	24	STT_FUNC	15
_ZNSt6__ndk119__shared_weak_count16__release_sharedEv	0x154004	124	STT_FUNC	15
_ZNSt6__ndk119__shared_weak_count14__release_weakEv	0x154080	48	STT_FUNC	15
_ZNSt6__ndk119__shared_weak_count4lockEv	0x1540B0	80	STT_FUNC	15
_ZNKSt6__ndk119__shared_weak_count13__get_deleterERKSt9type_info	0x154100	8	STT_FUNC	15
_ZNSt6__ndk18__sp_mut4lockEv	0x154108	80	STT_FUNC	15
_ZNSt6__ndk18__sp_mut6unlockEv	0x154158	28	STT_FUNC	15
_ZNSt6__ndk112__get_sp_mutEPKv	0x154174	88	STT_FUNC	15
_ZNSt6__ndk117declare_reachableEPv	0x1541CC	4	STT_FUNC	15
_ZNSt6__ndk119declare_no_pointersEPcm	0x1541D0	4	STT_FUNC	15
_ZNSt6__ndk121undeclare_no_pointersEPcm	0x1541D4	4	STT_FUNC	15
_ZNSt6__ndk118get_pointer_safetyEv	0x1541D8	8	STT_FUNC	15
_ZNSt6__ndk121__undeclare_reachableEPv	0x1541E0	4	STT_FUNC	15
_ZNSt6__ndk15alignEmmRPvRm	0x1541E4	76	STT_FUNC	15
_ZNSt6__ndk115future_categoryEv	0x1543B4	132	STT_FUNC	15
_ZNSt6__ndk112future_errorC1ENS_10error_codeE	0x154438	164	STT_FUNC	15
_ZNSt6__ndk112future_errorC2ENS_10error_codeE	0x154438	164	STT_FUNC	15
_ZNSt6__ndk112future_errorD1Ev	0x1544DC	4	STT_FUNC	15
_ZNSt6__ndk112future_errorD2Ev	0x1544DC	4	STT_FUNC	15
_ZNSt6__ndk112future_errorD0Ev	0x1544E0	36	STT_FUNC	15
_ZNSt6__ndk117__assoc_sub_state16__on_zero_sharedEv	0x154504	20	STT_FUNC	15
_ZNSt6__ndk117__assoc_sub_state9set_valueEv	0x154518	176	STT_FUNC	15
_ZNSt6__ndk117__assoc_sub_state24set_value_at_thread_exitEv	0x154688	184	STT_FUNC	15
_ZNSt6__ndk117__assoc_sub_state13set_exceptionESt13exception_ptr	0x154740	196	STT_FUNC	15
_ZNSt6__ndk117__assoc_sub_state28set_exception_at_thread_exitESt13exception_ptr	0x154804	196	STT_FUNC	15
_ZNSt6__ndk117__assoc_sub_state12__make_readyEv	0x1548C8	64	STT_FUNC	15
_ZNSt6__ndk117__assoc_sub_state4copyEv	0x154908	276	STT_FUNC	15
_ZNSt6__ndk117__assoc_sub_state10__sub_waitERNS_11unique_lockINS_5mutexEEE	0x154A1C	148	STT_FUNC	15
_ZNSt6__ndk117__assoc_sub_state4waitEv	0x154AB0	220	STT_FUNC	15
_ZNSt6__ndk117__assoc_sub_state9__executeEv	0x154B8C	16	STT_FUNC	15
_ZNSt6__ndk16futureIvEC1EPNS_17__assoc_sub_stateE	0x154B9C	104	STT_FUNC	15
_ZNSt6__ndk16futureIvEC2EPNS_17__assoc_sub_stateE	0x154B9C	104	STT_FUNC	15
_ZNSt6__ndk16futureIvED1Ev	0x154C04	16	STT_FUNC	15
_ZNSt6__ndk16futureIvED2Ev	0x154C04	16	STT_FUNC	15
_ZNSt6__ndk16futureIvE3getEv	0x154C14	84	STT_FUNC	15
_ZNSt6__ndk17promiseIvEC1Ev	0x154C68	76	STT_FUNC	15
_ZNSt6__ndk17promiseIvEC2Ev	0x154C68	76	STT_FUNC	15
_ZNSt6__ndk17promiseIvED1Ev	0x154CB4	448	STT_FUNC	15
_ZNSt6__ndk17promiseIvED2Ev	0x154CB4	448	STT_FUNC	15
_ZNSt6__ndk17promiseIvE10get_futureEv	0x154EF4	116	STT_FUNC	15
_ZNSt6__ndk17promiseIvE9set_valueEv	0x154F68	32	STT_FUNC	15
_ZNSt6__ndk17promiseIvE13set_exceptionESt13exception_ptr	0x154F88	128	STT_FUNC	15
_ZNSt6__ndk17promiseIvE24set_value_at_thread_exitEv	0x155008	32	STT_FUNC	15
_ZNSt6__ndk17promiseIvE28set_exception_at_thread_exitESt13exception_ptr	0x155028	128	STT_FUNC	15
_ZNSt6__ndk113shared_futureIvED1Ev	0x1550A8	16	STT_FUNC	15
_ZNSt6__ndk113shared_futureIvED2Ev	0x1550A8	16	STT_FUNC	15
_ZNSt6__ndk113shared_futureIvEaSERKS1_	0x1550B8	72	STT_FUNC	15
_ZNSt6__ndk117__assoc_sub_stateD2Ev	0x155100	76	STT_FUNC	15
_ZNSt6__ndk117__assoc_sub_stateD0Ev	0x15514C	84	STT_FUNC	15
_ZSt18uncaught_exceptionv	0x1551C4	28	STT_FUNC	15
_ZSt19uncaught_exceptionsv	0x1551E0	4	STT_FUNC	15
_ZNSt13exception_ptrD1Ev	0x1551E4	8	STT_FUNC	15
_ZNSt13exception_ptrD2Ev	0x1551E4	8	STT_FUNC	15
_ZNSt13exception_ptrC1ERKS_	0x1551EC	16	STT_FUNC	15
_ZNSt13exception_ptrC2ERKS_	0x1551EC	16	STT_FUNC	15
_ZNSt13exception_ptraSERKS_	0x1551FC	72	STT_FUNC	15
_ZNSt16nested_exceptionC1Ev	0x155244	52	STT_FUNC	15
_ZNSt16nested_exceptionC2Ev	0x155244	52	STT_FUNC	15
_ZSt17current_exceptionv	0x155278	36	STT_FUNC	15
_ZNSt16nested_exceptionD1Ev	0x15529C	28	STT_FUNC	15
_ZNSt16nested_exceptionD2Ev	0x15529C	28	STT_FUNC	15
_ZNSt16nested_exceptionD0Ev	0x1552B8	56	STT_FUNC	15
_ZNKSt16nested_exception14rethrow_nestedEv	0x1552F0	84	STT_FUNC	15
_ZSt17rethrow_exceptionSt13exception_ptr	0x155344	20	STT_FUNC	15
_ZNKSt6__ndk120__vector_base_commonILb1EE20__throw_length_errorEv	0x155358	20	STT_FUNC	15
_ZNKSt6__ndk120__vector_base_commonILb1EE20__throw_out_of_rangeEv	0x15536C	20	STT_FUNC	15
__cxa_allocate_exception	0x1553B0	76	STT_FUNC	15
__cxa_free_exception	0x1553FC	28	STT_FUNC	15
__cxa_allocate_dependent_exception	0x155418	52	STT_FUNC	15
__cxa_free_dependent_exception	0x15544C	4	STT_FUNC	15
__cxa_throw	0x155450	124	STT_FUNC	15
__cxa_get_exception_ptr	0x155568	8	STT_FUNC	15
__cxa_begin_catch	0x155570	148	STT_FUNC	15
__cxa_end_catch	0x155604	224	STT_FUNC	15
__cxa_decrement_exception_refcount	0x1556E4	84	STT_FUNC	15
__cxa_current_exception_type	0x155738	76	STT_FUNC	15
__cxa_rethrow	0x155784	232	STT_FUNC	15
__cxa_increment_exception_refcount	0x15586C	28	STT_FUNC	15
__cxa_current_primary_exception	0x155888	120	STT_FUNC	15
__cxa_rethrow_primary_exception	0x155900	284	STT_FUNC	15
__cxa_uncaught_exception	0x155A8C	40	STT_FUNC	15
__cxa_uncaught_exceptions	0x155AB4	32	STT_FUNC	15
__cxa_get_globals	0x155AD4	28	STT_FUNC	15
__cxa_get_globals_fast	0x155AF0	28	STT_FUNC	15
__cxa_guard_acquire	0x155B0C	352	STT_FUNC	15
__cxa_guard_release	0x155C6C	168	STT_FUNC	15
__cxa_guard_abort	0x155D14	156	STT_FUNC	15
_ZSt14get_unexpectedv	0x155EA0	16	STT_FUNC	15
_ZSt9terminatev	0x155EB0	64	STT_FUNC	15
_ZSt10unexpectedv	0x155F08	24	STT_FUNC	15
_ZSt13get_terminatev	0x155F20	16	STT_FUNC	15
_ZSt15set_new_handlerPFvvE	0x155F70	28	STT_FUNC	15
_ZSt15get_new_handlerv	0x155F8C	16	STT_FUNC	15
_ZSt14set_unexpectedPFvvE	0x1560D8	40	STT_FUNC	15
_ZSt13set_terminatePFvvE	0x156100	40	STT_FUNC	15
__cxa_demangle	0x156128	1944	STT_FUNC	15
__gxx_personality_v0	0x169BC8	444	STT_FUNC	15
__cxa_call_unexpected	0x16A3B8	892	STT_FUNC	15
__cxa_pure_virtual	0x16A880	20	STT_FUNC	15
__cxa_deleted_virtual	0x16A894	20	STT_FUNC	15
__dynamic_cast	0x16B7FC	312	STT_FUNC	15
_ZNSt13bad_exceptionD1Ev	0x16C520	4	STT_FUNC	15
_ZNSt13bad_exceptionD2Ev	0x16C520	4	STT_FUNC	15
_ZNSt20bad_array_new_lengthD1Ev	0x16C520	4	STT_FUNC	15
_ZNSt20bad_array_new_lengthD2Ev	0x16C520	4	STT_FUNC	15
_ZNSt9bad_allocD1Ev	0x16C520	4	STT_FUNC	15
_ZNSt9bad_allocD2Ev	0x16C520	4	STT_FUNC	15
_ZNSt9exceptionD1Ev	0x16C520	4	STT_FUNC	15
_ZNSt9exceptionD2Ev	0x16C520	4	STT_FUNC	15
_ZNSt9exceptionD0Ev	0x16C524	4	STT_FUNC	15
_ZNKSt9exception4whatEv	0x16C528	12	STT_FUNC	15
_ZNSt13bad_exceptionD0Ev	0x16C534	4	STT_FUNC	15
_ZNKSt13bad_exception4whatEv	0x16C538	12	STT_FUNC	15
_ZNSt9bad_allocC1Ev	0x16C544	20	STT_FUNC	15
_ZNSt9bad_allocC2Ev	0x16C544	20	STT_FUNC	15
_ZNSt9bad_allocD0Ev	0x16C558	4	STT_FUNC	15
_ZNKSt9bad_alloc4whatEv	0x16C55C	12	STT_FUNC	15
_ZNSt20bad_array_new_lengthC1Ev	0x16C568	20	STT_FUNC	15
_ZNSt20bad_array_new_lengthC2Ev	0x16C568	20	STT_FUNC	15
_ZNSt20bad_array_new_lengthD0Ev	0x16C57C	4	STT_FUNC	15
_ZNKSt20bad_array_new_length4whatEv	0x16C580	12	STT_FUNC	15
_ZNSt11logic_errorD1Ev	0x16C58C	84	STT_FUNC	15
_ZNSt11logic_errorD2Ev	0x16C58C	84	STT_FUNC	15
_ZNSt12domain_errorD1Ev	0x16C58C	84	STT_FUNC	15
_ZNSt12domain_errorD2Ev	0x16C58C	84	STT_FUNC	15
_ZNSt12length_errorD1Ev	0x16C58C	84	STT_FUNC	15
_ZNSt12length_errorD2Ev	0x16C58C	84	STT_FUNC	15
_ZNSt12out_of_rangeD1Ev	0x16C58C	84	STT_FUNC	15
_ZNSt12out_of_rangeD2Ev	0x16C58C	84	STT_FUNC	15
_ZNSt16invalid_argumentD1Ev	0x16C58C	84	STT_FUNC	15
_ZNSt16invalid_argumentD2Ev	0x16C58C	84	STT_FUNC	15
_ZNSt11logic_errorD0Ev	0x16C5E0	92	STT_FUNC	15
_ZNKSt11logic_error4whatEv	0x16C63C	8	STT_FUNC	15
_ZNSt11range_errorD1Ev	0x16C644	84	STT_FUNC	15
_ZNSt11range_errorD2Ev	0x16C644	84	STT_FUNC	15
_ZNSt13runtime_errorD1Ev	0x16C644	84	STT_FUNC	15
_ZNSt13runtime_errorD2Ev	0x16C644	84	STT_FUNC	15
_ZNSt14overflow_errorD1Ev	0x16C644	84	STT_FUNC	15
_ZNSt14overflow_errorD2Ev	0x16C644	84	STT_FUNC	15
_ZNSt15underflow_errorD1Ev	0x16C644	84	STT_FUNC	15
_ZNSt15underflow_errorD2Ev	0x16C644	84	STT_FUNC	15
_ZNSt13runtime_errorD0Ev	0x16C698	92	STT_FUNC	15
_ZNKSt13runtime_error4whatEv	0x16C6F4	8	STT_FUNC	15
_ZNSt12domain_errorD0Ev	0x16C6FC	92	STT_FUNC	15
_ZNSt16invalid_argumentD0Ev	0x16C758	92	STT_FUNC	15
_ZNSt12length_errorD0Ev	0x16C7B4	92	STT_FUNC	15
_ZNSt12out_of_rangeD0Ev	0x16C810	92	STT_FUNC	15
_ZNSt11range_errorD0Ev	0x16C86C	92	STT_FUNC	15
_ZNSt14overflow_errorD0Ev	0x16C8C8	92	STT_FUNC	15
_ZNSt15underflow_errorD0Ev	0x16C924	92	STT_FUNC	15
_ZNSt9type_infoD1Ev	0x16C980	4	STT_FUNC	15
_ZNSt9type_infoD2Ev	0x16C980	4	STT_FUNC	15
_ZNSt9type_infoD0Ev	0x16C984	4	STT_FUNC	15
_ZNSt8bad_castC1Ev	0x16C988	20	STT_FUNC	15
_ZNSt8bad_castC2Ev	0x16C988	20	STT_FUNC	15
_ZNSt8bad_castD1Ev	0x16C99C	4	STT_FUNC	15
_ZNSt8bad_castD2Ev	0x16C99C	4	STT_FUNC	15
_ZNSt8bad_castD0Ev	0x16C9A0	36	STT_FUNC	15
_ZNKSt8bad_cast4whatEv	0x16C9C4	12	STT_FUNC	15
_ZNSt10bad_typeidC1Ev	0x16C9D0	20	STT_FUNC	15
_ZNSt10bad_typeidC2Ev	0x16C9D0	20	STT_FUNC	15
_ZNSt10bad_typeidD1Ev	0x16C9E4	4	STT_FUNC	15
_ZNSt10bad_typeidD2Ev	0x16C9E4	4	STT_FUNC	15
_ZNSt10bad_typeidD0Ev	0x16C9E8	36	STT_FUNC	15
_ZNKSt10bad_typeid4whatEv	0x16CA0C	12	STT_FUNC	15
_ZTVNSt6__ndk114error_categoryE	0x175028	72	STT_OBJECT	17
_ZTVNSt6__ndk112system_errorE	0x175070	40	STT_OBJECT	17
_ZTINSt6__ndk112system_errorE	0x175098	24	STT_OBJECT	17
_ZTINSt6__ndk114error_categoryE	0x1750B0	16	STT_OBJECT	17
_ZTVNSt6__ndk112bad_weak_ptrE	0x1751E0	40	STT_OBJECT	17
_ZTINSt6__ndk112bad_weak_ptrE	0x175208	24	STT_OBJECT	17
_ZTVNSt6__ndk114__shared_countE	0x175220	40	STT_OBJECT	17
_ZTINSt6__ndk114__shared_countE	0x175248	16	STT_OBJECT	17
_ZTVNSt6__ndk119__shared_weak_countE	0x175258	56	STT_OBJECT	17
_ZTINSt6__ndk119__shared_weak_countE	0x175290	40	STT_OBJECT	17
_ZTVNSt6__ndk112future_errorE	0x1752B8	40	STT_OBJECT	17
_ZTINSt6__ndk112future_errorE	0x1752E0	24	STT_OBJECT	17
_ZTVNSt6__ndk117__assoc_sub_stateE	0x1752F8	48	STT_OBJECT	17
_ZTINSt6__ndk117__assoc_sub_stateE	0x175328	24	STT_OBJECT	17
_ZTVSt16nested_exception	0x1753A0	32	STT_OBJECT	17
_ZTISt16nested_exception	0x1753C0	16	STT_OBJECT	17
_ZTIN10__cxxabiv116__shim_type_infoE	0x1774B0	24	STT_OBJECT	17
_ZTIN10__cxxabiv117__class_type_infoE	0x1774C8	24	STT_OBJECT	17
_ZTIN10__cxxabiv117__pbase_type_infoE	0x1774E0	24	STT_OBJECT	17
_ZTIN10__cxxabiv119__pointer_type_infoE	0x1774F8	24	STT_OBJECT	17
_ZTIN10__cxxabiv120__function_type_infoE	0x177510	24	STT_OBJECT	17
_ZTIN10__cxxabiv129__pointer_to_member_type_infoE	0x177528	24	STT_OBJECT	17
_ZTVN10__cxxabiv116__shim_type_infoE	0x177540	56	STT_OBJECT	17
_ZTVN10__cxxabiv123__fundamental_type_infoE	0x177578	56	STT_OBJECT	17
_ZTIN10__cxxabiv123__fundamental_type_infoE	0x1775B0	24	STT_OBJECT	17
_ZTIv	0x1775C8	16	STT_OBJECT	17
_ZTIPv	0x1775D8	32	STT_OBJECT	17
_ZTIPKv	0x1775F8	32	STT_OBJECT	17
_ZTIDn	0x177618	16	STT_OBJECT	17
_ZTIPDn	0x177628	32	STT_OBJECT	17
_ZTIPKDn	0x177648	32	STT_OBJECT	17
_ZTIb	0x177668	16	STT_OBJECT	17
_ZTIPb	0x177678	32	STT_OBJECT	17
_ZTIPKb	0x177698	32	STT_OBJECT	17
_ZTIw	0x1776B8	16	STT_OBJECT	17
_ZTIPw	0x1776C8	32	STT_OBJECT	17
_ZTIPKw	0x1776E8	32	STT_OBJECT	17
_ZTIc	0x177708	16	STT_OBJECT	17
_ZTIPc	0x177718	32	STT_OBJECT	17
_ZTIPKc	0x177738	32	STT_OBJECT	17
_ZTIh	0x177758	16	STT_OBJECT	17
_ZTIPh	0x177768	32	STT_OBJECT	17
_ZTIPKh	0x177788	32	STT_OBJECT	17
_ZTIa	0x1777A8	16	STT_OBJECT	17
_ZTIPa	0x1777B8	32	STT_OBJECT	17
_ZTIPKa	0x1777D8	32	STT_OBJECT	17
_ZTIs	0x1777F8	16	STT_OBJECT	17
_ZTIPs	0x177808	32	STT_OBJECT	17
_ZTIPKs	0x177828	32	STT_OBJECT	17
_ZTIt	0x177848	16	STT_OBJECT	17
_ZTIPt	0x177858	32	STT_OBJECT	17
_ZTIPKt	0x177878	32	STT_OBJECT	17
_ZTIi	0x177898	16	STT_OBJECT	17
_ZTIPi	0x1778A8	32	STT_OBJECT	17
_ZTIPKi	0x1778C8	32	STT_OBJECT	17
_ZTIj	0x1778E8	16	STT_OBJECT	17
_ZTIPj	0x1778F8	32	STT_OBJECT	17
_ZTIPKj	0x177918	32	STT_OBJECT	17
_ZTIl	0x177938	16	STT_OBJECT	17
_ZTIPl	0x177948	32	STT_OBJECT	17
_ZTIPKl	0x177968	32	STT_OBJECT	17
_ZTIm	0x177988	16	STT_OBJECT	17
_ZTIPm	0x177998	32	STT_OBJECT	17
_ZTIPKm	0x1779B8	32	STT_OBJECT	17
_ZTIx	0x1779D8	16	STT_OBJECT	17
_ZTIPx	0x1779E8	32	STT_OBJECT	17
_ZTIPKx	0x177A08	32	STT_OBJECT	17
_ZTIy	0x177A28	16	STT_OBJECT	17
_ZTIPy	0x177A38	32	STT_OBJECT	17
_ZTIPKy	0x177A58	32	STT_OBJECT	17
_ZTIn	0x177A78	16	STT_OBJECT	17
_ZTIPn	0x177A88	32	STT_OBJECT	17
_ZTIPKn	0x177AA8	32	STT_OBJECT	17
_ZTIo	0x177AC8	16	STT_OBJECT	17
_ZTIPo	0x177AD8	32	STT_OBJECT	17
_ZTIPKo	0x177AF8	32	STT_OBJECT	17
_ZTIDh	0x177B18	16	STT_OBJECT	17
_ZTIPDh	0x177B28	32	STT_OBJECT	17
_ZTIPKDh	0x177B48	32	STT_OBJECT	17
_ZTIf	0x177B68	16	STT_OBJECT	17
_ZTIPf	0x177B78	32	STT_OBJECT	17
_ZTIPKf	0x177B98	32	STT_OBJECT	17
_ZTId	0x177BB8	16	STT_OBJECT	17
_ZTIPd	0x177BC8	32	STT_OBJECT	17
_ZTIPKd	0x177BE8	32	STT_OBJECT	17
_ZTIe	0x177C08	16	STT_OBJECT	17
_ZTIPe	0x177C18	32	STT_OBJECT	17
_ZTIPKe	0x177C38	32	STT_OBJECT	17
_ZTIg	0x177C58	16	STT_OBJECT	17
_ZTIPg	0x177C68	32	STT_OBJECT	17
_ZTIPKg	0x177C88	32	STT_OBJECT	17
_ZTIDu	0x177CA8	16	STT_OBJECT	17
_ZTIPDu	0x177CB8	32	STT_OBJECT	17
_ZTIPKDu	0x177CD8	32	STT_OBJECT	17
_ZTIDs	0x177CF8	16	STT_OBJECT	17
_ZTIPDs	0x177D08	32	STT_OBJECT	17
_ZTIPKDs	0x177D28	32	STT_OBJECT	17
_ZTIDi	0x177D48	16	STT_OBJECT	17
_ZTIPDi	0x177D58	32	STT_OBJECT	17
_ZTIPKDi	0x177D78	32	STT_OBJECT	17
_ZTVN10__cxxabiv117__array_type_infoE	0x177D98	56	STT_OBJECT	17
_ZTIN10__cxxabiv117__array_type_infoE	0x177DD0	24	STT_OBJECT	17
_ZTVN10__cxxabiv120__function_type_infoE	0x177DE8	56	STT_OBJECT	17
_ZTVN10__cxxabiv116__enum_type_infoE	0x177E20	56	STT_OBJECT	17
_ZTIN10__cxxabiv116__enum_type_infoE	0x177E58	24	STT_OBJECT	17
_ZTVN10__cxxabiv117__class_type_infoE	0x177E70	80	STT_OBJECT	17
_ZTVN10__cxxabiv120__si_class_type_infoE	0x177EC0	80	STT_OBJECT	17
_ZTIN10__cxxabiv120__si_class_type_infoE	0x177F10	24	STT_OBJECT	17
_ZTVN10__cxxabiv121__vmi_class_type_infoE	0x177F28	80	STT_OBJECT	17
_ZTIN10__cxxabiv121__vmi_class_type_infoE	0x177F78	24	STT_OBJECT	17
_ZTVN10__cxxabiv117__pbase_type_infoE	0x177F90	56	STT_OBJECT	17
_ZTVN10__cxxabiv119__pointer_type_infoE	0x177FC8	56	STT_OBJECT	17
_ZTVN10__cxxabiv129__pointer_to_member_type_infoE	0x178000	56	STT_OBJECT	17
_ZTVSt9bad_alloc	0x178038	40	STT_OBJECT	17
_ZTVSt20bad_array_new_length	0x178060	40	STT_OBJECT	17
_ZTVSt9exception	0x178088	40	STT_OBJECT	17
_ZTISt9exception	0x1780B0	16	STT_OBJECT	17
_ZTVSt13bad_exception	0x1780C0	40	STT_OBJECT	17
_ZTISt13bad_exception	0x1780E8	24	STT_OBJECT	17
_ZTISt9bad_alloc	0x178100	24	STT_OBJECT	17
_ZTISt20bad_array_new_length	0x178118	24	STT_OBJECT	17
_ZTVSt11logic_error	0x178130	40	STT_OBJECT	17
_ZTVSt13runtime_error	0x178158	40	STT_OBJECT	17
_ZTVSt12domain_error	0x178180	40	STT_OBJECT	17
_ZTISt11logic_error	0x1781A8	24	STT_OBJECT	17
_ZTISt12domain_error	0x1781C0	24	STT_OBJECT	17
_ZTVSt16invalid_argument	0x1781D8	40	STT_OBJECT	17
_ZTISt16invalid_argument	0x178200	24	STT_OBJECT	17
_ZTVSt12length_error	0x178218	40	STT_OBJECT	17
_ZTISt12length_error	0x178240	24	STT_OBJECT	17
_ZTVSt12out_of_range	0x178258	40	STT_OBJECT	17
_ZTISt12out_of_range	0x178280	24	STT_OBJECT	17
_ZTVSt11range_error	0x178298	40	STT_OBJECT	17
_ZTISt13runtime_error	0x1782C0	24	STT_OBJECT	17
_ZTISt11range_error	0x1782D8	24	STT_OBJECT	17
_ZTVSt14overflow_error	0x1782F0	40	STT_OBJECT	17
_ZTISt14overflow_error	0x178318	24	STT_OBJECT	17
_ZTVSt15underflow_error	0x178330	40	STT_OBJECT	17
_ZTISt15underflow_error	0x178358	24	STT_OBJECT	17
_ZTVSt8bad_cast	0x178370	40	STT_OBJECT	17
_ZTVSt10bad_typeid	0x178398	40	STT_OBJECT	17
_ZTVSt9type_info	0x1783C0	32	STT_OBJECT	17
_ZTISt9type_info	0x1783E0	16	STT_OBJECT	17
_ZTISt8bad_cast	0x1783F0	24	STT_OBJECT	17
_ZTISt10bad_typeid	0x178408	24	STT_OBJECT	17
__cxa_terminate_handler	0x183CB0	8	STT_OBJECT	23
__cxa_unexpected_handler	0x183CB8	8	STT_OBJECT	23
__cxa_new_handler	0x18D268	8	STT_OBJECT	24
