file	line	decoded
bsh/C2661.java	91	errMsg
bsh/C2661.java	95	msgList
bsh/C2661.java	106	args
bsh/C2661.java	125	retMsg
bsh/C2661.java	128	get
bsh/C2661.java	132	retCode
bsh/C2661.java	136	get
bsh/C2661.java	139	rspBody
bsh/C2661.java	142	get
bsh/C2661.java	178	retcode
bsh/C2661.java	186	args
bsh/C2661.java	205	retMsg
bsh/C2661.java	208	get
bsh/C2661.java	212	retCode
bsh/C2661.java	216	get
bsh/C2661.java	219	rspText
bsh/C2661.java	223	get
bsh/C2661.java	233	decypt
bsh/C2661.java	241	get
bsh/C2661.java	241	rspText
bsh/C2661.java	248	decypt
p006/C6117.java	73	list
p006/C6118.java	50	TAG
p006/C6118.java	60	list
p008/ViewOnClickListenerC6158.java	60	v
p008/ViewOnClickListenerC6158.java	76	提示
p008/ViewOnClickListenerC6158.java	125	无
p008/ViewOnClickListenerC6158.java	139	标签:
p009/C6160.java	17	binding
p009/C6161.java	17	binding
p009/C6162.java	17	binding
p009/C6163.java	53	holder
p009/C6163.java	159	holder
p009/C6163.java	175	holder
p009/C6163.java	190	holder
p009/C6163.java	216	context
p009/C6163.java	217	parent
p009/C6163.java	224	context
p009/C6163.java	225	parent
p009/C6163.java	230	context
p009/C6163.java	231	parent
p009/C6163.java	236	context
p009/C6163.java	237	parent
p009/C6169.java	29	results
p009/C6169.java	44	parent
p009/C6169.java	56	holder
p009/C6169.java	70	功能
p009/C6169.java	72	目录
p009/C6169.java	78	分组
p009/C6170.java	117	keyword
p009/C6170.java	129	history
p009/C6170.java	136	history
p009/C6170.java	150	::
p009/C6178.java	57	view
p009/C6179.java	17	binding
p010/AbstractC6187.java	29	/
p010/AbstractC6187.java	76	E
p010/AbstractC6187.java	82	年0
p010/AbstractC6187.java	83	年0
p010/AbstractC6187.java	83	年
p010/AbstractC6187.java	85	月0
p010/AbstractC6187.java	86	月0
p010/AbstractC6187.java	86	月
p010/AbstractC6187.java	88	周
p010/AbstractC6187.java	89	周
p010/AbstractC6187.java	89	星期
p010/AbstractC6187.java	98	\n
p010/AbstractC6187.java	107	 = 
p010/AbstractC6187.java	109	\n
p010/AbstractC6187.java	111	\n
p010/AbstractC6187.java	120	 = 
p010/AbstractC6187.java	122	\n
p010/AbstractC6187.java	124	\n
p010/AbstractC6187.java	131	   
p010/AbstractC6187.java	133	 
p010/AbstractC6187.java	135	 
p010/AbstractC6187.java	137	 = 
p010/AbstractC6187.java	149	\n
p010/AbstractC6187.java	150	   
p010/AbstractC6187.java	153	.
p010/AbstractC6187.java	155	(
p010/AbstractC6187.java	157	)
p010/AbstractC6187.java	171	\n\n\n
p010/AbstractC6187.java	172	.
p010/AbstractC6187.java	172	.java
p010/AbstractC6187.java	188	static
p010/AbstractC6187.java	193	"
p010/AbstractC6187.java	195	"
p010/AbstractC6187.java	201	length:
p010/AbstractC6187.java	206	"
p010/AbstractC6187.java	208	"
p010/AbstractC6187.java	215	;
p010/AbstractC6187.java	216	\n
p010/AbstractC6187.java	219	.java
p010/AbstractC6188.java	25	/Log/
p010/AbstractC6188.java	30	\n
p010/AbstractC6188.java	32	\n
p010/AbstractC6188.java	35	\n
p010/AbstractC6188.java	37	2.6.3
p010/AbstractC6188.java	38	\n
p010/AbstractC6188.java	41	TAG
p010/AbstractC6188.java	45	未知
p010/AbstractC6188.java	48	\n
p010/AbstractC6188.java	51	\n
p010/AbstractC6188.java	54	\n
p010/AbstractC6188.java	57	\n
p010/AbstractC6188.java	60	\n
p010/AbstractC6188.java	63	\n
p010/AbstractC6188.java	72	\n
p010/AbstractC6188.java	76	\n
p010/AbstractC6188.java	109	RunLog
p010/AbstractC6188.java	115	.txt
p010/AbstractC6188.java	118	\n
p010/AbstractC6188.java	121	\n
p010/AbstractC6188.java	124	\n\n
p010/AbstractC6188.java	136	E
p010/AbstractC6188.java	142	年0
p010/AbstractC6188.java	143	年0
p010/AbstractC6188.java	143	年
p010/AbstractC6188.java	145	月0
p010/AbstractC6188.java	146	月0
p010/AbstractC6188.java	146	月
p010/AbstractC6188.java	148	周
p010/AbstractC6188.java	149	周
p010/AbstractC6188.java	149	星期
p010/C6189.java	42	%02X
p010/C6189.java	165	hex->
p010/C6189.java	169	hex->
p010/RunnableC6186.java	100	window
p010/RunnableC6186.java	145	Uin
p010/RunnableC6186.java	149	Ip
p010/RunnableC6186.java	154	Lt
p010/RunnableC6186.java	197	UserUin
p010/RunnableC6186.java	204	_time
p022/AbstractC6296.java	60	show x
p022/AbstractC6296.java	61	show y
p022/AbstractC6296.java	89	show x
p022/AbstractC6296.java	90	show y
p022/AbstractC6306.java	42	/Voice/
p022/AbstractC6306.java	82	#000000
p022/AbstractC6306.java	116	删除
p022/C6300.java	42	\n
p022/C6300.java	45	\n
p022/C6300.java	48	保存
p022/C6300.java	49	思考
p022/C6304.java	22	\n
p022/C6304.java	25	\n
p022/C6305.java	34	\n
p022/C6305.java	38	\n
p022/C6305.java	42	/
p022/C6305.java	51	/
p024/AbstractC6309.java	37	:
p026/C6315.java	31	/
p030/AbstractC6322.java	15	2.6.3
p032/C6328.java	41	p0
p032/C6328.java	42	p1
p032/C6328.java	48	p0
p032/C6328.java	49	p1
p032/C6328.java	55	call
p032/C6328.java	56	t
p032/C6328.java	69	call
p032/C6328.java	76	dialog
p032/C6328.java	81	v
p032/C6328.java	83	 - 
p032/C6328.java	85	\n
p032/C6328.java	112	dialog
p032/C6328.java	118	\n
p032/C6328.java	120	\n
p032/C6328.java	122	 by 
p034/AbstractC6344.java	497	MD5
p034/AbstractC6344.java	502	0
p034/AbstractC6345.java	15	/Pic/
p034/AbstractC6347.java	368	http
p034/AbstractC6347.java	385	保存
p034/AbstractC6347.java	539	troop
p034/AbstractC6347.java	541	emojiId
p034/C6350.java	142	.bak
p034/DialogInterfaceOnClickListenerC6341.java	50	/
p034/DialogInterfaceOnClickListenerC6341.java	53	/
p035/C6353.java	51	0
p035/C6353.java	62	encText
p035/C6353.java	62	encypt
p035/C6353.java	62	hexGuid
p035/C6353.java	66	hb
p035/C6353.java	77	decypt
p035/C6353.java	79	hb
p035/C6353.java	155	main
p035/C6353.java	168	v
p035/C6353.java	169	0
p035/C6353.java	171	&msgno=
p035/C6353.java	171	&skey=
p035/C6353.java	184	hb
p036/C6354.java	25	invoke
p036/C6359.java	40	Notice
p036/C6362.java	25	invoke
p036/C6367.java	26	invoke
p037/AbstractC6370.java	56	Cookie
p037/AbstractC6370.java	58	Accept
p037/AbstractC6370.java	58	*/*
p037/AbstractC6370.java	66	http
p037/AbstractC6370.java	80	accept
p037/AbstractC6370.java	80	*/*
p037/AbstractC6370.java	97	\n
p037/AbstractC6370.java	139	Cookie
p037/AbstractC6370.java	141	Accept
p037/AbstractC6370.java	141	*/*
p037/AbstractC6370.java	149	http
p037/AbstractC6370.java	164	Accept
p037/AbstractC6370.java	164	*/*
p037/AbstractC6370.java	171	http
p037/AbstractC6370.java	188	Accept
p037/AbstractC6370.java	188	*/*
p037/AbstractC6370.java	216	http
p037/AbstractC6370.java	232	Accept
p037/AbstractC6370.java	232	*/*
p037/AbstractC6371.java	54	0
p037/AbstractC6371.java	112	0
p037/AbstractC6371.java	117	AES
p038/C6373.java	87	e
p038/C6373.java	88	l
p038/C6373.java	88	e
p038/C6373.java	184	peerUid
p038/C6373.java	222	0
p038/C6373.java	223	0
p038/C6373.java	228	Make
p038/C6373.java	229	Model
p038/C6373.java	233	Mine
p038/C6373.java	240	param
p038/C6373.java	247	QStory
p038/C6373.java	254	param
p038/C6373.java	266	param
p038/C6373.java	280	param
p038/C6375.java	32	null
p038/C6375.java	33	null
p038/C6377.java	40	f
p038/C6377.java	40	e
p038/C6377.java	40	b
p038/C6377.java	40	c
p038/C6377.java	40	e
p038/C6377.java	40	b
p038/C6377.java	40	c
p038/C6377.java	40	b
p038/C6377.java	40	a
p038/C6378.java	15	null
p038/C6378.java	18	null
p038/C6381.java	47	onStop
p038/C6382.java	20	sendMsg
p038/C6383.java	35	ok
p038/C6383.java	39	id
p038/C6383.java	64	ok
p038/C6383.java	68	id
p038/C6383.java	69	ver
p038/C6383.java	72	id
p039/C6391.java	21	sendMsg
p039/C6395.java	19	J
p039/C6395.java	27	sendMsg
p039/C6400.java	59	a
p039/C6401.java	22	可用
p039/C6408.java	48	0
p039/C6408.java	120	(
p039/C6408.java	120	)
p039/C6408.java	125	uin
p039/C6408.java	130	uin
p039/C6408.java	166	Run Log
p039/C6408.java	200	uintype
p039/C6408.java	204	(
p039/C6408.java	204	)
p039/C6408.java	228	dimen
p039/C6408.java	228	android
p039/C6408.java	318	(
p039/C6408.java	318	)
p039/C6408.java	323	uin
p039/C6408.java	328	uin
p039/C6408.java	364	Run Log
p039/C6408.java	398	uintype
p039/C6408.java	402	(
p039/C6408.java	402	)
p039/C6408.java	426	dimen
p039/C6408.java	426	android
p039/C6408.java	519	(
p039/C6408.java	519	)
p039/C6408.java	524	uin
p039/C6408.java	529	uin
p039/C6408.java	565	Run Log
p039/C6408.java	599	uintype
p039/C6408.java	603	(
p039/C6408.java	603	)
p039/C6408.java	627	dimen
p039/C6408.java	627	android
p039/C6408.java	717	(
p039/C6408.java	717	)
p039/C6408.java	722	uin
p039/C6408.java	727	uin
p039/C6408.java	763	Run Log
p039/C6408.java	797	uintype
p039/C6408.java	801	(
p039/C6408.java	801	)
p039/C6408.java	825	dimen
p039/C6408.java	825	android
p039/C6412.java	146	删除
p039/C6412.java	227	删除
p039/C6414.java	30	/Voice/
p039/C6421.java	109	setMenu
p039/C6421.java	116	setMenu
p039/C6427.java	85	删除
p039/C6427.java	131	删除
p039/C6427.java	189	删除
p039/C6428.java	16	w
p039/C6428.java	16	i
p039/C6428.java	16	d
p039/C6428.java	16	q
p039/C6428.java	20	tryInit
p039/C6430.java	26	QStory
p039/C6430.java	39	setMenu
p039/C6430.java	46	setMenu
p039/ViewOnClickListenerC6386.java	64	setMenu
p039/ViewOnClickListenerC6386.java	71	setMenu
p039/ViewOnClickListenerC6404.java	41	prefix
p039/ViewOnClickListenerC6404.java	42	suffix
p039/ViewOnClickListenerC6410.java	44	J
p039/ViewOnClickListenerC6410.java	50	sendMsg
p039/ViewOnClickListenerC6410.java	69	summary
p039/ViewOnClickListenerC6410.java	96	summary
p039/ViewOnClickListenerC6410.java	100	qwq
p039/ViewOnClickListenerC6410.java	119	//
p040/C6437.java	19	J
p040/C6437.java	28	sendMsg
p040/C6440.java	22	setMenu
p040/C6440.java	29	setMenu
p040/CallableC6441.java	30	OK
p041/C6443.java	80	onDraw
p042/AbstractC6448.java	29	listid=
p042/AbstractC6448.java	29	&name=
p042/AbstractC6448.java	29	&uin=
p042/AbstractC6448.java	32	cgiName
p042/AbstractC6448.java	32	set
p042/AbstractC6448.java	33	reqText
p042/AbstractC6448.java	33	set
p042/AbstractC6448.java	34	random
p042/AbstractC6448.java	34	set
p042/AbstractC6448.java	35	enType
p042/AbstractC6448.java	35	set
p042/AbstractC6448.java	36	data
p042/AbstractC6448.java	40	data
p042/AbstractC6448.java	43	rspText
p042/AbstractC6448.java	43	get
p042/AbstractC6448.java	44	retcode
p042/AbstractC6448.java	44	0
p042/AbstractC6448.java	71	&name=
p042/AbstractC6448.java	74	&uin=
p042/AbstractC6448.java	76	&skey=
p042/AbstractC6450.java	28	listid=
p042/AbstractC6450.java	28	&name=
p042/AbstractC6450.java	28	&uin=
p042/AbstractC6450.java	31	cgiName
p042/AbstractC6450.java	31	set
p042/AbstractC6450.java	32	reqText
p042/AbstractC6450.java	32	set
p042/AbstractC6450.java	33	random
p042/AbstractC6450.java	33	set
p042/AbstractC6450.java	34	enType
p042/AbstractC6450.java	34	set
p042/AbstractC6450.java	35	data
p042/AbstractC6450.java	39	data
p042/AbstractC6450.java	42	rspText
p042/AbstractC6450.java	42	get
p042/AbstractC6450.java	43	retcode
p042/AbstractC6450.java	43	0
p042/AbstractC6450.java	68	&name=
p042/AbstractC6450.java	71	&skey=
p042/AbstractC6450.java	73	&uin=
p043/C6453.java	56	get
p043/C6453.java	56	rspBody
p043/C6453.java	69	hb
p043/C6453.java	71	retcode
p043/C6453.java	72	hb
p043/C6453.java	80	get
p043/C6453.java	80	rspBody
p043/C6453.java	93	retcode
p043/RunnableC6452.java	61	Hb
p043/RunnableC6452.java	103	authkey
p043/RunnableC6452.java	104	hb_from
p043/RunnableC6452.java	104	0
p043/RunnableC6452.java	105	0
p043/RunnableC6452.java	106	0
p043/RunnableC6452.java	107	groupid
p043/RunnableC6452.java	108	channel
p043/RunnableC6452.java	110	listid
p043/RunnableC6452.java	111	1
p043/RunnableC6452.java	113	answer
p043/RunnableC6452.java	115	tinyid
p043/RunnableC6452.java	117	name
p043/RunnableC6452.java	118	uin
p043/RunnableC6452.java	119	msg_md5
p043/RunnableC6452.java	120	msg_seq
p043/RunnableC6452.java	121	msg_id
p043/RunnableC6452.java	127	&
p043/RunnableC6452.java	130	=
p043/RunnableC6452.java	131	UTF-8
p043/RunnableC6452.java	153	&
p043/RunnableC6452.java	159	UTF-8
p043/RunnableC6452.java	162	=
p043/RunnableC6452.java	170	cgiName
p043/RunnableC6452.java	170	set
p043/RunnableC6452.java	171	reqBody
p043/RunnableC6452.java	171	set
p043/RunnableC6452.java	172	enType
p043/RunnableC6452.java	172	set
p043/RunnableC6452.java	176	cmd
p043/RunnableC6452.java	177	data
p053/AbstractC6561.java	301	\|
p053/AbstractC6561.java	426	/
p075/C6958.java	162	确认
p075/C6961.java	92	dir
p075/C6961.java	104	.bak
p075/C6961.java	123	.
p075/C6961.java	147	uin
p075/C6961.java	152	token
p075/C6961.java	153	token
p075/C6961.java	161	context
p075/C6961.java	173	dir
p075/C6961.java	189	name
p075/C6961.java	192	tags
p075/C6961.java	206	author
p075/C6961.java	209	version
p075/C6961.java	210	cover
p075/C6961.java	226	dir
p075/C6961.java	228	config
p075/C6961.java	230	name
p075/C6961.java	231	tags
p075/C6961.java	233	author
p075/C6961.java	234	version
p075/C6961.java	235	cover
p075/C6961.java	257	user
p087/C7068.java	109	object
p087/C7068.java	111	block
p087/C7068.java	115	name
p087/C7068.java	124	block
p087/C7068.java	137	key
p144/C7547.java	140	adapter
p144/C7547.java	161	删除
p144/C7547.java	167	取消
p144/C7547.java	295	args
p144/C7547.java	303	3
p144/C7547.java	303	2
p144/C7547.java	303	7
p144/C7547.java	303	5
p144/C7547.java	303	1
p175/AbstractC7739.java	576	dohUrl
p175/AbstractC7739.java	627	MD5
p191/ThreadFactoryC7804.java	40	r
p230/C8049.java	105	default
p230/C8049.java	106	id
p230/C8049.java	353	key
p230/C8049.java	354	value
p230/C8053.java	104	call
p230/C8053.java	105	t
p230/C8053.java	113	call
p230/C8053.java	121	Run Log
p252/C8188.java	47	block
p252/C8188.java	50	text
p252/C8188.java	50	type
p252/C8188.java	51	text
p252/C8188.java	56	integer
p253/AbstractC8190.java	933	data
p253/AbstractC8190.java	935	ip
p253/AbstractC8190.java	939	-
p257/C8221.java	28	dialog
p316/C8667.java	164	/Voice
p316/C8667.java	446	Time
p316/C8667.java	448	2.6.3
p316/C8667.java	451	TAG
p316/C8667.java	458	未知
p316/C8667.java	534	(1)
p316/C8667.java	536	(
p316/C8667.java	536	(
p316/C8667.java	536	)
p316/C8667.java	536	)
p319/C8679.java	44	alarm
p319/C8681.java	50	finder
p319/C8681.java	56	finder
p319/C8683.java	43	finder
p319/C8683.java	49	finder
p320/AbstractC8684.java	32	peer
p320/AbstractC8684.java	33	cnt
p320/AbstractC8684.java	34	byType
p320/C8685.java	35	errMsg
p320/C8685.java	36	msgList
p320/C8686.java	23	errMsg
p320/C8686.java	24	msgList
p321/C8687.java	45	jpg
p321/C8687.java	45	jpeg
p321/C8687.java	45	png
p321/C8687.java	45	gif
p321/C8687.java	45	webp
p321/C8687.java	45	bmp
p321/C8687.java	49	name
p321/C8687.java	51	tags
p321/C8687.java	55	author
p321/C8687.java	57	cover
p321/C8687.java	86	, tags=
p321/C8688.java	59	/Pic
p321/C8688.java	83	key
p321/C8688.java	96	key
p321/C8688.java	97	value
p321/C8694.java	43	, name=
p321/C8694.java	43	, type=
p321/C8694.java	43	, md5=
p321/C8694.java	43	, url=
p321/C8694.java	43	, time=
p321/C8695.java	15	key
p321/C8696.java	25	false
p321/C8696.java	27	true
p321/C8698.java	134	m
p321/C8698.java	184	m
p321/C8698.java	196	setMenu
p321/C8698.java	204	setMenu
p321/C8698.java	249	context
p322/C8699.java	53	//
p322/C8701.java	33	t1_tid
p322/C8701.java	35	uin=o
p322/C8701.java	36	; skey=
p322/C8701.java	43	tid
p322/C8701.java	44	1
p322/C8701.java	45	hostuin
p322/C8701.java	46	1
p322/C8701.java	47	format
p322/C8701.java	47	fs
p322/C8701.java	48	/main
p322/C8702.java	28	QZone
p322/C8702.java	36	公开
p322/C8702.java	41	1
p322/C8702.java	41	64
p322/C8702.java	43	uin=o
p322/C8702.java	44	; skey=
p322/C8702.java	51	1
p322/C8702.java	52	1
p322/C8702.java	55	richval
p322/C8702.java	58	con
p322/C8702.java	59	1
p322/C8702.java	60	ver
p322/C8702.java	60	1
p322/C8702.java	62	to_sign
p322/C8702.java	62	0
p322/C8702.java	63	hostuin
p322/C8702.java	64	1
p322/C8702.java	65	format
p322/C8702.java	65	fs
p322/C8702.java	66	/main
p322/C8703.java	58	创建
p322/C8703.java	59	取消
p322/C8704.java	28	QZone
p322/C8704.java	40	uin=o
p322/C8704.java	44	; skey=
p322/C8704.java	51	opuin
p322/C8704.java	52	unikey
p322/C8704.java	53	curkey
p322/C8704.java	54	appid
p322/C8704.java	54	311
p322/C8704.java	55	like
p322/C8704.java	56	format
p322/C8704.java	57	ret
p322/C8704.java	63	uin=o
p322/C8704.java	67	; skey=
p322/C8704.java	74	0
p322/C8704.java	75	1
p322/C8704.java	76	format
p322/C8704.java	76	json
p322/C8704.java	78	ret
p322/C8704.java	81	data
p322/C8704.java	81	vFeeds
p322/C8704.java	86	comm
p323/AbstractC8721.java	73	保存
p323/C8707.java	122	dialog
p323/C8707.java	124	v
p323/C8707.java	172	dialog
p323/C8707.java	174	v
p323/C8707.java	261	mode
p323/C8707.java	274	mode
p323/C8707.java	458	v
p323/C8708.java	49	dialog
p323/C8708.java	72	dialog
p323/C8711.java	81	dirName
p323/C8711.java	83	dirName
p323/C8711.java	202	adapter
p323/C8711.java	212	dirName
p323/C8711.java	213	onDone
p323/C8714.java	24	row
p323/C8714.java	26	mode
p323/C8714.java	49	, mode=
p323/C8719.java	30	dialog
p323/C8719.java	32	v
p323/C8720.java	64	dialog
p323/C8720.java	66	v
p323/C8725.java	59	file
p323/C8725.java	78	name
p323/C8726.java	71	-1
p323/C8726.java	74	0
p323/C8726.java	92	.bak
p323/C8726.java	106	path
p323/C8726.java	107	name
p323/C8726.java	108	md5
p323/C8726.java	109	url
p323/C8726.java	188	dirName
p323/C8726.java	205	dirName
p323/C8727.java	24	view
p323/C8728.java	34	images
p323/C8728.java	53	parent
p323/C8728.java	63	holder
p323/C8730.java	75	md5
p323/RunnableC8712.java	59	-1
p323/RunnableC8712.java	65	0
p323/RunnableC8712.java	87	-1
p323/RunnableC8712.java	93	0
p323/ViewOnClickListenerC8729.java	157	dirName
p323/ViewOnClickListenerC8729.java	173	取消
p324/C8732.java	16	name
p324/C8733.java	15	action
p324/C8736.java	34	outRect
p324/C8736.java	36	view
p324/C8736.java	38	parent
p324/C8736.java	39	state
p324/C8737.java	43	dirList
p324/C8737.java	192	list
p324/C8737.java	210	holder
p324/C8737.java	226	context
p324/C8737.java	227	parent
p324/C8737.java	236	holder
p324/C8739.java	26	context
p324/C8739.java	27	parent
p324/C8739.java	39	holder
p326/C8742.java	35	bArr
p326/C8743.java	34	authKey
p326/C8745.java	53	authKey
p327/C8747.java	120	onPause
p327/C8748.java	64	onPause
p327/C8750.java	66	onPause
p327/C8752.java	66	onPause
p328/C8753.java	26	loader
p328/C8754.java	29	QStory
p328/C8754.java	49	list
p328/C8755.java	107	.zip
p328/C8755.java	154	 B
p328/C8755.java	157	%.1f KB
p328/C8755.java	161	%.2f MB
p328/C8755.java	202	.zip
p328/C8755.java	229	user
p328/C8755.java	236	user
p329/AbstractC8757.java	19	path
p329/AbstractC8757.java	19	path
p329/AbstractC8757.java	19	path
p329/AbstractC8757.java	19	text
p329/AbstractC8757.java	19	path
p329/AbstractC8757.java	19	text
p329/AbstractC8757.java	19	path
p329/AbstractC8757.java	19	text
p329/AbstractC8757.java	19	path
p329/AbstractC8757.java	19	text
p329/AbstractC8757.java	19	path
p329/AbstractC8757.java	19	path
p329/AbstractC8757.java	19	path
p329/AbstractC8757.java	19	path
p329/AbstractC8757.java	19	path
p329/AbstractC8757.java	19	path
p329/AbstractC8757.java	19	path
p329/AbstractC8757.java	19	path
p329/AbstractC8757.java	19	uin
p329/AbstractC8757.java	19	uin
p329/AbstractC8757.java	19	count
p329/AbstractC8762.java	22	uin
p329/AbstractC8762.java	22	uin
p329/AbstractC8762.java	27	domain
p329/AbstractC8762.java	27	域名
p329/AbstractC8762.java	27	domain
p329/AbstractC8762.java	28	domain
p329/AbstractC8762.java	28	域名
p329/AbstractC8762.java	28	domain
p329/AbstractC8762.java	29	get_bkn
p329/AbstractC8762.java	29	pskey
p329/AbstractC8762.java	29	pskey
p329/AbstractC8762.java	31	get_gtk
p329/AbstractC8762.java	31	domain
p329/AbstractC8762.java	31	域名
p329/AbstractC8762.java	31	domain
p329/AbstractC8762.java	32	key
p329/AbstractC8762.java	32	key
p329/AbstractC8762.java	33	value
p329/AbstractC8762.java	33	value
p329/AbstractC8762.java	35	value
p329/AbstractC8762.java	35	value
p329/AbstractC8762.java	36	get_int
p329/AbstractC8762.java	37	put_int
p329/AbstractC8762.java	37	value
p329/AbstractC8762.java	37	value
p329/AbstractC8762.java	39	value
p329/AbstractC8762.java	39	value
p329/AbstractC8762.java	41	value
p329/AbstractC8762.java	41	value
p329/AbstractC8762.java	43	value
p329/AbstractC8762.java	43	value
p329/AbstractC8762.java	48	id
p329/AbstractC8762.java	49	title
p329/AbstractC8762.java	51	action
p329/AbstractC8765.java	47	<this>
p329/AbstractC8765.java	49	name
p329/AbstractC8765.java	60	<this>
p329/AbstractC8765.java	62	name
p329/AbstractC8765.java	86	<this>
p329/AbstractC8765.java	88	name
p329/AbstractC8765.java	104	<this>
p329/AbstractC8765.java	106	name
p329/AbstractC8765.java	116	<this>
p329/AbstractC8765.java	118	name
p329/AbstractC8765.java	139	<this>
p329/AbstractC8765.java	162	<this>
p329/AbstractC8765.java	164	name
p329/AbstractC8765.java	179	<this>
p329/AbstractC8765.java	181	name
p329/AbstractC8765.java	199	<this>
p329/AbstractC8765.java	274	block
p329/AbstractC8765.java	282	block
p329/AbstractC8767.java	15	content
p329/AbstractC8767.java	15	path
p329/AbstractC8767.java	15	path
p329/AbstractC8767.java	15	uin
p329/AbstractC8767.java	15	uin
p329/AbstractC8767.java	15	cmd
p329/AbstractC8767.java	15	cmd
p329/AbstractC8767.java	15	path
p329/AbstractC8767.java	15	path
p329/AbstractC8767.java	15	count
p329/AbstractC8768.java	14	url
p329/AbstractC8768.java	14	headers
p329/AbstractC8768.java	14	url
p329/AbstractC8768.java	14	url
p329/AbstractC8768.java	14	data
p329/AbstractC8768.java	14	headers
p329/AbstractC8768.java	14	url
p329/AbstractC8768.java	14	data
p329/AbstractC8768.java	14	url
p329/AbstractC8768.java	14	headers
p329/AbstractC8768.java	14	url
p329/AbstractC8768.java	14	url
p329/AbstractC8768.java	14	path
p329/AbstractC8768.java	14	headers
p329/AbstractC8768.java	14	url
p329/AbstractC8768.java	14	path
p329/AbstractC8773.java	19	群号
p329/AbstractC8773.java	19	群号
p329/AbstractC8773.java	19	uin
p329/AbstractC8773.java	19	uin
p329/AbstractC8773.java	19	群号
p329/AbstractC8773.java	19	uin
p329/AbstractC8773.java	19	uin
p329/AbstractC8773.java	19	群号
p329/AbstractC8773.java	19	群号
p329/AbstractC8773.java	19	群号
p329/AbstractC8773.java	19	title
p329/AbstractC8773.java	19	头衔
p329/AbstractC8773.java	19	title
p329/AbstractC8773.java	19	群号
p329/AbstractC8773.java	19	time
p329/AbstractC8773.java	19	time
p329/AbstractC8773.java	19	kick
p329/AbstractC8773.java	19	群号
p329/C8759.java	35	args
p329/C8759.java	39	args
p329/C8759.java	41	key
p329/C8760.java	38	name
p329/C8760.java	39	boolean
p329/C8760.java	39	type
p329/C8760.java	45	name
p329/C8760.java	46	integer
p329/C8760.java	46	type
p329/C8760.java	52	name
p329/C8760.java	53	number
p329/C8760.java	53	type
p329/C8760.java	59	name
p329/C8760.java	60	object
p329/C8760.java	60	type
p329/C8760.java	66	name
p329/C8760.java	67	string
p329/C8760.java	67	type
p329/C8763.java	32	id
p329/C8763.java	33	title
p329/C8763.java	36	block
p329/C8764.java	49	block
p329/C8766.java	16	key
p329/C8770.java	41	args
p329/C8770.java	43	count
p329/C8770.java	49	cmd
p329/C8770.java	60	uin
p329/C8770.java	65	args
p329/C8770.java	67	url
p329/C8770.java	68	data
p329/C8770.java	69	<this>
p329/C8770.java	70	name
p329/C8770.java	76	headers
p329/C8770.java	84	args
p329/C8770.java	86	url
p329/C8770.java	87	path
p329/C8770.java	88	headers
p329/C8770.java	98	args
p329/C8770.java	100	url
p329/C8770.java	101	headers
p329/C8770.java	108	args
p329/C8770.java	110	url
p329/C8770.java	112	headers
p329/C8771.java	52	block
p329/C8771.java	55	QQ号
p329/C8771.java	56	昵称
p329/C8772.java	105	friend
p329/C8772.java	106	friend
p329/C8772.java	107	group
p329/C8772.java	108	group
p329/C8772.java	117	group
p329/C8772.java	118	peerUid
p329/C8772.java	122	peerUid
p329/C8772.java	152	Timeout
p329/C8772.java	166	 err=
p329/C8772.java	167	block
p329/C8772.java	174	block
p329/C8774.java	17	values
p329/C8775.java	48	block
p329/C8776.java	48	block
p330/C8777.java	81	v
p330/C8777.java	160	it
p330/C8777.java	178	it
p330/C8777.java	206	it
p330/C8777.java	224	it
p330/C8777.java	267	dialog
p330/C8777.java	269	v
p330/C8777.java	284	troops
p331/C8781.java	33	onClick
p331/C8781.java	35	onClick
p331/C8782.java	26	param
p331/C8784.java	82	path
p331/C8784.java	144	qstory
p331/C8784.java	150	/Cache
p331/C8784.java	151	/Log
p331/C8784.java	168	doStep
p331/C8784.java	176	doStep
p331/C8784.java	192	start
p332/C8785.java	19	0
p332/C8785.java	23	未知
p332/C8785.java	31	未知
p336/C8790.java	15	e
p336/C8790.java	17	f
p336/C8791.java	111	list
p336/C8791.java	121	list
p336/C8802.java	63	peerUid
p336/C8802.java	69	authkey
p336/C8802.java	70	billNo
p336/C8802.java	72	notice
p336/C8802.java	89	 
p336/C8802.java	92	|
p336/C8802.java	95	\|
p336/C8802.java	105	(
p336/C8802.java	105	)\n
p336/C8802.java	105	(
p336/C8802.java	105	)
p336/RunnableC8801.java	49	delay
p336/RunnableC8801.java	68	hb
p338/C8807.java	76	authkey
p338/C8807.java	77	hb_from
p338/C8807.java	77	0
p338/C8807.java	78	0
p338/C8807.java	79	0
p338/C8807.java	80	groupid
p338/C8807.java	81	channel
p338/C8807.java	84	listid
p338/C8807.java	85	1
p338/C8807.java	87	answer
p338/C8807.java	89	tinyid
p338/C8807.java	91	name
p338/C8807.java	92	uin
p338/C8807.java	93	msg_md5
p338/C8807.java	94	msg_seq
p338/C8807.java	95	msg_id
p338/C8807.java	101	&
p338/C8807.java	104	=
p338/C8807.java	136	&
p338/C8807.java	139	=
p338/C8807.java	140	UTF-8
p338/C8807.java	146	cgiName
p338/C8807.java	146	set
p338/C8807.java	147	reqBody
p338/C8807.java	147	set
p338/C8807.java	150	cmd
p338/C8807.java	151	data
p338/C8807.java	152	timeout
p338/C8807.java	163	cgiName
p338/C8807.java	163	set
p338/C8807.java	164	reqBody
p338/C8807.java	164	set
p338/C8807.java	167	cmd
p338/C8807.java	168	data
p338/C8807.java	169	timeout
p339/C8808.java	49	uin
p339/C8808.java	52	nick
p339/C8808.java	55	remark
p339/C8808.java	58	age
p339/C8808.java	64	sex
p339/C8808.java	103	uid
p339/C8808.java	177	uin
p342/C8817.java	71	context
p342/C8817.java	72	parent
p342/C8817.java	136	holder
p342/C8817.java	141	/640/
p345/C8834.java	81	8.8.8.8
p345/C8834.java	81	8.8.4.4
p345/C8834.java	81	1.1.1.1
p345/C8834.java	81	1.0.0.1
p346/AbstractC8838.java	33	_time
p346/AbstractC8838.java	48	_time
p346/AbstractC8838.java	53	_time
p346/C8836.java	63	_time
p346/C8836.java	63	0
p346/C8836.java	116	uin
p346/C8836.java	206	group
p346/C8836.java	208	uin
p347/C8840.java	18	dnsList
p349/C8847.java	32	msgSeq
p349/C8847.java	34	emojiId
p349/C8847.java	36	type
p349/C8847.java	38	p6
p349/C8847.java	40	p7
p349/C8847.java	54	decoder
p349/C8847.java	113	encoder
p349/C8847.java	114	value
p349/C8850.java	30	command
p349/C8850.java	34	result
p349/C8850.java	51	decoder
p349/C8850.java	99	encoder
p349/C8850.java	100	value
p349/C8851.java	67	number
p349/C8851.java	71	number
p349/C8851.java	75	number
p349/C8851.java	79	number
p349/C8852.java	71	, type=
p349/C8852.java	73	, p6=
p349/C8852.java	75	, p7=
p349/C8852.java	80	emojiId
p350/C8855.java	19	key
p350/C8855.java	20	info
p350/C8855.java	46	, info=
p350/C8856.java	19	key
p350/C8856.java	20	info
p350/C8856.java	46	, info=
p350/C8857.java	19	key
p350/C8857.java	20	info
p350/C8857.java	46	, info=
p350/C8858.java	19	key
p350/C8858.java	20	info
p350/C8858.java	46	, info=
p350/C8859.java	32	2.6.3
p350/C8859.java	36	QQ:
p350/C8859.java	48	keyword
p351/AbstractC8861.java	49	content
p352/AbstractC8865.java	35	gps
p352/AbstractC8865.java	35	network
p352/AbstractC8865.java	82	gps
p352/AbstractC8865.java	84	gps
p352/AbstractC8865.java	91	network
p352/AbstractC8865.java	93	network
p352/AbstractC8870.java	33	CHECK_
p352/AbstractC8870.java	34	CHECK_
p352/C8864.java	58	OcrUtil
p352/C8864.java	63	OcrUtil
p352/C8864.java	116	OcrUtil
p352/C8864.java	121	OcrUtil
p352/C8864.java	149	ocr
p352/C8864.java	208	close
p352/RunnableC8867.java	71	friends
p352/RunnableC8867.java	110	Run Log
p352/RunnableC8868.java	69	gps
p352/RunnableC8868.java	69	network
p352/RunnableC8868.java	79	<this>
p352/RunnableC8868.java	80	error: 
p352/RunnableC8868.java	91	<this>
p352/RunnableC8868.java	92	error: 
p352/RunnableC8868.java	151	成功 
p352/RunnableC8868.java	151	 个
p352/RunnableC8868.java	153	 个
p352/RunnableC8868.java	166	成功 
p352/RunnableC8868.java	166	 个
p352/RunnableC8868.java	168	 个
p352/RunnableC8868.java	196	关闭
p352/RunnableC8868.java	222	成功 
p352/RunnableC8868.java	222	 个
p352/RunnableC8868.java	224	 个
p352/RunnableC8868.java	237	成功 
p352/RunnableC8868.java	237	 个
p352/RunnableC8868.java	239	 个
p353/C8871.java	24	list
p353/C8871.java	45	parent
p354/C8876.java	16	friend
p354/C8877.java	73	uin
p354/C8877.java	77	remark
p354/C8877.java	107	分组 
p354/C8878.java	49	holder
p354/C8878.java	90	holder
p354/C8878.java	98	remark
p354/C8878.java	103	remark
p354/C8878.java	108	  QQ: 
p354/C8878.java	111	QQ: 
p354/C8878.java	128	context
p354/C8878.java	129	parent
p354/C8878.java	134	context
p354/C8878.java	135	parent
p354/C8880.java	20	troop
p354/C8885.java	49	holder
p354/C8885.java	118	holder
p354/C8885.java	146	/640/
p354/C8885.java	158	context
p354/C8885.java	159	parent
p354/C8885.java	164	context
p354/C8885.java	165	parent
p354/C8886.java	102	其他
p354/C8888.java	40	data
p354/C8888.java	65	context
p354/C8888.java	66	parent
p354/C8888.java	75	holder
p355/C8891.java	46	dialog
p355/C8891.java	48	v
p355/C8891.java	63	friends
p355/C8898.java	44	确定
p355/C8898.java	50	uinList
p355/C8898.java	53	uinList
p384/C9004.java	30	text
p384/C9004.java	42	decoder
p384/C9004.java	74	encoder
p384/C9004.java	75	value
p384/C9006.java	42	decoder
p384/C9006.java	74	encoder
p384/C9006.java	75	value
p384/C9011.java	29	textMsg
p384/C9011.java	43	decoder
p384/C9011.java	79	encoder
p384/C9011.java	80	value
p384/C9012.java	62	msgInfo
p384/C9014.java	45	decoder
p384/C9014.java	78	encoder
p384/C9014.java	79	value
p384/C9015.java	58	, info=
p384/C9015.java	65	info
p384/C9017.java	43	info
p384/C9020.java	36	msgTime
p384/C9020.java	40	msgSeq
p384/C9020.java	54	decoder
p384/C9020.java	102	encoder
p384/C9020.java	103	value
p384/C9023.java	32	msgSeq
p384/C9023.java	34	msgTime
p384/C9023.java	48	decoder
p384/C9023.java	88	encoder
p384/C9023.java	89	value
p384/C9025.java	32	msgInfo
p384/C9025.java	44	decoder
p384/C9025.java	80	encoder
p384/C9025.java	81	value
p384/C9027.java	30	peerId
p384/C9027.java	32	info
p384/C9027.java	34	msgSeq
p384/C9027.java	46	decoder
p384/C9027.java	86	encoder
p384/C9027.java	87	value
p384/C9030.java	31	msgSeq
p384/C9030.java	43	decoder
p384/C9030.java	83	encoder
p384/C9030.java	84	value
p384/C9031.java	55	peerUid
p384/C9033.java	29	peerUid
p384/C9033.java	30	msgSeq
p384/C9033.java	41	decoder
p384/C9033.java	77	encoder
p384/C9033.java	78	value
p384/C9036.java	31	richMsg
p384/C9036.java	45	decoder
p384/C9036.java	81	encoder
p384/C9036.java	82	value
p384/C9037.java	28	info
p384/C9037.java	40	decoder
p384/C9037.java	72	encoder
p384/C9037.java	73	value
p384/C9038.java	45	decoder
p384/C9038.java	85	encoder
p384/C9038.java	86	value
p384/C9041.java	36	subHead
p384/C9041.java	52	decoder
p384/C9041.java	97	encoder
p384/C9041.java	98	value
p384/C9044.java	41	decoder
p384/C9044.java	73	encoder
p384/C9044.java	74	value
p384/C9046.java	39	decoder
p384/C9046.java	71	encoder
p384/C9046.java	72	value
p384/C9047.java	22	number
p384/C9048.java	31	type
p384/C9048.java	33	pushId
p384/C9048.java	56	decoder
p384/C9048.java	104	encoder
p384/C9048.java	105	value
p384/C9054.java	32	peerId
p384/C9054.java	48	decoder
p384/C9054.java	88	encoder
p384/C9054.java	89	value
p384/C9056.java	55	decoder
p384/C9056.java	103	encoder
p384/C9056.java	104	value
p384/C9062.java	30	msgType
p384/C9062.java	34	subSeq
p384/C9062.java	36	msgSeq
p384/C9062.java	38	msgTime
p384/C9062.java	51	decoder
p384/C9062.java	99	encoder
p384/C9062.java	100	value
top/yukonga/miuix/kmp/utils/C6057.java	136	content
top/yukonga/miuix/kmp/utils/C6057.java	145	备注
top/yukonga/miuix/kmp/utils/C6057.java	146	昵称
top/yukonga/miuix/kmp/utils/C6057.java	147	会员
top/yukonga/miuix/kmp/utils/C6057.java	154	群名
top/yukonga/miuix/kmp/utils/C6057.java	155	群主
top/yukonga/miuix/kmp/utils/C6057.java	157	block
top/yukonga/miuix/kmp/utils/C6057.java	172	备注
top/yukonga/miuix/kmp/utils/C6057.java	173	昵称
top/yukonga/miuix/kmp/utils/C6057.java	174	性别
top/yukonga/miuix/kmp/utils/C6057.java	175	年龄
top/yukonga/miuix/kmp/utils/C6057.java	180	holder
top/suzhelan/qstory/FixApplication.java	20	/config
top/suzhelan/qstory/FixApplication.java	21	path
top/suzhelan/qstory/entity/Notice.java	24	content
top/suzhelan/qstory/entity/Notice.java	30	title
top/suzhelan/qstory/entity/Notice.java	86	content
top/suzhelan/qstory/entity/Notice.java	92	title
top/suzhelan/qstory/entity/UpdateInfo.java	27	time
top/suzhelan/qstory/entity/UpdateInfo.java	109	time
top/suzhelan/qstory/entity/UpdateInfo.java	166	, id=
top/suzhelan/qstory/entity/UpdateInfo.java	168	, time=
top/suzhelan/qstory/hook/InjectHook.java	131	init
top/suzhelan/qstory/loader/CoreLoader.java	48	{}
top/suzhelan/qstory/ui/activity/C5961.java	114	context
top/suzhelan/qstory/ui/activity/C5961.java	132	root
top/suzhelan/qstory/ui/activity/C5961.java	137	root
top/suzhelan/qstory/ui/activity/C5961.java	269	QStory
top/suzhelan/qstory/ui/activity/C5961.java	386	QStory
top/suzhelan/qstory/ui/activity/NewMainActivity.java	22	qstory
top/suzhelan/qstory/ui/activity/SettingActivity.java	92	提示
top/suzhelan/qstory/ui/activity/SettingActivityKt$SettingRoute$1$2$1$5$2$1.java	23	p0
top/suzhelan/qstory/ui/activity/SettingActivityKt$SettingRoute$1$2$1$5$3$1.java	30	p0
top/suzhelan/qstory/ui/activity/SettingActivityKt$SettingRoute$1$2$1$5$4$1.java	24	p0
top/suzhelan/qstory/ui/activity/SettingActivityKt$SettingRoute$1$2$1$5$4$1.java	26	p1
top/suzhelan/qstory/ui/activity/SettingActivityKt$SettingRoute$1$2$1$5$5$1.java	21	p0
top/suzhelan/qstory/ui/activity/SettingActivityKt$SettingRoute$1$2$1$5$5$1.java	23	p1
top/suzhelan/qstory/ui/activity/SettingActivityKt$SettingRoute$1$2$3$1.java	19	p0
top/suzhelan/qstory/ui/activity/SettingActivityKt$SettingRoute$1$2$5$1.java	19	p0
top/suzhelan/qstory/ui/activity/SettingActivityKt$SettingRoute$1$2$5$1.java	23	keyword
top/suzhelan/qstory/ui/activity/SettingActivityKt$SettingRoute$1$2$6$1.java	30	history
top/suzhelan/qstory/ui/activity/SettingActivityKt$SettingRoute$1$2$7$1.java	31	p0
top/suzhelan/qstory/ui/activity/SettingActivityKt$SettingRoute$1$2$7$1.java	35	result
top/suzhelan/qstory/ui/components/AbstractC5969.java	697	功能
top/suzhelan/qstory/ui/components/AbstractC5969.java	699	目录
top/suzhelan/qstory/ui/components/AbstractC5969.java	705	分组
top/suzhelan/qstory/ui/components/AbstractC5969.java	869	uin
top/suzhelan/qstory/ui/components/AbstractC5969.java	895	QQ: 
top/suzhelan/qstory/ui/components/AbstractC5969.java	973	listKey
top/suzhelan/qstory/ui/components/AbstractC5969.java	977	entries
top/suzhelan/qstory/ui/components/AbstractC5969.java	1182	keyword
top/suzhelan/qstory/ui/components/AbstractC5969.java	1184	history
top/suzhelan/qstory/ui/components/AbstractC5969.java	1186	results
top/suzhelan/qstory/ui/components/AbstractC5969.java	1286	title
top/suzhelan/qstory/ui/components/C5970.java	57	提示
top/suzhelan/qstory/ui/viewmodel/SettingPageTransitionDirection.java	17	Forward
top/suzhelan/qstory/ui/views/CustomChipGroup.java	17	context
top/suzhelan/qstory/ui/views/CustomChipGroup.java	19	attrs
top/suzhelan/qstory/ui/views/CustomMaterialCheckBox.java	81	context
top/suzhelan/qstory/ui/views/CustomMaterialCheckBox.java	83	context
top/suzhelan/qstory/ui/views/CustomMaterialCheckBox.java	133	canvas
top/suzhelan/qstory/ui/views/CustomMaterialSwitch.java	78	context
top/suzhelan/qstory/ui/views/CustomMaterialSwitch.java	80	context
top/suzhelan/qstory/ui/views/CustomMaterialSwitch.java	124	canvas
top/suzhelan/qstory/ui/views/CustomRecycleView.java	25	context
top/suzhelan/qstory/ui/views/CustomRecycleView.java	27	attrs
top/suzhelan/qstory/ui/views/CustomRecycleView.java	34	ev
top/suzhelan/qstory/ui/views/CustomRecycleView.java	42	Run Log
top/suzhelan/qstory/ui/views/CustomRecycleView.java	48	Run Log
top/suzhelan/qstory/ui/views/CustomShadowLayout.java	17	context
top/suzhelan/qstory/ui/views/CustomShadowLayout.java	19	attrs
top/suzhelan/qstory/hook/api/C5812.java	117	param
top/suzhelan/qstory/hook/api/C5812.java	139	param
top/suzhelan/qstory/hook/api/C5812.java	148	param
top/suzhelan/qstory/hook/api/C5812.java	166	param
top/suzhelan/qstory/hook/api/C5812.java	186	0
top/suzhelan/qstory/hook/api/C5812.java	216	param
top/suzhelan/qstory/hook/api/C5812.java	230	param
top/suzhelan/qstory/hook/api/C5812.java	251	size
top/suzhelan/qstory/hook/api/C5812.java	356	param
top/suzhelan/qstory/hook/api/C5812.java	364	param
top/suzhelan/qstory/hook/api/C5812.java	483	param
top/suzhelan/qstory/hook/api/C5812.java	501	param
top/suzhelan/qstory/hook/api/C5812.java	508	param
top/suzhelan/qstory/hook/api/C5812.java	516	param
top/suzhelan/qstory/hook/api/C5812.java	529	url
top/suzhelan/qstory/hook/api/C5812.java	535	://
top/suzhelan/qstory/hook/api/C5812.java	536	://
top/suzhelan/qstory/hook/api/C5812.java	553	/
top/suzhelan/qstory/hook/api/C5812.java	554	/
top/suzhelan/qstory/hook/api/C5812.java	560	qq.com
top/suzhelan/qstory/hook/api/C5812.java	561	http://
top/suzhelan/qstory/hook/api/C5812.java	562	http://
top/suzhelan/qstory/hook/api/C5812.java	580	param
top/suzhelan/qstory/hook/api/C5812.java	595	param
top/suzhelan/qstory/hook/api/C5812.java	607	o
top/suzhelan/qstory/hook/api/C5812.java	615	o
top/suzhelan/qstory/hook/api/C5812.java	615	m
top/suzhelan/qstory/hook/api/C5812.java	630	param
top/suzhelan/qstory/hook/api/C5812.java	634	args
top/suzhelan/qstory/hook/api/C5812.java	649	param
top/suzhelan/qstory/hook/api/C5812.java	656	param
top/suzhelan/qstory/hook/api/C5812.java	666	f
top/suzhelan/qstory/hook/api/C5812.java	667	k
top/suzhelan/qstory/hook/api/C5812.java	685	param
top/suzhelan/qstory/hook/api/C5812.java	701	param
top/suzhelan/qstory/hook/api/C5812.java	708	param
top/suzhelan/qstory/hook/api/C5812.java	721	1
top/suzhelan/qstory/hook/api/C5812.java	721	2
top/suzhelan/qstory/hook/api/C5812.java	721	1
top/suzhelan/qstory/hook/api/C5812.java	722	1
top/suzhelan/qstory/hook/api/C5812.java	722	3
top/suzhelan/qstory/hook/api/C5812.java	723	2
top/suzhelan/qstory/hook/api/C5812.java	724	2
top/suzhelan/qstory/hook/api/C5812.java	725	3
top/suzhelan/qstory/hook/api/C5812.java	725	5
top/suzhelan/qstory/hook/api/C5812.java	726	4
top/suzhelan/qstory/hook/api/C5812.java	728	3
top/suzhelan/qstory/hook/api/C5812.java	728	5
top/suzhelan/qstory/hook/api/C5812.java	728	1
top/suzhelan/qstory/hook/api/C5812.java	736	param
top/suzhelan/qstory/hook/api/C5813.java	80	ok
top/suzhelan/qstory/hook/api/C5813.java	84	id
top/suzhelan/qstory/hook/api/C5813.java	125	ok
top/suzhelan/qstory/hook/api/C5813.java	129	id
top/suzhelan/qstory/hook/api/C5813.java	130	ver
top/suzhelan/qstory/hook/api/C5813.java	133	id
top/suzhelan/qstory/hook/api/C5814.java	34	param
top/suzhelan/qstory/hook/api/C5817.java	99	param
top/suzhelan/qstory/hook/api/C5817.java	110	msgId
top/suzhelan/qstory/hook/api/C5817.java	180	param
top/suzhelan/qstory/hook/api/C5817.java	191	msgId
top/suzhelan/qstory/hook/api/C5817.java	297	param
top/suzhelan/qstory/hook/api/C5817.java	308	msgId
top/suzhelan/qstory/hook/api/C5817.java	378	param
top/suzhelan/qstory/hook/api/C5817.java	389	msgId
top/suzhelan/qstory/hook/api/C5819.java	25	param
top/suzhelan/qstory/hook/item/C5876.java	18	loader
top/suzhelan/qstory/hook/item/C5876.java	22	h
top/suzhelan/qstory/hook/item/C5877.java	69	query
top/suzhelan/qstory/hook/item/C5877.java	82	query
top/suzhelan/qstory/hook/item/C5878.java	56	msgId
top/suzhelan/qstory/hook/item/C5878.java	65	msgId
top/suzhelan/qstory/hook/item/C5878.java	94	msgId
top/suzhelan/qstory/hook/item/C5878.java	103	msgId
top/suzhelan/qstory/hook/item/C5879.java	61	msgId
top/suzhelan/qstory/hook/item/C5879.java	70	闪照
top/suzhelan/qstory/hook/item/C5879.java	100	peerUid
top/suzhelan/qstory/hook/item/C5879.java	101	msgSeq
top/suzhelan/qstory/hook/item/C5879.java	108	msgTime
top/suzhelan/qstory/hook/item/C5879.java	124	被
top/suzhelan/qstory/hook/item/C5879.java	127	(
top/suzhelan/qstory/hook/item/C5879.java	129	)
top/suzhelan/qstory/hook/item/C5879.java	170	size
top/suzhelan/qstory/hook/item/C5879.java	205	msgTime
top/suzhelan/qstory/hook/item/C5881.java	24	loader
top/suzhelan/qstory/hook/item/C5882.java	39	.
top/suzhelan/qstory/hook/item/C5882.java	43	.apk
top/suzhelan/qstory/hook/item/C5882.java	74	%n
top/suzhelan/qstory/hook/item/C5882.java	75	%p
top/suzhelan/qstory/hook/item/C5882.java	80	%v
top/suzhelan/qstory/hook/item/C5882.java	85	%c
top/suzhelan/qstory/hook/item/C5882.java	126	finder
top/suzhelan/qstory/hook/item/C5882.java	133	finder
top/suzhelan/qstory/hook/item/C5885.java	17	loader
top/suzhelan/qstory/hook/item/C5887.java	29	默认
top/suzhelan/qstory/hook/item/C5887.java	29	最小
top/suzhelan/qstory/hook/item/C5887.java	29	略小
top/suzhelan/qstory/hook/item/C5887.java	29	略大
top/suzhelan/qstory/hook/item/C5887.java	29	最大
top/suzhelan/qstory/hook/item/C5887.java	39	loader
top/suzhelan/qstory/hook/item/C5887.java	90	sendMsg
top/suzhelan/qstory/hook/item/C5887.java	125	默认
top/suzhelan/qstory/hook/item/C5888.java	25	param
top/suzhelan/qstory/hook/item/C5889.java	27	run
top/suzhelan/qstory/hook/item/C5889.java	63	report
top/suzhelan/qstory/hook/item/C5890.java	52	loader
top/suzhelan/qstory/hook/item/C5891.java	50	pid
top/suzhelan/qstory/hook/item/C5891.java	119	wording
top/suzhelan/qstory/hook/item/C5891.java	120	title
top/suzhelan/qstory/hook/item/C5891.java	122	wording
top/suzhelan/qstory/hook/item/C5891.java	123	title
top/suzhelan/qstory/hook/item/C5891.java	123	弹窗
top/suzhelan/qstory/hook/item/C5892.java	26	param
top/suzhelan/qstory/hook/item/C5893.java	19	loader
top/suzhelan/qstory/hook/item/C5893.java	21	a
top/suzhelan/qstory/hook/item/C5893.java	33	finder
top/suzhelan/qstory/hook/item/C5894.java	17	loader
top/suzhelan/qstory/hook/item/C5895.java	17	loader
top/suzhelan/qstory/hook/item/C5896.java	28	param
top/suzhelan/qstory/hook/item/C5896.java	32	args
top/suzhelan/qstory/hook/item/C5896.java	38	state
top/suzhelan/qstory/hook/item/C5896.java	51	param
top/suzhelan/qstory/hook/item/C5896.java	58	param
top/suzhelan/qstory/hook/item/C5898.java	22	loader
top/suzhelan/qstory/hook/item/C5899.java	21	loader
top/suzhelan/qstory/hook/item/C5900.java	92	finder
top/suzhelan/qstory/hook/item/C5900.java	98	finder
top/suzhelan/qstory/hook/item/C5901.java	17	loader
top/suzhelan/qstory/hook/item/C5902.java	291	finder
top/suzhelan/qstory/hook/item/C5902.java	297	finder
top/suzhelan/qstory/hook/item/C5902.java	313	oom
top/suzhelan/qstory/hook/item/C5905.java	22	loader
top/suzhelan/qstory/hook/item/C5905.java	29	onTick
top/suzhelan/qstory/hook/item/C5906.java	36	loader
top/suzhelan/qstory/hook/item/C5906.java	42	getView
top/suzhelan/qstory/hook/item/C5906.java	61	finder
top/suzhelan/qstory/hook/item/C5906.java	65	<set-?>
top/suzhelan/qstory/hook/item/C5906.java	72	finder
top/suzhelan/qstory/hook/item/C5907.java	19	loader
top/suzhelan/qstory/hook/item/C5908.java	19	相机
top/suzhelan/qstory/hook/item/C5908.java	19	语音
top/suzhelan/qstory/hook/item/C5913.java	108	peerUid
top/suzhelan/qstory/hook/item/C5913.java	110	msgId
top/suzhelan/qstory/hook/item/C5913.java	124	/0
top/suzhelan/qstory/hook/item/C5913.java	146	url
top/suzhelan/qstory/hook/item/C5913.java	148	龙图
top/suzhelan/qstory/hook/item/C5913.java	150	龙梗
top/suzhelan/qstory/hook/item/C5913.java	155	龙图
top/suzhelan/qstory/hook/item/C5913.java	160	result
top/suzhelan/qstory/hook/item/C5913.java	162	:
top/suzhelan/qstory/hook/item/C5913.java	201	url
top/suzhelan/qstory/hook/item/C5913.java	204	柴郡
top/suzhelan/qstory/hook/item/C5913.java	205	猫猫
top/suzhelan/qstory/hook/item/C5913.java	213	result
top/suzhelan/qstory/hook/item/C5913.java	215	:
top/suzhelan/qstory/hook/item/C5913.java	267	url
top/suzhelan/qstory/hook/item/C5913.java	269	龙图
top/suzhelan/qstory/hook/item/C5913.java	271	龙梗
top/suzhelan/qstory/hook/item/C5913.java	276	龙图
top/suzhelan/qstory/hook/item/C5913.java	281	result
top/suzhelan/qstory/hook/item/C5913.java	283	:
top/suzhelan/qstory/hook/item/C5913.java	322	url
top/suzhelan/qstory/hook/item/C5913.java	325	柴郡
top/suzhelan/qstory/hook/item/C5913.java	326	猫猫
top/suzhelan/qstory/hook/item/C5913.java	334	result
top/suzhelan/qstory/hook/item/C5913.java	336	:
top/suzhelan/qstory/hook/item/C5913.java	383	peerUid
top/suzhelan/qstory/hook/item/C5913.java	385	msgId
top/suzhelan/qstory/hook/item/C5913.java	399	/0
top/suzhelan/qstory/hook/item/C5913.java	434	url
top/suzhelan/qstory/hook/item/C5913.java	436	龙图
top/suzhelan/qstory/hook/item/C5913.java	438	龙梗
top/suzhelan/qstory/hook/item/C5913.java	443	龙图
top/suzhelan/qstory/hook/item/C5913.java	448	result
top/suzhelan/qstory/hook/item/C5915.java	41	param
top/suzhelan/qstory/hook/item/C5915.java	58	param
top/suzhelan/qstory/hook/item/C5915.java	63	param
top/suzhelan/qstory/hook/item/C5915.java	67	valueOf
top/suzhelan/qstory/hook/item/C5915.java	71	TABLET
top/suzhelan/qstory/hook/item/C5915.java	74	param
top/suzhelan/qstory/hook/item/C5915.java	96	param
top/suzhelan/qstory/hook/item/C5915.java	99	args
top/suzhelan/qstory/hook/item/C5915.java	104	iResult
top/suzhelan/qstory/hook/item/C5915.java	106	iResult
top/suzhelan/qstory/hook/item/C5915.java	115	param
top/suzhelan/qstory/hook/item/C5915.java	119	result
top/suzhelan/qstory/hook/item/C5915.java	121	jumpUrl
top/suzhelan/qstory/hook/item/C5915.java	124	jumpUrl
top/suzhelan/qstory/hook/item/C5915.java	130	param
top/suzhelan/qstory/hook/item/C5915.java	135	param
top/suzhelan/qstory/hook/item/C5915.java	140	param
top/suzhelan/qstory/hook/item/C5915.java	145	param
top/suzhelan/qstory/hook/item/C5915.java	150	param
top/suzhelan/qstory/hook/item/C5915.java	155	param
top/suzhelan/qstory/hook/item/C5915.java	169	param
top/suzhelan/qstory/hook/item/C5915.java	174	param
top/suzhelan/qstory/hook/item/C5915.java	179	param
top/suzhelan/qstory/hook/item/C5915.java	184	param
top/suzhelan/qstory/hook/item/C5915.java	189	param
top/suzhelan/qstory/hook/item/C5915.java	199	param
top/suzhelan/qstory/hook/item/C5915.java	204	param
top/suzhelan/qstory/hook/item/C5915.java	217	param
top/suzhelan/qstory/hook/item/C5915.java	230	param
top/suzhelan/qstory/hook/item/C5915.java	235	param
top/suzhelan/qstory/hook/item/C5915.java	244	mNum
top/suzhelan/qstory/hook/item/C5915.java	245	mText
top/suzhelan/qstory/hook/item/C5915.java	255	param
top/suzhelan/qstory/hook/item/C5915.java	260	param
top/suzhelan/qstory/hook/item/C5915.java	265	param
top/suzhelan/qstory/hook/item/C5915.java	270	param
top/suzhelan/qstory/hook/item/C5915.java	308	0秒
top/suzhelan/qstory/hook/item/C5915.java	317	1
top/suzhelan/qstory/hook/item/C5915.java	317	2
top/suzhelan/qstory/hook/item/C5915.java	318	1
top/suzhelan/qstory/hook/item/C5915.java	318	2
top/suzhelan/qstory/hook/item/C5915.java	319	1
top/suzhelan/qstory/hook/item/C5915.java	319	3
top/suzhelan/qstory/hook/item/C5915.java	319	2
top/suzhelan/qstory/hook/item/C5915.java	320	1
top/suzhelan/qstory/hook/item/C5915.java	321	4
top/suzhelan/qstory/hook/item/C5915.java	322	5
top/suzhelan/qstory/hook/item/C5915.java	322	3
top/suzhelan/qstory/hook/item/C5915.java	323	1
top/suzhelan/qstory/hook/item/C5915.java	323	2
top/suzhelan/qstory/hook/item/C5918.java	48	param
top/suzhelan/qstory/hook/item/C5918.java	52	114514
top/suzhelan/qstory/hook/item/C5919.java	23	loader
top/suzhelan/qstory/hook/item/C5920.java	40	set
top/suzhelan/qstory/hook/item/C5920.java	82	loader
top/suzhelan/qstory/hook/item/C5921.java	25	param
top/suzhelan/qstory/hook/item/C5923.java	18	loader
top/suzhelan/qstory/hook/item/C5923.java	22	v
top/suzhelan/qstory/hook/item/C5924.java	20	loader
top/suzhelan/qstory/hook/item/C5925.java	111	list
top/suzhelan/qstory/hook/item/C5925.java	146	static
top/suzhelan/qstory/hook/item/C5925.java	159	static
top/suzhelan/qstory/hook/item/C5925.java	164	"
top/suzhelan/qstory/hook/item/C5925.java	166	"
top/suzhelan/qstory/hook/item/C5925.java	169	"
top/suzhelan/qstory/hook/item/C5925.java	171	"
top/suzhelan/qstory/hook/item/C5925.java	183	;
top/suzhelan/qstory/hook/item/C5925.java	184	\n
top/suzhelan/qstory/hook/item/C5925.java	202	static
top/suzhelan/qstory/hook/item/C5925.java	207	"
top/suzhelan/qstory/hook/item/C5925.java	209	"
top/suzhelan/qstory/hook/item/C5925.java	216	"
top/suzhelan/qstory/hook/item/C5925.java	218	"
top/suzhelan/qstory/hook/item/C5925.java	225	;
top/suzhelan/qstory/hook/item/C5925.java	226	\n
top/suzhelan/qstory/hook/item/C5925.java	261	.apk
top/suzhelan/qstory/hook/item/C5925.java	264	.apk
top/suzhelan/qstory/hook/item/C5925.java	264	.APK
top/suzhelan/qstory/hook/item/C5925.java	269	.apk
top/suzhelan/qstory/hook/item/C5925.java	272	.apk
top/suzhelan/qstory/hook/item/C5925.java	272	.APK
top/suzhelan/qstory/hook/item/C5925.java	289	items
top/suzhelan/qstory/hook/item/C5925.java	296	type
top/suzhelan/qstory/hook/item/C5925.java	299	qq
top/suzhelan/qstory/hook/item/C5925.java	300	uin
top/suzhelan/qstory/hook/item/C5925.java	302	uid
top/suzhelan/qstory/hook/item/C5925.java	304	nm
top/suzhelan/qstory/hook/item/C5925.java	305	nm
top/suzhelan/qstory/hook/item/C5925.java	306	nm
top/suzhelan/qstory/hook/item/C5925.java	373	e
top/suzhelan/qstory/hook/item/C5925.java	378	e
top/suzhelan/qstory/hook/item/C5925.java	378	) 
top/suzhelan/qstory/hook/item/C5925.java	384	args
top/suzhelan/qstory/hook/item/C5925.java	407	args
top/suzhelan/qstory/hook/item/C5925.java	415	args
top/suzhelan/qstory/hook/item/C5926.java	44	finder
top/suzhelan/qstory/hook/item/C5926.java	50	finder
top/suzhelan/qstory/hook/item/C5928.java	47	GrabHb
top/suzhelan/qstory/hook/item/C5928.java	91	peerUid
top/suzhelan/qstory/hook/item/C5928.java	97	authkey
top/suzhelan/qstory/hook/item/C5928.java	98	billNo
top/suzhelan/qstory/hook/item/C5928.java	100	notice
top/suzhelan/qstory/hook/item/C5929.java	50	state
top/suzhelan/qstory/hook/item/C5929.java	52	amount
top/suzhelan/qstory/hook/item/C5930.java	20	param
top/suzhelan/qstory/hook/item/C5931.java	16	loader
top/suzhelan/qstory/hook/item/C5931.java	19	show
top/suzhelan/qstory/hook/item/C5932.java	21	loader
top/suzhelan/qstory/hook/item/C5934.java	27	param
top/suzhelan/qstory/hook/item/C5934.java	36	args
top/suzhelan/qstory/hook/item/C5935.java	28	name
top/suzhelan/qstory/hook/item/C5936.java	42	sendMsg
top/suzhelan/qstory/hook/item/C5937.java	55	loader
top/suzhelan/qstory/hook/item/C5937.java	79	onVote
top/suzhelan/qstory/hook/item/C5937.java	79	Vote
top/suzhelan/qstory/hook/item/C5937.java	79	vote
top/suzhelan/qstory/hook/item/C5937.java	138	onClick
top/suzhelan/qstory/hook/item/C5938.java	34	param
top/suzhelan/qstory/hook/item/C5940.java	17	loader
top/suzhelan/qstory/hook/item/C5941.java	48	check
top/suzhelan/qstory/hook/item/C5941.java	48	can
top/suzhelan/qstory/hook/item/C5941.java	48	is
top/suzhelan/qstory/hook/item/C5941.java	61	loader
top/suzhelan/qstory/hook/item/C5942.java	27	param
top/suzhelan/qstory/hook/item/C5942.java	38	param
top/suzhelan/qstory/hook/item/C5943.java	20	loader
top/suzhelan/qstory/hook/item/C5944.java	20	loader
top/suzhelan/qstory/hook/item/C5945.java	23	loader
top/suzhelan/qstory/hook/item/C5947.java	43	finder
top/suzhelan/qstory/hook/item/C5947.java	50	finder
top/suzhelan/qstory/hook/item/C5948.java	21	loader
top/suzhelan/qstory/hook/item/C5949.java	30	param
top/suzhelan/qstory/hook/item/C5951.java	19	loader
top/suzhelan/qstory/hook/item/C5951.java	30	invoke
top/suzhelan/qstory/hook/item/C5952.java	29	param
top/suzhelan/qstory/hook/item/C5952.java	34	I
top/suzhelan/qstory/hook/item/C5952.java	39	E
top/suzhelan/qstory/hook/item/C5952.java	44	D
top/suzhelan/qstory/hook/item/C5952.java	52	param
top/suzhelan/qstory/hook/item/C5952.java	75	param
top/suzhelan/qstory/hook/item/C5953.java	21	loader
top/suzhelan/qstory/hook/item/C5954.java	47	\n
top/suzhelan/qstory/hook/item/C5954.java	50	\n
top/suzhelan/qstory/hook/item/C5954.java	53	(
top/suzhelan/qstory/hook/item/C5954.java	55	)
top/suzhelan/qstory/hook/item/C5954.java	159	user
top/suzhelan/qstory/hook/item/C5955.java	18	loader
top/suzhelan/qstory/hook/item/CallableC5911.java	74	114514
top/suzhelan/qstory/hook/item/RunnableC5910.java	70	 
top/suzhelan/qstory/hook/item/RunnableC5910.java	73	|
top/suzhelan/qstory/hook/item/RunnableC5910.java	76	\|
top/suzhelan/qstory/hook/item/RunnableC5910.java	96	hexGuid
top/suzhelan/qstory/hook/item/RunnableC5910.java	100	listid
top/suzhelan/qstory/hook/item/RunnableC5910.java	100	=
top/suzhelan/qstory/hook/item/RunnableC5910.java	100	=
top/suzhelan/qstory/hook/item/RunnableC5910.java	100	=
top/suzhelan/qstory/hook/item/RunnableC5910.java	100	=
top/suzhelan/qstory/hook/item/RunnableC5910.java	100	1
top/suzhelan/qstory/hook/item/RunnableC5910.java	100	=
top/suzhelan/qstory/hook/item/RunnableC5910.java	100	&name
top/suzhelan/qstory/hook/item/RunnableC5910.java	100	=
top/suzhelan/qstory/hook/item/RunnableC5910.java	100	=
top/suzhelan/qstory/hook/item/RunnableC5910.java	100	0
top/suzhelan/qstory/hook/item/RunnableC5910.java	100	=
top/suzhelan/qstory/hook/item/RunnableC5910.java	100	&uin
top/suzhelan/qstory/hook/item/RunnableC5910.java	100	=
top/suzhelan/qstory/hook/item/RunnableC5910.java	100	=
top/suzhelan/qstory/hook/item/RunnableC5910.java	100	=
top/suzhelan/qstory/hook/item/RunnableC5910.java	100	1
top/suzhelan/qstory/hook/item/RunnableC5910.java	100	=
top/suzhelan/qstory/hook/item/RunnableC5910.java	100	0
top/suzhelan/qstory/hook/item/RunnableC5910.java	106	encypt
top/suzhelan/qstory/hook/item/RunnableC5910.java	109	encText
top/suzhelan/qstory/hook/item/RunnableC5910.java	111	cgiName
top/suzhelan/qstory/hook/item/RunnableC5910.java	111	set
top/suzhelan/qstory/hook/item/RunnableC5910.java	112	reqText
top/suzhelan/qstory/hook/item/RunnableC5910.java	112	set
top/suzhelan/qstory/hook/item/RunnableC5910.java	113	random
top/suzhelan/qstory/hook/item/RunnableC5910.java	113	set
top/suzhelan/qstory/hook/item/RunnableC5910.java	114	enType
top/suzhelan/qstory/hook/item/RunnableC5910.java	114	set
top/suzhelan/qstory/hook/item/RunnableC5910.java	117	cmd
top/suzhelan/qstory/hook/item/RunnableC5910.java	118	data
top/suzhelan/qstory/hook/item/RunnableC5910.java	119	timeout
top/suzhelan/qstory/hook/item/RunnableC5939.java	86	W
top/suzhelan/qstory/hook/item/RunnableC5939.java	101	img
top/suzhelan/qstory/hook/item/ViewOnClickListenerC5912.java	90	delay
top/suzhelan/qstory/hook/item/ViewOnClickListenerC5912.java	92	delay
top/suzhelan/qstory/hook/item/ViewOnClickListenerC5912.java	127	delay
top/suzhelan/qstory/hook/item/ViewOnClickListenerC5912.java	129	delay
top/suzhelan/qstory/hook/item/chat/C5824.java	44	onClick
top/suzhelan/qstory/hook/item/chat/C5824.java	81	finder
top/suzhelan/qstory/hook/item/chat/C5824.java	87	finder
top/suzhelan/qstory/hook/item/chat/C5827.java	48	isRobot
top/suzhelan/qstory/hook/item/chat/C5827.java	51	role
top/suzhelan/qstory/hook/item/chat/C5827.java	55	OWNER
top/suzhelan/qstory/hook/item/chat/C5827.java	58	ADMIN
top/suzhelan/qstory/hook/item/chat/C5827.java	61	MEMBER
top/suzhelan/qstory/hook/item/chat/C5829.java	186	finder
top/suzhelan/qstory/hook/item/chat/C5829.java	192	finder
top/suzhelan/qstory/hook/item/chat/C5830.java	39	sendMsg
top/suzhelan/qstory/hook/item/chat/C5834.java	54	repeat
top/suzhelan/qstory/hook/item/chat/C5834.java	68	/+1.png
top/suzhelan/qstory/hook/item/chat/C5834.java	137	msgId
top/suzhelan/qstory/hook/item/chat/C5834.java	158	Lazy
top/suzhelan/qstory/hook/item/chat/C5835.java	25	param
top/suzhelan/qstory/hook/item/chat/C5836.java	103	setMenu
top/suzhelan/qstory/hook/item/chat/C5836.java	110	setMenu
top/suzhelan/qstory/hook/item/chat/C5837.java	38	msgId
top/suzhelan/qstory/hook/item/chat/C5840.java	99	撤回
top/suzhelan/qstory/hook/item/chat/C5844.java	94	finder
top/suzhelan/qstory/hook/item/chat/C5844.java	100	finder
top/suzhelan/qstory/hook/item/chat/C5846.java	23	loader
top/suzhelan/qstory/hook/item/chat/C5850.java	28	param
top/suzhelan/qstory/hook/item/chat/C5851.java	65	atType
top/suzhelan/qstory/hook/item/chat/C5851.java	67	atNtUid
top/suzhelan/qstory/hook/item/chat/C5851.java	74	peerUid
top/suzhelan/qstory/hook/item/chat/C5852.java	28	uid
top/suzhelan/qstory/hook/item/chat/C5852.java	37	widget
top/suzhelan/qstory/hook/item/chat/C5852.java	44	uid
top/suzhelan/qstory/hook/item/chat/C5852.java	51	extras
top/suzhelan/qstory/hook/item/chat/C5852.java	69	ds
top/suzhelan/qstory/hook/item/chat/C5852.java	72	#1E88E5
top/suzhelan/qstory/hook/item/chat/C5856.java	164	p0
top/suzhelan/qstory/hook/item/chat/C5856.java	165	p1
top/suzhelan/qstory/hook/item/chat/C5856.java	174	call
top/suzhelan/qstory/hook/item/chat/C5856.java	187	\n
top/suzhelan/qstory/hook/item/chat/C5856.java	189	\n
top/suzhelan/qstory/hook/item/chat/C5856.java	191	 by 
top/suzhelan/qstory/hook/item/chat/C5856.java	199	确定
top/suzhelan/qstory/hook/item/chat/C5856.java	213	data
top/suzhelan/qstory/hook/item/chat/C5856.java	224	data
top/suzhelan/qstory/hook/item/chat/C5859.java	55	binding
top/suzhelan/qstory/hook/item/chat/C5860.java	29	param
top/suzhelan/qstory/hook/item/chat/C5863.java	15	type
top/suzhelan/qstory/hook/item/chat/C5865.java	46	get
top/suzhelan/qstory/hook/item/chat/C5866.java	31	param
top/suzhelan/qstory/hook/item/chat/C5866.java	54	QStory
top/suzhelan/qstory/hook/item/chat/C5866.java	72	param
top/suzhelan/qstory/hook/item/chat/C5867.java	21	loader
top/suzhelan/qstory/hook/item/chat/C5869.java	42	拍照
top/suzhelan/qstory/hook/item/chat/C5869.java	87	泡泡
top/suzhelan/qstory/hook/item/chat/C5869.java	134	atType
top/suzhelan/qstory/hook/item/chat/C5869.java	159	 
top/suzhelan/qstory/hook/item/chat/C5869.java	169	 
top/suzhelan/qstory/hook/item/chat/DownloadEmotion$downloadEmotion$1.java	86	/QQ
top/suzhelan/qstory/hook/item/chat/RunnableC5841.java	18	/+1.png
top/suzhelan/qstory/hook/item/chat/ViewOnClickListenerC5832.java	68	size
top/suzhelan/qstory/hook/item/chat/ViewOnClickListenerC5832.java	85	history
top/suzhelan/qstory/hook/item/chat/ViewOnClickListenerC5843.java	83	size
top/suzhelan/qstory/hook/item/mcp/config/C5871.java	96	onLog
top/suzhelan/qstory/hook/item/mcp/config/C5872.java	29	id
top/suzhelan/qstory/hook/item/mcp/config/C5872.java	31	title
top/suzhelan/qstory/hook/item/mcp/config/C5872.java	55	id
top/suzhelan/qstory/hook/item/mcp/config/C5872.java	57	title
top/suzhelan/qstory/hook/item/mcp/config/C5873.java	24	items
top/suzhelan/qstory/hook/item/mcp/config/C5875.java	49	/mcp
top/suzhelan/qstory/hook/item/mcp/config/C5875.java	76	/mcp
top/suzhelan/qstory/hook/item/mcp/config/C5875.java	109	block
top/suzhelan/qstory/hook/item/mcp/config/C5875.java	112	name
top/suzhelan/qstory/hook/item/mcp/config/C5875.java	113	1.0.0
top/suzhelan/qstory/hook/item/mcp/config/C5875.java	113	version
top/suzhelan/qstory/hook/item/mcp/config/C5875.java	116	block
top/suzhelan/qstory/hook/item/mcp/config/C5875.java	119	tools
top/suzhelan/qstory/hook/item/mcp/config/McpServerManager$Companion$saveToolConfig$6.java	56	block
top/suzhelan/qstory/hook/item/mcp/config/McpServerManager$Companion$saveToolConfig$6.java	59	jsonrpc
top/suzhelan/qstory/hook/item/mcp/config/McpServerManager$Companion$saveToolConfig$6.java	60	2.0
top/suzhelan/qstory/hook/item/mcp/config/McpServerManager$Companion$saveToolConfig$6.java	61	key
top/suzhelan/qstory/hook/item/mcp/config/McpServerManager$Companion$saveToolConfig$6.java	63	method
top/suzhelan/qstory/hook/item/mcp/config/McpServerManager$Companion$saveToolConfig$6.java	65	key
top/suzhelan/qstory/hook/item/mcp/config/McpServerManager$start$1$1$1$2.java	53	/mcp
top/suzhelan/qstory/entity/proto/InfoSyncPush$SyncContent$$serializer.java	52	decoder
top/suzhelan/qstory/entity/proto/InfoSyncPush$SyncContent$$serializer.java	85	encoder
top/suzhelan/qstory/entity/proto/InfoSyncPush$SyncContent$$serializer.java	87	value
top/suzhelan/qstory/entity/proto/InfoSyncPush$SyncContent$GroupSyncContent$$serializer.java	41	endSeq
top/suzhelan/qstory/entity/proto/InfoSyncPush$SyncContent$GroupSyncContent$$serializer.java	62	decoder
top/suzhelan/qstory/entity/proto/InfoSyncPush$SyncContent$GroupSyncContent$$serializer.java	107	encoder
top/suzhelan/qstory/entity/proto/InfoSyncPush$SyncContent$GroupSyncContent$$serializer.java	109	value
top/suzhelan/qstory/entity/proto/InfoSyncPush$SyncRecallOperateInfo$$serializer.java	40	subHead
top/suzhelan/qstory/entity/proto/InfoSyncPush$SyncRecallOperateInfo$$serializer.java	59	decoder
top/suzhelan/qstory/entity/proto/InfoSyncPush$SyncRecallOperateInfo$$serializer.java	100	encoder
top/suzhelan/qstory/entity/proto/InfoSyncPush$SyncRecallOperateInfo$$serializer.java	102	value
top/suzhelan/qstory/entity/proto/InfoSyncPush$SyncRecallOperateInfo$SyncInfoBody$$serializer.java	43	msgList
top/suzhelan/qstory/entity/proto/InfoSyncPush$SyncRecallOperateInfo$SyncInfoBody$$serializer.java	62	decoder
top/suzhelan/qstory/entity/proto/InfoSyncPush$SyncRecallOperateInfo$SyncInfoBody$$serializer.java	107	encoder
top/suzhelan/qstory/entity/proto/InfoSyncPush$SyncRecallOperateInfo$SyncInfoBody$$serializer.java	109	value
top/suzhelan/qstory/entity/proto/InfoSyncPush$SyncRecallOperateInfo$SyncInfoHead$$serializer.java	50	decoder
top/suzhelan/qstory/entity/proto/InfoSyncPush$SyncRecallOperateInfo$SyncInfoHead$$serializer.java	82	encoder
top/suzhelan/qstory/entity/proto/InfoSyncPush$SyncRecallOperateInfo$SyncInfoHead$$serializer.java	84	value
top/suzhelan/qstory/entity/proto/InfoSyncPush.java	679	msgList
top/suzhelan/qstory/entity/proto/InfoSyncPush.java	766	msgList
top/suzhelan/qstory/entity/proto/MsgPush$$serializer$annotationImpl$kotlinx_serialization_protobuf_ProtoNumber$0.java	30	number
top/suzhelan/qstory/entity/proto/MsgPush$$serializer.java	47	decoder
top/suzhelan/qstory/entity/proto/MsgPush$$serializer.java	79	encoder
top/suzhelan/qstory/entity/proto/MsgPush$$serializer.java	81	value
top/suzhelan/qstory/entity/proto/QQMessage$$serializer.java	54	decoder
top/suzhelan/qstory/entity/proto/QQMessage$$serializer.java	94	encoder
top/suzhelan/qstory/entity/proto/QQMessage$$serializer.java	96	value
top/suzhelan/qstory/entity/proto/QQMessage$MessageBody$$serializer.java	34	richMsg
top/suzhelan/qstory/entity/proto/QQMessage$MessageBody$$serializer.java	52	decoder
top/suzhelan/qstory/entity/proto/QQMessage$MessageBody$$serializer.java	88	encoder
top/suzhelan/qstory/entity/proto/QQMessage$MessageBody$$serializer.java	90	value
top/suzhelan/qstory/entity/proto/QQMessage$MessageBody$C2CRecallOperationInfo$Info$$serializer.java	40	msgTime
top/suzhelan/qstory/entity/proto/QQMessage$MessageBody$C2CRecallOperationInfo$Info$$serializer.java	44	msgSeq
top/suzhelan/qstory/entity/proto/QQMessage$MessageBody$C2CRecallOperationInfo$Info$$serializer.java	62	decoder
top/suzhelan/qstory/entity/proto/QQMessage$MessageBody$C2CRecallOperationInfo$Info$$serializer.java	110	encoder
top/suzhelan/qstory/entity/proto/QQMessage$MessageBody$C2CRecallOperationInfo$Info$$serializer.java	112	value
top/suzhelan/qstory/entity/proto/QQMessage$MessageBody$GroupRecallOperationInfo$Info$$serializer.java	36	msgInfo
top/suzhelan/qstory/entity/proto/QQMessage$MessageBody$GroupRecallOperationInfo$Info$$serializer.java	52	decoder
top/suzhelan/qstory/entity/proto/QQMessage$MessageBody$GroupRecallOperationInfo$Info$$serializer.java	88	encoder
top/suzhelan/qstory/entity/proto/QQMessage$MessageBody$GroupRecallOperationInfo$Info$$serializer.java	90	value
top/suzhelan/qstory/entity/proto/QQMessage$MessageBody$GroupRecallOperationInfo$Info$MsgInfo$$serializer.java	36	msgSeq
top/suzhelan/qstory/entity/proto/QQMessage$MessageBody$GroupRecallOperationInfo$Info$MsgInfo$$serializer.java	38	msgTime
top/suzhelan/qstory/entity/proto/QQMessage$MessageBody$GroupRecallOperationInfo$Info$MsgInfo$$serializer.java	56	decoder
top/suzhelan/qstory/entity/proto/QQMessage$MessageBody$GroupRecallOperationInfo$Info$MsgInfo$$serializer.java	96	encoder
top/suzhelan/qstory/entity/proto/QQMessage$MessageBody$GroupRecallOperationInfo$Info$MsgInfo$$serializer.java	98	value
top/suzhelan/qstory/entity/proto/QQMessage$MessageBody$RichMsg$$serializer.java	52	decoder
top/suzhelan/qstory/entity/proto/QQMessage$MessageBody$RichMsg$$serializer.java	85	encoder
top/suzhelan/qstory/entity/proto/QQMessage$MessageBody$RichMsg$$serializer.java	87	value
top/suzhelan/qstory/entity/proto/QQMessage$MessageBody$RichMsg$MsgContent$$serializer.java	33	textMsg
top/suzhelan/qstory/entity/proto/QQMessage$MessageBody$RichMsg$MsgContent$$serializer.java	51	decoder
top/suzhelan/qstory/entity/proto/QQMessage$MessageBody$RichMsg$MsgContent$$serializer.java	87	encoder
top/suzhelan/qstory/entity/proto/QQMessage$MessageBody$RichMsg$MsgContent$$serializer.java	89	value
top/suzhelan/qstory/entity/proto/QQMessage$MessageBody$RichMsg$MsgContent$MsgSender$$serializer.java	50	decoder
top/suzhelan/qstory/entity/proto/QQMessage$MessageBody$RichMsg$MsgContent$MsgSender$$serializer.java	82	encoder
top/suzhelan/qstory/entity/proto/QQMessage$MessageBody$RichMsg$MsgContent$MsgSender$$serializer.java	84	value
top/suzhelan/qstory/entity/proto/QQMessage$MessageBody$RichMsg$MsgContent$TextMsg$$serializer.java	34	text
top/suzhelan/qstory/entity/proto/QQMessage$MessageBody$RichMsg$MsgContent$TextMsg$$serializer.java	50	decoder
top/suzhelan/qstory/entity/proto/QQMessage$MessageBody$RichMsg$MsgContent$TextMsg$$serializer.java	82	encoder
top/suzhelan/qstory/entity/proto/QQMessage$MessageBody$RichMsg$MsgContent$TextMsg$$serializer.java	84	value
top/suzhelan/qstory/entity/proto/QQMessage$MessageContentInfo$$serializer.java	35	msgType
top/suzhelan/qstory/entity/proto/QQMessage$MessageContentInfo$$serializer.java	39	subSeq
top/suzhelan/qstory/entity/proto/QQMessage$MessageContentInfo$$serializer.java	41	msgSeq
top/suzhelan/qstory/entity/proto/QQMessage$MessageContentInfo$$serializer.java	43	msgTime
top/suzhelan/qstory/entity/proto/QQMessage$MessageContentInfo$$serializer.java	60	decoder
top/suzhelan/qstory/entity/proto/QQMessage$MessageContentInfo$$serializer.java	108	encoder
top/suzhelan/qstory/entity/proto/QQMessage$MessageContentInfo$$serializer.java	110	value
top/suzhelan/qstory/entity/proto/QQMessage$MessageHead$$serializer.java	64	decoder
top/suzhelan/qstory/entity/proto/QQMessage$MessageHead$$serializer.java	112	encoder
top/suzhelan/qstory/entity/proto/QQMessage$MessageHead$$serializer.java	114	value
top/suzhelan/qstory/entity/proto/QQMessage$MessageHead$SenderInfo$$serializer$annotationImpl$kotlinx_serialization_protobuf_ProtoNumber$0.java	30	number
top/suzhelan/qstory/entity/proto/QQMessage$MessageHead$SenderInfo$$serializer.java	36	peerId
top/suzhelan/qstory/entity/proto/QQMessage$MessageHead$SenderInfo$$serializer.java	56	decoder
top/suzhelan/qstory/entity/proto/QQMessage$MessageHead$SenderInfo$$serializer.java	96	encoder
top/suzhelan/qstory/entity/proto/QQMessage$MessageHead$SenderInfo$$serializer.java	98	value
top/suzhelan/qstory/entity/proto/QQMessage.java	161	info
top/suzhelan/qstory/entity/proto/QQMessage.java	197	, info=
top/suzhelan/qstory/entity/proto/QQMessage.java	258	msgInfo
top/suzhelan/qstory/entity/proto/QQMessage.java	479	msgInfo
top/suzhelan/qstory/entity/proto/QQMessage.java	522	info
top/suzhelan/qstory/entity/proto/QQMessage.java	655	textMsg
top/suzhelan/qstory/entity/proto/QQMessage.java	826	text
top/suzhelan/qstory/entity/proto/QQMessage.java	873	text
top/suzhelan/qstory/entity/proto/QQMessage.java	916	textMsg
top/suzhelan/qstory/entity/proto/QQMessage.java	1003	richMsg
top/suzhelan/qstory/entity/proto/QQMessage.java	1075	info
top/suzhelan/qstory/entity/proto/QQMessage.java	1342	info
top/suzhelan/qstory/entity/proto/QQMessage.java	1380	richMsg
lin/xposed/hook/javaplugin/C5554.java	191	param
lin/xposed/hook/javaplugin/C5554.java	201	buffer
lin/xposed/hook/javaplugin/JavaPluginLoad.java	19	Plugin
lin/xposed/hook/javaplugin/JavaPluginLoad.java	20	/Plugin
lin/xposed/hook/javaplugin/OnMsgMenuCreateAPI.java	75	setMenu
lin/xposed/hook/javaplugin/OnMsgMenuCreateAPI.java	82	setMenu
lin/xposed/hook/javaplugin/PluginCallback.java	64	onMsg
lin/xposed/hook/javaplugin/PluginCallback.java	82	getMsg
lin/xposed/hook/javaplugin/PluginMenuFloatingWindow.java	90	show x
lin/xposed/hook/javaplugin/PluginMenuFloatingWindow.java	91	show y
lin/xposed/hook/javaplugin/PluginMenuFloatingWindow.java	117	show x
lin/xposed/hook/javaplugin/PluginMenuFloatingWindow.java	118	show y
lin/xposed/hook/javaplugin/PluginMessageCallbackAPI.java	55	atType
lin/xposed/hook/javaplugin/PluginMessageCallbackAPI.java	56	atNtUid
lin/xposed/hook/javaplugin/PluginMessageCallbackAPI.java	70	]
lin/xposed/hook/javaplugin/PluginMessageCallbackAPI.java	105	/ptt/
lin/xposed/hook/javaplugin/PluginMessageCallbackAPI.java	122	records
lin/xposed/hook/javaplugin/PluginMessageCallbackAPI.java	166	msgTime
lin/xposed/hook/javaplugin/PluginMessageCallbackAPI.java	167	peerUid
lin/xposed/hook/javaplugin/PluginMessageCallbackAPI.java	176	peerUin
lin/xposed/hook/javaplugin/PluginMessageCallbackAPI.java	180	peerUin
lin/xposed/hook/javaplugin/PluginOutput.java	20	\n
lin/xposed/hook/javaplugin/PluginOutput.java	22	\n
lin/xposed/hook/javaplugin/PluginOutput.java	26	\n
lin/xposed/hook/javaplugin/PluginOutput.java	26	\n
lin/xposed/hook/view/main/MainSettingActivity.java	94	<set-?>
lin/xposed/hook/view/main/MainSettingActivity.java	104	QQ:
lin/xposed/hook/view/main/MainSettingActivity.java	120	setting
lin/xposed/hook/view/main/MainSettingActivity.java	141	提示
lin/xposed/hook/view/main/MainSettingActivity.java	154	<set-?>
lin/xposed/hook/view/main/MainSettingActivity.java	181	context
lin/xposed/hook/view/main/MainSettingActivity.java	272	newBase
lin/xposed/hook/view/main/MainSettingActivity.java	324	dimen
lin/xposed/hook/view/main/MainSettingActivity.java	324	android
lin/xposed/hook/view/main/MainSettingActivity.java	338	<set-?>
lin/xposed/hook/view/main/MainSettingActivity.java	344	<set-?>
lin/xposed/hook/view/main/MainSettingActivity.java	350	text
lin/xposed/hook/view/main/MainSettingActivity.java	356	<set-?>
lin/xposed/hook/view/main/SearchHelper$MatchType.java	19	GROUP
lin/xposed/hook/view/main/itemview/C5565.java	90	context
lin/xposed/hook/view/main/itemview/C5565.java	91	list
lin/xposed/hook/view/main/itemview/C5565.java	103	adapter
lin/xposed/hook/view/main/itemview/C5565.java	104	view
lin/xposed/hook/view/main/itemview/C5565.java	116	boxList
lin/xposed/hook/view/main/itemview/C5565.java	233	保存
lin/xposed/hook/view/main/itemview/CheckCommonGroup.java	25	context
lin/xposed/hook/view/main/itemview/CheckCommonGroup.java	36	取消
lin/xposed/hook/view/main/itemview/CheckCommonGroup.java	38	查找
lin/xposed/hook/view/main/itemview/CheckCommonGroup.java	71	url
lin/xposed/hook/view/main/itemview/ClearLoginInformation.java	27	context
lin/xposed/hook/view/main/itemview/JumpDataCard.java	26	context
lin/xposed/hook/view/main/itemview/JumpDataCard.java	37	关闭
lin/xposed/hook/view/main/itemview/JumpDataCard.java	39	确定
lin/xposed/hook/view/main/itemview/ManageFriends.java	24	context
lin/xposed/hook/view/main/itemview/ManageTroops.java	24	context
lin/xposed/hook/view/main/itemview/NoticeLog.java	21	context
lin/xposed/hook/view/main/itemview/Update.java	63	?
lin/xposed/hook/view/main/itemview/Update.java	71	v
lin/xposed/hook/view/main/itemview/Update.java	73	\n
lin/xposed/hook/view/main/itemview/Update.java	75	\n\n
lin/xposed/hook/view/main/itemview/Update.java	146	update
lin/xposed/hook/view/main/itemview/Update.java	170	update
lin/xposed/hook/view/main/itemview/UpdateLog.java	21	context
lin/xposed/hook/view/main/itemview/ViewOnClickListenerC5562.java	153	关闭
lin/xposed/hook/view/main/itemview/ViewOnClickListenerC5562.java	155	小时
lin/xposed/hook/view/main/itemview/ViewOnClickListenerC5562.java	157	剩余 
lin/xposed/hook/view/main/itemview/ViewOnClickListenerC5562.java	157	时
lin/xposed/hook/view/main/itemview/ViewOnClickListenerC5562.java	159	将在 
lin/xposed/hook/view/main/itemview/ViewOnClickListenerC5562.java	168	 结束
lin/xposed/hook/view/main/itemview/ViewOnClickListenerC5562.java	210	summary
lin/xposed/hook/view/main/itemview/ViewOnClickListenerC5562.java	238	8小时
lin/xposed/hook/view/main/itemview/ViewOnClickListenerC5562.java	238	2小时
lin/xposed/hook/view/main/itemview/ViewOnClickListenerC5562.java	238	关闭
lin/xposed/hook/view/main/itemview/ViewOnClickListenerC5562.java	246	关闭
lin/xposed/hook/view/main/itemview/ViewOnClickListenerC5562.java	251	剩余 
lin/xposed/hook/view/main/itemview/ViewOnClickListenerC5562.java	251	时
lin/xposed/hook/view/main/itemview/ViewOnClickListenerC5562.java	251	分
lin/xposed/hook/view/main/itemview/info/ItemUiInfo.java	29	/
lin/xposed/hook/view/main/itemview/info/ItemUiInfoManager.java	65	NO_PATH
lin/xposed/hook/view/main/itemview/info/ItemUiInfoManager.java	66	/
lin/xposed/hook/util/qq/CreateElement.java	31	http:
lin/xposed/hook/util/qq/CreateElement.java	31	https:
lin/xposed/hook/util/qq/CreateElement.java	35	img
lin/xposed/hook/util/qq/CreateElement.java	35	/
lin/xposed/hook/util/qq/CreateElement.java	41	/ptt/
lin/xposed/hook/util/qq/CreateElement.java	42	http:
lin/xposed/hook/util/qq/CreateElement.java	42	https:
lin/xposed/hook/util/qq/CreateElement.java	56	.aac
lin/xposed/hook/util/qq/CreateElement.java	58	.aac
lin/xposed/hook/util/qq/CreateElement.java	62	video
lin/xposed/hook/util/qq/CreateElement.java	62	/
lin/xposed/hook/util/qq/CreateElement.java	63	http:
lin/xposed/hook/util/qq/CreateElement.java	63	https:
lin/xposed/hook/util/qq/CreateElement.java	77	.mp4
lin/xposed/hook/util/qq/CreateElement.java	79	.mp4
lin/xposed/hook/util/qq/CreateElement.java	86	o
lin/xposed/hook/util/qq/CreateElement.java	99	@
lin/xposed/hook/util/qq/CreateElement.java	100	0
lin/xposed/hook/util/qq/CreateElement.java	122	http://
lin/xposed/hook/util/qq/CreateElement.java	124	align
lin/xposed/hook/util/qq/CreateElement.java	124	center
lin/xposed/hook/util/qq/CreateElement.java	126	col
lin/xposed/hook/util/qq/CreateElement.java	127	jp
lin/xposed/hook/util/qq/CreateElement.java	128	txt
lin/xposed/hook/util/qq/CreateElement.java	129	type
lin/xposed/hook/util/qq/CreateElement.java	132	items
lin/xposed/hook/util/qq/Hook_cookie.java	63	0
lin/xposed/hook/util/qq/Hook_cookie.java	65	o
lin/xposed/hook/util/qq/Hook_cookie.java	79	all
lin/xposed/hook/util/qq/Hook_cookie.java	105	a
lin/xposed/hook/util/qq/Hook_cookie.java	125	getSkey
lin/xposed/hook/util/qq/LegacyQQSendTool.java	38	md5
lin/xposed/hook/util/qq/LegacyQQSendTool.java	39	uuid
lin/xposed/hook/util/qq/LegacyQQSendTool.java	39	.jpg
lin/xposed/hook/util/qq/LegacyQQSendTool.java	60	img
lin/xposed/hook/util/qq/LegacyQQSendTool.java	60	/
lin/xposed/hook/util/qq/LegacyQQSendTool.java	100	/ptt/
lin/xposed/hook/util/qq/QQEmotionUtils.java	98	emotion
lin/xposed/hook/util/qq/QQEnvTool.java	34	id
lin/xposed/hook/util/qq/QQEnvTool.java	40	getApp
lin/xposed/hook/util/qq/QQEnvTool.java	131	api
lin/xposed/hook/util/qq/QQFriendTool.java	52	uin=o
lin/xposed/hook/util/qq/QQFriendTool.java	56	; skey=
lin/xposed/hook/util/qq/QQFriendTool.java	61	data
lin/xposed/hook/util/qq/QQFriendTool.java	81	uin=o
lin/xposed/hook/util/qq/QQFriendTool.java	81	; skey=
lin/xposed/hook/util/qq/QQFriendTool.java	81	data
lin/xposed/hook/util/qq/QQFriendTool.java	132	like
lin/xposed/hook/util/qq/QQMessageUtils.java	104	1406
lin/xposed/hook/util/qq/QQMessageUtils.java	104	1407
lin/xposed/hook/util/qq/QQMessageUtils.java	106	1406
lin/xposed/hook/util/qq/QQMessageUtils.java	109	&spec=0
lin/xposed/hook/util/qq/QQNTSendMsgUtils.java	84	sendMsg
lin/xposed/hook/util/qq/QQNTSendMsgUtils.java	132	sendMsg
lin/xposed/hook/util/qq/QQNTTroopTool.java	63	api
lin/xposed/hook/util/qq/QQNTTroopTool.java	159	uin
lin/xposed/hook/util/qq/QQNTTroopTool.java	366	d
lin/xposed/hook/util/qq/QQSessionUtils.java	72	e
lin/xposed/hook/util/qq/QQSessionUtils.java	73	d
lin/xposed/hook/util/qq/QQSessionUtils.java	77	f
lin/xposed/hook/util/qq/QQSessionUtils.java	78	e
lin/xposed/hook/util/qq/QQSessionUtils.java	81	f
lin/xposed/hook/util/qq/QQSessionUtils.java	82	e
lin/xposed/hook/util/qq/QQSessionUtils.java	90	e
lin/xposed/hook/util/qq/QQSessionUtils.java	91	d
lin/xposed/hook/util/qq/QQSessionUtils.java	92	f
lin/xposed/hook/util/qq/QQSessionUtils.java	96	f
lin/xposed/hook/util/qq/QQSessionUtils.java	97	e
lin/xposed/hook/util/qq/QQSessionUtils.java	98	i
lin/xposed/hook/util/qq/QQSessionUtils.java	101	f
lin/xposed/hook/util/qq/QQSessionUtils.java	102	e
lin/xposed/hook/util/qq/QQSessionUtils.java	103	g
lin/xposed/hook/javaplugin/api/QQNTPluginMethod.java	128	msgId
lin/xposed/hook/javaplugin/api/QQNTPluginMethod.java	166	msgId
lin/xposed/hook/javaplugin/api/QQNTPluginMethod.java	267	\|
lin/xposed/hook/javaplugin/api/QQNTPluginMethod.java	323	group
lin/xposed/hook/javaplugin/api/QQNTPluginMethod.java	325	uin
lin/xposed/hook/javaplugin/api/QQNTPluginMethod.java	363	role
lin/xposed/hook/javaplugin/api/QQNTPluginMethod.java	365	MEMBER
lin/xposed/hook/javaplugin/api/QQNTPluginMethod.java	367	OWNER
lin/xposed/hook/javaplugin/api/QQNTPluginMethod.java	368	ADMIN
lin/xposed/hook/javaplugin/api/QQNTPluginMethod.java	386	contact
lin/xposed/hook/javaplugin/api/QQNTPluginMethod.java	427	uid
lin/xposed/hook/javaplugin/api/QQNTPluginMethod.java	440	uin
lin/xposed/hook/javaplugin/api/QQNTPluginMethod.java	443	nick
lin/xposed/hook/javaplugin/api/QQNTPluginMethod.java	446	remark
lin/xposed/hook/javaplugin/api/QQNTPluginMethod.java	449	age
lin/xposed/hook/javaplugin/api/QQNTPluginMethod.java	455	sex
lin/xposed/hook/javaplugin/api/QQNTPluginMethod.java	570	http
lin/xposed/hook/javaplugin/api/QQNTPluginMethod.java	594	Accept
lin/xposed/hook/javaplugin/api/QQNTPluginMethod.java	594	*/*
lin/xposed/hook/javaplugin/api/QQNTPluginMethod.java	602	http
lin/xposed/hook/javaplugin/api/QQNTPluginMethod.java	737	msgSeq
lin/xposed/hook/javaplugin/api/QQNTPluginMethod.java	750	msgId
lin/xposed/hook/javaplugin/api/QQNTPluginMethod.java	847	msgId
lin/xposed/hook/javaplugin/api/QQNTPluginMethod.java	863	summary
lin/xposed/hook/javaplugin/api/QQNTPluginMethod.java	880	troop
lin/xposed/hook/javaplugin/api/QQNTPluginMethod.java	882	member
lin/xposed/hook/javaplugin/api/QQNTPluginMethod.java	884	nick
lin/xposed/hook/javaplugin/api/QQNTPluginMethod.java	893	name
lin/xposed/hook/javaplugin/api/QQNTPluginMethod.java	905	troop
lin/xposed/hook/javaplugin/api/QQNTPluginMethod.java	907	uin
lin/xposed/hook/javaplugin/api/QQNTPluginMethod.java	909	title
lin/xposed/hook/javaplugin/api/QQNTPluginMethod.java	926	1
lin/xposed/hook/javaplugin/api/QQNTPluginMethod.java	927	2
lin/xposed/hook/javaplugin/api/QQNTPluginMethod.java	929	1
lin/xposed/hook/javaplugin/api/QQNTPluginMethod.java	931	1
lin/xposed/hook/javaplugin/api/QQNTPluginMethod.java	932	5
lin/xposed/hook/javaplugin/api/QQNTPluginMethod.java	933	6
lin/xposed/hook/javaplugin/api/QQNTPluginMethod.java	934	7
lin/xposed/hook/javaplugin/api/QQNTPluginMethod.java	935	3
lin/xposed/hook/javaplugin/api/QQNTPluginMethod.java	936	4
lin/xposed/hook/javaplugin/api/QQNTPluginMethod.java	1038	http
lin/xposed/hook/javaplugin/controller/AutoLoadPlugin.java	72	/Plugin
lin/xposed/hook/javaplugin/controller/FixClassLoader.java	42	name
lin/xposed/hook/javaplugin/controller/FixClassLoader.java	61	name
lin/xposed/hook/javaplugin/controller/FixClassLoader.java	80	name
lin/xposed/hook/javaplugin/controller/FixClassLoader.java	106	name
lin/xposed/hook/javaplugin/controller/PluginLoader.java	45	putInt
lin/xposed/hook/javaplugin/controller/PluginLoader.java	51	putLong
lin/xposed/hook/javaplugin/controller/PluginLoader.java	56	getInt
lin/xposed/hook/javaplugin/controller/PluginLoader.java	58	getLong
lin/xposed/hook/javaplugin/controller/PluginLoader.java	95	httpGet
lin/xposed/hook/javaplugin/controller/PluginLoader.java	96	httpGet
lin/xposed/hook/javaplugin/controller/PluginLoader.java	106	addItem
lin/xposed/hook/javaplugin/controller/PluginLoader.java	107	addItem
lin/xposed/hook/javaplugin/controller/PluginLoader.java	121	toast
lin/xposed/hook/javaplugin/controller/PluginLoader.java	123	load
lin/xposed/hook/javaplugin/controller/PluginLoader.java	124	loadDex
lin/xposed/hook/javaplugin/controller/PluginLoader.java	125	loadJar
lin/xposed/hook/javaplugin/controller/PluginLoader.java	126	loadAar
lin/xposed/hook/javaplugin/controller/PluginLoader.java	127	eval
lin/xposed/hook/javaplugin/controller/PluginLoader.java	128	error
lin/xposed/hook/javaplugin/controller/PluginLoader.java	129	log
lin/xposed/hook/javaplugin/controller/PluginLoader.java	153	context
lin/xposed/hook/javaplugin/controller/PluginLoader.java	155	loader
lin/xposed/hook/javaplugin/controller/PluginLoader.java	156	appPath
lin/xposed/hook/javaplugin/controller/PluginLoader.java	157	myUin
lin/xposed/hook/javaplugin/controller/PluginLoader.java	164	getSkey
lin/xposed/hook/javaplugin/controller/PluginLoader.java	168	getBKN
lin/xposed/hook/javaplugin/controller/PluginLoader.java	169	getGTK
lin/xposed/hook/javaplugin/controller/PluginLoader.java	173	sendMsg
lin/xposed/hook/javaplugin/controller/PluginLoader.java	174	sendPic
lin/xposed/hook/javaplugin/controller/PluginLoader.java	183	sendPai
lin/xposed/hook/javaplugin/controller/PluginLoader.java	193	sendTip
lin/xposed/hook/javaplugin/controller/PluginLoader.java	197	setCard
lin/xposed/hook/javaplugin/controller/PluginLoader.java	202	kick
lin/xposed/hook/javaplugin/controller/PluginLoader.java	241	onLoad
lin/xposed/hook/javaplugin/controller/PluginManager.java	46	(
lin/xposed/hook/javaplugin/controller/PluginManager.java	48	)
lin/xposed/hook/javaplugin/controller/PluginManager.java	56	yyyy-
lin/xposed/hook/javaplugin/controller/PluginManager.java	157	id
lin/xposed/hook/javaplugin/controller/PluginManager.java	157	-
lin/xposed/hook/javaplugin/controller/PluginManager.java	158	name
lin/xposed/hook/javaplugin/controller/PluginManager.java	159	author
lin/xposed/hook/javaplugin/controller/PluginManager.java	160	version
lin/xposed/hook/javaplugin/controller/PluginManager.java	161	date
lin/xposed/hook/javaplugin/controller/PluginManager.java	162	tags
lin/xposed/hook/javaplugin/controller/PluginManager.java	168	images
lin/xposed/hook/javaplugin/controller/PluginManager.java	177	icon
lin/xposed/hook/javaplugin/controller/PluginManager.java	184	icon
lin/xposed/hook/javaplugin/dialog/PluginDialog.java	64	date
lin/xposed/hook/javaplugin/dialog/PluginDialog.java	283	/Plugin
lin/xposed/hook/javaplugin/dialog/ViewOnClickListenerC5533.java	90	context
lin/xposed/hook/javaplugin/dialog/ViewOnClickListenerC5533.java	115	delay
lin/xposed/hook/javaplugin/dialog/ViewOnClickListenerC5533.java	148	/Pic/
lin/xposed/hook/javaplugin/dialog/ViewOnClickListenerC5533.java	177	context
lin/xposed/hook/javaplugin/dialog/ViewOnClickListenerC5533.java	178	context
lin/xposed/hook/javaplugin/online/OnlinePluginTool.java	70	Accept
lin/xposed/hook/javaplugin/online/OnlinePluginTool.java	70	*/*
lin/xposed/hook/javaplugin/online/OnlinePluginTool.java	75	data
lin/xposed/hook/javaplugin/util/PluginDemoBuildUtil.java	29	MD5
lin/xposed/hook/javaplugin/util/PluginDemoBuildUtil.java	48	%02x
lin/xposed/hook/javaplugin/util/PluginDemoBuildUtil.java	66	/Plugin
lin/xposed/hook/javaplugin/util/PluginDemoBuildUtil.java	81	-
lin/xposed/hook/javaplugin/util/PluginDemoBuildUtil.java	82	name
lin/xposed/hook/javaplugin/util/PluginDemoBuildUtil.java	83	id
lin/xposed/hook/javaplugin/util/PluginDemoBuildUtil.java	84	author
lin/xposed/hook/javaplugin/util/PluginDemoBuildUtil.java	85	version
lin/xposed/hook/javaplugin/util/PluginDemoBuildUtil.java	85	1.0
lin/xposed/hook/javaplugin/util/PluginDemoBuildUtil.java	86	date
lin/xposed/hook/javaplugin/util/PluginDemoBuildUtil.java	87	type
lin/xposed/hook/javaplugin/util/PluginDemoBuildUtil.java	87	1
lin/xposed/hook/javaplugin/util/PluginDemoBuildUtil.java	88	tags
lin/xposed/hook/javaplugin/util/PluginDemoBuildUtil.java	103	/Plugin
lin/xposed/hook/javaplugin/util/PluginMessageTool.java	24	0424
lin/xposed/hook/javaplugin/util/PluginMessageTool.java	26	0204
lin/xposed/hook/javaplugin/util/PluginMessageTool.java	42	0481A6
lin/xposed/hook/javaplugin/util/PluginMessageTool.java	44	0204
lin/xposed/hook/javaplugin/util/PluginMessageTool.java	49	.mp4
lin/xposed/hook/javaplugin/util/PluginSendMsgTool.java	50	peerUid
lin/xposed/hook/javaplugin/util/PluginSendMsgTool.java	62	peerUid
lin/xposed/hook/javaplugin/util/PluginSendMsgTool.java	78	PicUrl
lin/xposed/hook/javaplugin/util/PluginSendMsgTool.java	80	AtQQ
lin/xposed/hook/javaplugin/util/PluginSendMsgTool.java	82	0
lin/xposed/hook/javaplugin/util/PluginSendMsgTool.java	112	=
lin/xposed/hook/javaplugin/util/PluginSendMsgTool.java	122	[
lin/xposed/hook/javaplugin/util/PluginSendMsgTool.java	122	]
lin/xposed/hook/javaplugin/util/PluginSendMsgTool.java	152	, key='
lin/xposed/hook/javaplugin/view/C5547.java	69	)...
lin/xposed/hook/javaplugin/view/C5547.java	82	)...
lin/xposed/hook/javaplugin/view/DownloadPluginItemView.java	52	plugin
lin/xposed/hook/javaplugin/view/DownloadPluginItemView.java	52	online-
lin/xposed/hook/javaplugin/view/DownloadPluginItemView.java	52	.zip
lin/xposed/hook/javaplugin/view/DownloadPluginItemView.java	54	/Plugin
lin/xposed/hook/javaplugin/view/DownloadPluginItemView.java	116	作者:
lin/xposed/hook/javaplugin/view/DownloadPluginItemView.java	117	简介:
lin/xposed/hook/javaplugin/view/DownloadPluginItemView.java	118	版本:
lin/xposed/hook/javaplugin/view/DownloadPluginItemView.java	119	ID:
lin/xposed/hook/javaplugin/view/PluginItemView.java	249	复制
lin/xposed/hook/javaplugin/view/PluginItemView.java	250	关闭
lin/xposed/hook/javaplugin/view/PluginItemView.java	262	确定
lin/xposed/hook/javaplugin/view/PluginItemView.java	263	取消
lin/xposed/hook/javaplugin/view/PluginItemView.java	277	确定
lin/xposed/hook/javaplugin/view/PluginItemView.java	278	取消
lin/xposed/hook/javaplugin/view/PluginItemView.java	294	版本:
lin/xposed/hook/javaplugin/view/PluginItemView.java	295	作者:
lin/xposed/hook/javaplugin/view/PluginItemView.java	297	标签:
lin/xposed/hook/javaplugin/view/PluginItemView.java	301	ID:
lin/xposed/hook/javaplugin/view/PluginItemView.java	451	上传
lin/xposed/hook/javaplugin/view/PluginItemView.java	451	删除
lin/xposed/hook/javaplugin/view/PluginItemView.java	451	取消
lin/xposed/hook/javaplugin/view/ViewOnLongClickListenerC5545.java	67	改名
lin/xposed/hook/javaplugin/view/ViewOnLongClickListenerC5545.java	80	删除
lin/xposed/hook/javaplugin/online/upload/NetUploadPlugin.java	46	未知
lin/xposed/hook/javaplugin/online/upload/NetUploadPlugin.java	51	type
lin/xposed/hook/javaplugin/online/upload/NetUploadPlugin.java	65	POST
lin/xposed/hook/javaplugin/online/upload/NetUploadPlugin.java	66	Android
lin/xposed/hook/javaplugin/online/upload/NetUploadPlugin.java	68	Accept
lin/xposed/hook/javaplugin/online/upload/NetUploadPlugin.java	68	*/*
lin/xposed/hook/javaplugin/online/upload/NetUploadPlugin.java	73	"
lin/xposed/hook/javaplugin/online/upload/NetUploadPlugin.java	80	code
lin/xposed/hook/javaplugin/online/upload/NetUploadPlugin.java	81	data
lin/xposed/hook/javaplugin/online/upload/NetUploadPlugin.java	83	code
lin/xposed/hook/javaplugin/online/upload/NetUploadPlugin.java	84	message
lin/xposed/hook/javaplugin/online/upload/NetUploadPlugin.java	104	token
lin/xposed/hook/javaplugin/online/upload/NetUploadPlugin.java	105	POST
lin/xposed/hook/javaplugin/online/upload/NetUploadPlugin.java	106	Android
lin/xposed/hook/javaplugin/online/upload/NetUploadPlugin.java	108	Accept
lin/xposed/hook/javaplugin/online/upload/NetUploadPlugin.java	108	*/*
lin/xposed/hook/javaplugin/online/upload/NetUploadPlugin.java	113	"
lin/xposed/hook/javaplugin/online/upload/NetUploadPlugin.java	117	code
lin/xposed/hook/javaplugin/online/upload/NetUploadPlugin.java	117	data
lin/xposed/hook/javaplugin/online/upload/NetUploadPlugin.java	117	message
lin/xposed/hook/javaplugin/online/upload/NetUploadPlugin.java	138	file
lin/xposed/hook/javaplugin/online/upload/NetUploadPlugin.java	157	token
lin/xposed/hook/javaplugin/online/upload/NetUploadPlugin.java	158	Accept
lin/xposed/hook/javaplugin/online/upload/NetUploadPlugin.java	158	*/*
lin/xposed/hook/javaplugin/online/upload/NetUploadPlugin.java	168	code
lin/xposed/hook/javaplugin/online/upload/NetUploadPlugin.java	168	data
lin/xposed/hook/javaplugin/online/upload/NetUploadPlugin.java	168	message
lin/xposed/hook/javaplugin/online/upload/NetUploadPlugin.java	195	POST
lin/xposed/hook/javaplugin/online/upload/NetUploadPlugin.java	197	Accept
lin/xposed/hook/javaplugin/online/upload/NetUploadPlugin.java	197	*/*
lin/xposed/hook/javaplugin/online/upload/NetUploadPlugin.java	199	token
lin/xposed/hook/javaplugin/online/upload/NetUploadPlugin.java	203	"
lin/xposed/hook/javaplugin/online/upload/NetUploadPlugin.java	207	code
lin/xposed/hook/javaplugin/online/upload/NetUploadPlugin.java	207	data
lin/xposed/hook/javaplugin/online/upload/NetUploadPlugin.java	207	message
lin/xposed/hook/javaplugin/online/upload/OkHttpClientBuilder.java	54	SSL
lin/xposed/hook/javaplugin/online/upload/UploadPlugin$special$$inlined$CoroutineExceptionHandler$1.java	39	确定
lin/xposed/hook/javaplugin/online/upload/UploadPlugin.java	115	确定
lin/xposed/hook/javaplugin/online/upload/UploadPlugin.java	129	确定
lin/xposed/hook/javaplugin/online/upload/UploadPlugin.java	176	Plugin
lin/xposed/hook/javaplugin/online/upload/UploadPlugin.java	180	/Plugin
lin/xposed/hook/javaplugin/online/upload/UploadPlugin.java	203	Plugin
lin/xposed/hook/javaplugin/online/upload/UploadPlugin.java	203	.zip
lin/xposed/hook/javaplugin/online/upload/UploadPlugin.java	240	file
lin/xposed/hook/javaplugin/online/upload/UploadPlugin.java	246	plugin
kotlin/reflect/jvm/internal/AbstractC5062.java	435	\n
kotlin/reflect/jvm/internal/AbstractC5062.java	1005	\n
kotlin/reflect/jvm/internal/types/AbstractC4922.java	1044	Label
kotlin/reflect/jvm/internal/impl/descriptors/C4485.java	54	qstory
kotlin/reflect/jvm/internal/impl/descriptors/C4485.java	127	code
kotlin/reflect/jvm/internal/impl/descriptors/C4485.java	128	data
kotlin/reflect/jvm/internal/impl/descriptors/C4485.java	130	uin
kotlin/reflect/jvm/internal/impl/descriptors/C4485.java	134	:
kotlin/reflect/jvm/internal/impl/descriptors/C4485.java	209	src
kotlin/reflect/jvm/internal/impl/descriptors/C4485.java	247	dst
kotlin/reflect/jvm/internal/impl/types/C4875.java	31	md5
io/ktor/util/C4207.java	156	u
io/ktor/util/C4207.java	156	v
io/ktor/util/C4207.java	217	it
io/ktor/server/http/content/C4124.java	81	content
io/ktor/server/http/content/C4124.java	107	at_list
io/ktor/server/http/content/C4124.java	108	block
io/ktor/server/http/content/C4124.java	119	block
io/ktor/server/http/content/C4124.java	132	group
io/ktor/client/plugins/AbstractC3933.java	774	/cache/
io/ktor/client/plugins/AbstractC3933.java	808	/QStory
io/ktor/client/plugins/api/C3886.java	232	call
io/ktor/client/plugins/api/C3886.java	233	t
io/ktor/client/plugins/api/C3886.java	242	call
io/ktor/client/plugins/api/C3886.java	265	QStory
io/ktor/client/plugins/api/C3886.java	269	确定
io/ktor/client/plugins/api/C3886.java	280	确认
com/google/gson/internal/C3224.java	58	atType
com/google/gson/internal/C3224.java	82	content
com/google/android/material/textfield/ViewOnClickListenerC3183.java	144	GrabHb
com/google/android/material/textfield/ViewOnClickListenerC3183.java	161	delay
com/google/android/material/textfield/ViewOnClickListenerC3183.java	196	context
com/google/android/material/textfield/ViewOnClickListenerC3183.java	204	取消
com/google/android/material/textfield/ViewOnClickListenerC3183.java	206	保存
com/google/android/material/textfield/ViewOnClickListenerC3183.java	231	size
com/google/android/material/textfield/ViewOnClickListenerC3183.java	256	size
com/google/android/material/textfield/ViewOnClickListenerC3183.java	287	TAG
com/google/android/material/textfield/ViewOnClickListenerC3183.java	337	prefix
com/google/android/material/textfield/ViewOnClickListenerC3183.java	339	suffix
com/google/android/material/textfield/ViewOnClickListenerC3183.java	355	summary
com/google/android/material/textfield/ViewOnClickListenerC3183.java	387	发送
com/google/android/material/textfield/ViewOnClickListenerC3183.java	430	取消
com/google/android/material/textfield/ViewOnClickListenerC3183.java	454	取消
com/bumptech/glide/AbstractC3055.java	251	buffer
com/bumptech/glide/AbstractC3055.java	252	param
com/bumptech/glide/AbstractC3055.java	279	info
com/bumptech/glide/AbstractC3055.java	314	msgInfo
com/bumptech/glide/AbstractC3055.java	316	info
com/bumptech/glide/AbstractC3055.java	550	paused
com/bumptech/glide/AbstractC3056.java	314	default
com/bumptech/glide/AbstractC3056.java	315	id
com/bumptech/glide/AbstractC3056.java	319	token
com/bumptech/glide/AbstractC3056.java	320	key
com/bumptech/glide/AbstractC3056.java	953	default
com/bumptech/glide/AbstractC3056.java	954	id
com/bumptech/glide/AbstractC3056.java	958	token
com/bumptech/glide/AbstractC3056.java	959	key
com/bumptech/glide/AbstractC3056.java	960	type
com/bumptech/glide/AbstractC3056.java	968	0
com/bumptech/glide/AbstractC3056.java	972	default
com/bumptech/glide/AbstractC3056.java	973	id
com/bumptech/glide/AbstractC3056.java	978	key
com/bumptech/glide/AbstractC3056.java	979	type
com/bumptech/glide/AbstractC3057.java	164	 / 
com/bumptech/glide/AbstractC3057.java	703	cmd
com/bumptech/glide/AbstractC3065.java	653	MD5
com/bumptech/glide/AbstractC3066.java	357	FFD8FF
com/bumptech/glide/AbstractC3066.java	357	.jpg
com/bumptech/glide/AbstractC3066.java	357	89504E
com/bumptech/glide/AbstractC3066.java	357	.png
com/bumptech/glide/AbstractC3066.java	357	474946
com/bumptech/glide/AbstractC3066.java	357	.gif
com/bumptech/glide/AbstractC3066.java	357	49492A
com/bumptech/glide/AbstractC3066.java	357	.tif
com/bumptech/glide/AbstractC3066.java	357	424D
com/bumptech/glide/AbstractC3066.java	357	.bmp
com/bumptech/glide/AbstractC3066.java	357	414331
com/bumptech/glide/AbstractC3066.java	357	.dwg
com/bumptech/glide/AbstractC3066.java	362	http
com/bumptech/glide/AbstractC3066.java	387	/
com/bumptech/glide/AbstractC3066.java	389	.png
com/bumptech/glide/AbstractC3066.java	391	.
com/bumptech/glide/AbstractC3066.java	391	/
com/bumptech/glide/C3070.java	54	Params
com/bumptech/glide/C3070.java	82	Params
com/alibaba/fastjson2/AbstractC2905.java	145	name
com/alibaba/fastjson2/AbstractC2905.java	180	name
com/alibaba/fastjson2/AbstractC2905.java	187	id
com/alibaba/fastjson2/AbstractC2905.java	188	title
com/alibaba/fastjson2/AbstractC2905.java	190	action
com/alibaba/fastjson2/AbstractC2905.java	383	name
com/alibaba/fastjson2/AbstractC2905.java	463	name
com/alibaba/fastjson2/AbstractC2905.java	854	id
com/alibaba/fastjson2/AbstractC2905.java	855	title
com/alibaba/fastjson2/AbstractC2905.java	859	action
com/alibaba/fastjson2/AbstractC2905.java	860	key
com/alibaba/fastjson2/AbstractC2905.java	860	key
com/alibaba/fastjson2/AbstractC2905.java	865	id
com/alibaba/fastjson2/AbstractC2905.java	866	title
com/alibaba/fastjson2/AbstractC2905.java	869	action
com/alibaba/fastjson2/AbstractC2905.java	870	key
com/alibaba/fastjson2/AbstractC2905.java	870	key
com/alibaba/fastjson2/AbstractC2905.java	887	id
com/alibaba/fastjson2/AbstractC2905.java	888	title
com/alibaba/fastjson2/AbstractC2905.java	892	sender
com/alibaba/fastjson2/AbstractC2905.java	940	text
com/alibaba/fastjson2/AbstractC2905.java	942	block
com/alibaba/fastjson2/AbstractC2905.java	945	content
com/alibaba/fastjson2/AbstractC2905.java	946	isError
com/alibaba/fastjson2/AbstractC2905.java	952	name
com/alibaba/fastjson2/AbstractC2905.java	1111	<this>
com/alibaba/fastjson2/AbstractC2905.java	1113	name
androidx/activity/RunnableC0052.java	75	成功 
androidx/activity/RunnableC0052.java	75	 个
androidx/activity/RunnableC0052.java	77	 个
androidx/recyclerview/widget/C2473.java	372	target
androidx/fragment/app/RunnableC2346.java	125	delay
androidx/fragment/app/RunnableC2346.java	163	I
androidx/fragment/app/RunnableC2346.java	213	关闭
androidx/core/view/C2266.java	49	anim
androidx/core/view/C2266.java	60	anim
androidx/compose/foundation/C1048.java	169	2.0
androidx/compose/foundation/C1048.java	170	error
androidx/compose/foundation/C1048.java	171	id
androidx/compose/foundation/C1093.java	249	>
androidx/compose/ui/platform/RunnableC1898.java	174	START
androidx/compose/ui/platform/RunnableC1898.java	204	:
androidx/compose/ui/platform/RunnableC1898.java	205	time
androidx/compose/ui/platform/RunnableC1898.java	207	END
androidx/compose/ui/platform/RunnableC1898.java	226	doStep
androidx/compose/ui/platform/RunnableC1898.java	290	.jpg
androidx/compose/ui/platform/RunnableC1898.java	290	.jpeg
androidx/compose/ui/platform/RunnableC1898.java	290	.png
androidx/compose/ui/platform/RunnableC1898.java	290	.gif
androidx/compose/ui/platform/RunnableC1898.java	290	.bmp
androidx/compose/ui/platform/RunnableC1898.java	290	.tif
androidx/compose/ui/platform/RunnableC1898.java	290	.tiff
androidx/compose/ui/platform/RunnableC1898.java	290	.webp
androidx/compose/ui/platform/RunnableC1898.java	324	)\n
androidx/compose/ui/platform/RunnableC1898.java	329	.
androidx/compose/ui/platform/RunnableC1898.java	364	user
androidx/compose/ui/platform/RunnableC1898.java	373	login
androidx/compose/runtime/snapshots/C1281.java	45	message
androidx/compose/foundation/draganddrop/AbstractC0455.java	260	cmd
androidx/compose/foundation/draganddrop/AbstractC0455.java	262	data
androidx/compose/foundation/draganddrop/AbstractC0455.java	278	cmd
androidx/compose/foundation/draganddrop/AbstractC0455.java	279	data
androidx/compose/foundation/text/C0981.java	264	无
androidx/compose/foundation/text/C0981.java	266	标签:
androidx/compose/foundation/text/C0981.java	267	无
androidx/compose/foundation/text/C0984.java	116	it
androidx/compose/foundation/text/C0984.java	226	2.6.3 (
androidx/compose/foundation/text/C0984.java	295	key
androidx/compose/foundation/text/C0984.java	297	args
androidx/compose/foundation/text/C0984.java	299	value
androidx/compose/foundation/text/C0984.java	307	key
androidx/compose/foundation/text/C0984.java	309	args
androidx/compose/foundation/text/C0984.java	311	value
androidx/compose/foundation/text/C0984.java	319	key
androidx/compose/foundation/text/C0984.java	321	args
androidx/compose/foundation/text/C0984.java	323	value
androidx/compose/foundation/text/C0984.java	331	key
androidx/compose/foundation/text/C0984.java	333	args
androidx/compose/foundation/text/C0984.java	335	value
androidx/compose/foundation/text/C0984.java	343	key
androidx/compose/foundation/text/C0984.java	345	args
androidx/compose/foundation/text/C0984.java	347	value
androidx/compose/foundation/text/C0984.java	355	key
androidx/compose/foundation/text/C0984.java	357	args
androidx/compose/foundation/text/C0984.java	366	key
androidx/compose/foundation/text/C0984.java	368	args
androidx/compose/foundation/text/C0984.java	379	key
androidx/compose/foundation/text/C0984.java	381	args
androidx/compose/foundation/text/C0984.java	390	key
androidx/compose/foundation/text/C0984.java	392	args
androidx/compose/foundation/text/C0984.java	401	key
androidx/compose/foundation/text/C0984.java	403	args
androidx/compose/foundation/text/C0984.java	412	key
androidx/compose/foundation/text/C0984.java	414	args
androidx/compose/foundation/text/C0984.java	417	value
androidx/compose/foundation/text/C0984.java	426	userUin
androidx/compose/foundation/text/C0984.java	428	path
androidx/compose/foundation/text/C0984.java	438	userUin
androidx/compose/foundation/text/C0984.java	440	path
androidx/compose/foundation/text/C0984.java	450	userUin
androidx/compose/foundation/text/C0984.java	452	path
androidx/compose/foundation/text/C0984.java	462	userUin
androidx/compose/foundation/text/C0984.java	464	content
androidx/compose/foundation/text/C0984.java	474	userUin
androidx/compose/foundation/text/C0984.java	486	userUin
androidx/compose/foundation/text/C0984.java	488	path
androidx/compose/foundation/text/input/internal/RunnableC0876.java	54	<this>
androidx/compose/foundation/lazy/layout/C0679.java	99	adapter
androidx/compose/foundation/lazy/layout/C0679.java	106	summary
androidx/compose/foundation/lazy/layout/C0679.java	108	storeID
androidx/appcompat/app/C0108.java	548	/
androidx/appcompat/app/HandlerC0103.java	29	ss.SSS
androidx/appcompat/app/HandlerC0103.java	53	END
androidx/appcompat/app/HandlerC0103.java	56	START
androidx/appcompat/app/HandlerC0103.java	79	.
androidx/appcompat/app/HandlerC0103.java	79	s
androidx/appcompat/app/RunnableC0099.java	183	|
androidx/appcompat/app/RunnableC0099.java	186	\|
androidx/appcompat/app/RunnableC0099.java	234	img
androidx/appcompat/app/RunnableC0099.java	234	/
androidx/appcompat/app/RunnableC0099.java	280	&yx=
androidx/appcompat/app/RunnableC0099.java	282	->
androidx/appcompat/app/RunnableC0099.java	323	&name=
androidx/appcompat/app/RunnableC0099.java	325	&skey=
androidx/appcompat/app/RunnableC0099.java	327	&uin=
androidx/appcompat/app/ViewOnClickListenerC0070.java	35	contact
androidx/appcompat/app/ViewOnClickListenerC0070.java	83	msgId
